/*
SQLyog Enterprise - MySQL GUI v6.1
MySQL - 5.0.45-community-nt-log : Database - bioportal
*********************************************************************
*/

/*!40101 SET NAMES utf8 */;

/*!40101 SET SQL_MODE=''*/;

create database if not exists `bioportal`;

USE `bioportal`;

/*!40014 SET @OLD_FOREIGN_KEY_CHECKS=@@FOREIGN_KEY_CHECKS, FOREIGN_KEY_CHECKS=0 */;
/*!40101 SET @OLD_SQL_MODE=@@SQL_MODE, SQL_MODE='NO_AUTO_VALUE_ON_ZERO' */;

/*Data for the table `ncbo_admin_application` */

insert  into `ncbo_admin_application`(`id`,`application_id`,`application_name`,`application_description`) values (1,'4ea81d74-8960-4525-810b-fa1baab576ff','NcboBioPortal','NCBO Ruby on Rails based BioPortal GUI implementation');

/*Data for the table `ncbo_app_text` */

/*Data for the table `ncbo_app_text_revision` */

/*Data for the table `ncbo_l_additional_metadata` */

/*Data for the table `ncbo_l_app_text_datatype` */

insert  into `ncbo_l_app_text_datatype`(`datatype_code`,`datatype`) values ('DAT','Date'),('LTX','Long Text'),('NUM','Numeric'),('RTX','Rich Text'),('TXT','Short Text (one line)');

/*Data for the table `ncbo_l_category` */

insert  into `ncbo_l_category`(`id`,`name`,`parent_category_id`) values (2801,'Other',NULL),(2802,'Chemical',NULL),(2803,'Development',NULL),(2804,'Ethology',NULL),(2805,'Experimental Conditions',NULL),(2806,'Genomic and Proteomic',NULL),(2807,'Phenotype',NULL),(2808,'Taxonomic Classification',NULL),(2809,'Vocabularies',NULL),(2810,'Anatomy',NULL),(2811,'Gross Anatomy',2810),(2812,'Animal Gross Anatomy',2811),(2813,'Fish Anatomy',2812),(2814,'Human Developmental Anatomy',2812),(2815,'Microbial Anatomy',2811),(2816,'Plant Anatomy',2811),(2817,'Mouse Anatomy',2812),(2818,'Animal Development',2803),(2819,'Plant Development',2803),(2820,'Gene Product',2806),(2821,'Protein',2820),(5057,'Imaging',NULL);

/*Data for the table `ncbo_l_role` */

insert  into `ncbo_l_role`(`id`,`name`,`description`) values (2822,'ROLE_DEVELOPER','Can develop ontologies'),(2823,'ROLE_LIBRARIAN','Can validate Ontologies'),(2824,'ROLE_ADMINISTRATOR','Has administration priveleges');

/*Data for the table `ncbo_l_status` */

insert  into `ncbo_l_status`(`id`,`status`,`description`) values (1,'Waiting','The action has not been taken'),(2,'Parsing','The action is in progress'),(3,'Ready','The action has completed successfully'),(4,'Error','The action has encountered an error while executing'),(5,'Not Applicable','The action does not apply to this record');

/*Data for the table `ncbo_ontology_additional_metadata` */

/*Data for the table `ncbo_ontology_category` */

insert  into `ncbo_ontology_category`(`id`,`ontology_version_id`,`category_id`) values (5746,2854,2817),(5672,2861,2816),(5644,2868,2810),(5767,2882,2807),(5805,2890,2806),(5788,2899,2810),(5666,2908,2810),(30376,2916,2802),(5838,2927,2815),(5724,2935,2807),(5749,2944,2817),(5690,2952,2806),(5693,2961,2810),(5695,2970,2807),(5769,2991,2802),(5687,2996,2810),(5684,3004,2818),(5698,3011,2809),(4974,3020,2801),(5707,3026,2815),(5715,3036,2801),(5718,3041,2814),(5721,3049,2814),(5654,3057,2805),(5727,3066,2804),(3077,3074,2807),(5755,3083,2806),(5734,3093,2813),(5737,3110,2805),(5740,3116,2806),(5743,3125,2810),(5752,3134,2807),(13587,3145,2809),(5758,3155,2801),(29394,3164,2805),(5791,3171,2806),(5808,3180,2807),(31687,3186,2807),(5811,3198,2819),(32400,3205,2806),(3218,3215,2821),(5817,3222,2821),(5761,3231,2810),(5771,3238,2802),(5825,3247,2805),(6765,3254,2806),(5831,3263,2802),(5669,3269,2819),(5662,3278,2812),(5663,3278,2818),(31662,3285,2818),(5729,3294,2816),(5833,3303,2813),(11649,3905,2806),(11650,3905,2821),(5701,4513,2810),(5798,4519,2801),(5710,4525,2801),(5863,4531,2811),(5823,4537,5057),(11236,4877,2806),(14183,4949,2801),(14181,4949,2808),(14182,4949,2809),(14180,4949,2810),(5860,5249,2809),(8125,8056,2805),(14237,8102,2802),(14238,8102,2806),(14239,8102,2807),(15463,12909,2821),(13309,13305,2810),(15969,13410,2801),(27181,13418,2807),(13429,13426,2801),(14395,14391,2810),(31659,18615,2806),(18890,18887,2801),(28678,20845,2806),(28705,20855,2806),(28697,20867,2806),(28689,20875,2806),(25579,23466,2805),(24199,24194,2807),(24907,24903,2810),(24925,24922,2801),(31036,24941,2813),(28617,26107,2801),(26152,26136,2806),(29550,26952,2801),(29549,26952,2802),(28103,28096,2804),(28104,28096,2805),(28105,28096,2806),(28108,28096,2807),(28109,28096,2808),(28100,28096,2810),(28101,28096,2812),(28102,28096,2818),(28106,28096,2821),(28107,28096,5057),(28574,28560,2809),(28905,28826,2806),(28841,28837,2809),(29172,29169,2806),(29769,29684,2810),(29770,29684,5057),(31653,29935,2810),(29961,29957,2810),(29985,29981,2807),(30006,30003,2801),(30064,30061,2801),(30085,30081,2807),(31096,30096,2810),(30657,30654,5057),(30663,30660,5057),(30685,30682,5057),(31235,31231,2801);

/*Data for the table `ncbo_ontology_file` */

insert  into `ncbo_ontology_file`(`id`,`ontology_version_id`,`filename`) values (2855,2854,'adult_mouse_anatomy.obo'),(2862,2861,'po_anatomy.obo'),(2883,2882,'quality.obo'),(2891,2890,'gene_ontology.obo'),(2900,2899,'BrendaTissue.obo'),(2909,2908,'cell.obo'),(2917,2916,'chebi.obo'),(2928,2927,'dictyostelium_anatomy.obo'),(2936,2935,'human_disease.obo'),(2945,2944,'EMAP.obo'),(2953,2952,'event.obo'),(2962,2961,'evidence_code.obo'),(2973,2970,'anatomicalsystem.obo'),(2974,2970,'associatedwith.obo'),(2975,2970,'celltype.obo'),(2972,2970,'COPYRIGHT'),(2976,2970,'developmentstage.obo'),(2971,2970,'evoc.obo.tar'),(2977,2970,'experimentaltechnique.obo'),(2978,2970,'microarrayplatform.obo'),(2979,2970,'pathology.obo'),(2980,2970,'pooling.obo'),(2981,2970,'tissuepreparation.obo'),(2982,2970,'treatment.obo'),(2992,2991,'fix.obo'),(2997,2996,'fly_anatomy.obo'),(3005,3004,'fly_development.obo'),(3012,3011,'flybase_controlled_vocabulary.obo'),(3027,3026,'fungal_anatomy.obo'),(3042,3041,'human-dev-anat-abstract.obo'),(3050,3049,'human-dev-anat-staged.obo'),(3058,3057,'image.obo'),(3075,3074,'mammalian_phenotype.obo'),(3084,3083,'mao.obo'),(3094,3093,'medaka_ontology.obo'),(3117,3116,'molecule_role.obo'),(3126,3125,'mosquito_anatomy.obo'),(3135,3134,'mouse_pathology.obo'),(3481,3145,'Thesaurus.owl'),(3172,3171,'pathway.obo'),(3181,3180,'environment_ontology.obo'),(3187,3186,'plant_trait.obo'),(3199,3198,'po_temporal.obo'),(3206,3205,'ProPreO.owl'),(3216,3215,'psi-mi.obo'),(3223,3222,'psi-mod.obo'),(3232,3231,'relationship.obo'),(3239,3238,'rex.obo'),(3255,3254,'so.obo'),(3270,3269,'cereals_development.obo'),(3286,3285,'worm_development.obo'),(3295,3294,'zea_mays_anatomy.obo'),(3304,3303,'zebrafish_anatomy.obo'),(3577,3576,'gene_ontology.obo'),(3580,3579,'BrendaTissue.obo'),(3583,3582,'mammalian_phenotype.obo'),(3587,3586,'psi-mi.obo'),(3590,3589,'psi-mod.obo'),(3594,3593,'so.obo'),(3906,3905,'po.owl'),(4514,4513,'FMA.pprj'),(4520,4519,'amino-acid.owl'),(4526,4525,'galen.owl'),(4532,4531,'basic-vertebrate-gross-anatomy.owl'),(4539,4537,'radlex.pprj'),(4540,4537,'radlex.xml'),(4538,4537,'radlex_frames.zip'),(4546,4545,'quality.obo'),(4549,4548,'gene_ontology.obo'),(4552,4551,'BrendaTissue.obo'),(4555,4554,'chebi.obo'),(4559,4558,'dictyostelium_anatomy.obo'),(4562,4561,'flybase_controlled_vocabulary.obo'),(4565,4564,'mammalian_phenotype.obo'),(4569,4568,'pathway.obo'),(4572,4571,'psi-mi.obo'),(4575,4574,'psi-mod.obo'),(4579,4578,'rex.obo'),(4582,4581,'so.obo'),(4585,4584,'zebrafish_anatomy.obo'),(4878,4877,'snpontology_full.owl'),(4887,4886,'Thesaurus.owl'),(4950,4949,'problem-oriented-medical-record.owl'),(5268,5249,'icd9.zip'),(5959,5958,'adult_mouse_anatomy.obo'),(5962,5961,'po_anatomy.obo'),(5965,5964,'quality.obo'),(5968,5967,'gene_ontology.obo'),(5972,5971,'BrendaTissue.obo'),(5975,5974,'flybase_controlled_vocabulary.obo'),(5979,5978,'mammalian_phenotype.obo'),(6677,6676,'snpontology_full.owl'),(6724,6723,'snpontology_full.owl'),(8058,8056,'AssayOntology.owl'),(8059,8056,'AssayOntology.owl.forms'),(8060,8056,'AssayOntology.pprj'),(8061,8056,'AssayOntology.repository'),(8062,8056,'ClinicalTrialOntology.owl'),(8063,8056,'ClinicalTrialOntology.owl.forms'),(8064,8056,'ClinicalTrialOntology.pprj'),(8065,8056,'ClinicalTrialOntology.repository'),(8066,8056,'ConstraintExpressionOntology.owl'),(8067,8056,'ConstraintExpressionOntology.owl.forms'),(8068,8056,'ConstraintExpressionOntology.pprj'),(8069,8056,'ConstraintExpressionOntology.repository'),(8057,8056,'Epoch.zip'),(8070,8056,'LabwareOntology.owl'),(8071,8056,'LabwareOntology.owl.forms'),(8072,8056,'LabwareOntology.pprj'),(8073,8056,'LabwareOntology.repository'),(8074,8056,'MeasurementOntology.owl'),(8075,8056,'MeasurementOntology.owl.forms'),(8076,8056,'MeasurementOntology.pprj'),(8077,8056,'MeasurementOntology.repository'),(8078,8056,'OrganizationOntology.owl'),(8079,8056,'OrganizationOntology.owl.forms'),(8080,8056,'OrganizationOntology.pprj'),(8081,8056,'OrganizationOntology.repository'),(8082,8056,'ProtocolOntology.owl'),(8083,8056,'ProtocolOntology.owl.forms'),(8084,8056,'ProtocolOntology.pprj'),(8085,8056,'ProtocolOntology.repository'),(8103,8102,'sopharm.owl'),(12548,12547,'snpontology_full.owl'),(12849,12848,'ProPreO.owl'),(13210,13209,'sopharm.owl'),(13288,13287,'adult_mouse_anatomy.obo'),(13291,13290,'po_anatomy.obo'),(13294,13293,'quality.obo'),(13297,13296,'gene_ontology.obo'),(13301,13300,'BrendaTissue.obo'),(13306,13305,'caro.obo'),(13313,13312,'cell.obo'),(13316,13315,'chebi.obo'),(13321,13320,'dictyostelium_anatomy.obo'),(13324,13323,'EMAP.obo'),(13328,13327,'event.obo'),(13331,13330,'evidence_code.obo'),(13335,13334,'fly_anatomy.obo'),(13339,13338,'fly_development.obo'),(13343,13342,'fly_taxonomy.obo'),(13349,13348,'flybase_controlled_vocabulary.obo'),(13353,13352,'human-dev-anat-abstract.obo'),(13357,13356,'human-dev-anat-staged.obo'),(13362,13361,'mammalian_phenotype.obo'),(13365,13364,'molecule_role.obo'),(13370,13369,'pathway.obo'),(13375,13374,'plant_trait.obo'),(13380,13379,'po_temporal.obo'),(13387,13386,'ProPreO.owl'),(13390,13389,'psi-mi.obo'),(13395,13394,'psi-mod.obo'),(13398,13397,'rex.obo'),(13401,13400,'so.obo'),(13405,13404,'cereals_development.obo'),(13419,13418,'unit.obo'),(13579,13578,'Thesaurus.owl'),(14017,14016,'gene_ontology.obo'),(14022,14021,'mammalian_phenotype.obo'),(14027,14026,'pathway.obo'),(14032,14031,'psi-mi.obo'),(14036,14035,'so.obo'),(14175,14174,'problem-oriented-medical-record.owl'),(14392,14391,'SAO.owl'),(15727,15726,'adult_mouse_anatomy.obo'),(15730,15729,'quality.obo'),(15733,15732,'BrendaTissue.obo'),(15736,15735,'chebi.obo'),(15741,15740,'dictyostelium_anatomy.obo'),(15746,15745,'envo.obo'),(15752,15751,'event.obo'),(15757,15756,'evidence_code.obo'),(15762,15761,'mammalian_phenotype.obo'),(15765,15764,'molecule_role.obo'),(15769,15768,'mosquito_anatomy.obo'),(15774,15773,'pathway.obo'),(15779,15778,'psi-mi.obo'),(15783,15782,'so.obo'),(15793,15792,'zebrafish_anatomy.obo'),(15987,15986,'psi-mi.obo'),(16023,16022,'mammalian_phenotype.obo'),(16030,16029,'psi-mi.obo'),(16033,16032,'so.obo'),(16081,16080,'quality.obo'),(16090,16089,'psi-mi.obo'),(16093,16092,'so.obo'),(16191,16190,'mammalian_phenotype.obo'),(16196,16195,'pathway.obo'),(16199,16198,'plant_trait.obo'),(16204,16203,'psi-mi.obo'),(16208,16207,'so.obo'),(16241,16240,'mammalian_phenotype.obo'),(16248,16247,'psi-mi.obo'),(16275,16274,'psi-mi.obo'),(16330,16329,'psi-mi.obo'),(16348,16347,'envo.obo'),(16356,16355,'psi-mi.obo'),(16359,16358,'so.obo'),(16403,16402,'envo.obo'),(16411,16410,'psi-mi.obo'),(16414,16413,'so.obo'),(16514,16513,'psi-mi.obo'),(16552,16551,'psi-mi.obo'),(16555,16554,'so.obo'),(16588,16587,'psi-mi.obo'),(16606,16605,'psi-mi.obo'),(16625,16624,'psi-mi.obo'),(16628,16627,'so.obo'),(16675,16674,'pathway.obo'),(16680,16679,'psi-mi.obo'),(16737,16736,'psi-mi.obo'),(16740,16739,'zebrafish_anatomy.obo'),(16778,16777,'quality.obo'),(16787,16786,'psi-mi.obo'),(16867,16866,'psi-mi.obo'),(16890,16889,'psi-mi.obo'),(16958,16957,'psi-mi.obo'),(17056,17055,'envo.obo'),(17064,17063,'psi-mi.obo'),(17099,17098,'dictyostelium_anatomy.obo'),(17502,17501,'quality.obo'),(17930,17929,'chebi.obo'),(17934,17933,'human_disease.obo'),(17940,17939,'pathway.obo'),(17943,17942,'plant_trait.obo'),(17949,17948,'psi-mi.obo'),(17952,17951,'so.obo'),(18024,18023,'psi-mi.obo'),(18086,18085,'plant_trait.obo'),(18091,18090,'psi-mi.obo'),(18135,18134,'quality.obo'),(18144,18143,'psi-mi.obo'),(18187,18186,'envo.obo'),(18195,18194,'psi-mi.obo'),(18198,18197,'so.obo'),(18242,18241,'psi-mi.obo'),(18285,18284,'psi-mi.obo'),(18473,18472,'psi-mi.obo'),(18551,18550,'psi-mi.obo'),(18616,18615,'gene_ontology_edit.obo'),(18623,18622,'envo.obo'),(18631,18630,'psi-mi.obo'),(18679,18678,'quality.obo'),(18682,18681,'gene_ontology_edit.obo'),(18691,18690,'psi-mi.obo'),(18695,18694,'so.obo'),(18747,18746,'quality.obo'),(18750,18749,'gene_ontology_edit.obo'),(18759,18758,'psi-mi.obo'),(18794,18793,'gene_ontology_edit.obo'),(18803,18802,'psi-mi.obo'),(18816,18815,'gene_ontology_edit.obo'),(18825,18824,'psi-mi.obo'),(18884,18883,'gene_ontology_edit.obo'),(18898,18897,'psi-mi.obo'),(18949,18948,'gene_ontology_edit.obo'),(18958,18957,'psi-mi.obo'),(18961,18960,'psi-mod.obo'),(19154,19153,'quality.obo'),(19157,19156,'gene_ontology_edit.obo'),(19162,19161,'mammalian_phenotype.obo'),(19169,19168,'psi-mi.obo'),(19257,19256,'gene_ontology_edit.obo'),(19260,19259,'chebi.obo'),(19265,19264,'mammalian_phenotype.obo'),(19272,19271,'psi-mi.obo'),(19276,19275,'so.obo'),(19394,19393,'gene_ontology_edit.obo'),(19399,19398,'mammalian_phenotype.obo'),(19408,19407,'psi-mi.obo'),(19483,19482,'gene_ontology_edit.obo'),(19492,19491,'psi-mi.obo'),(19519,19518,'gene_ontology_edit.obo'),(19524,19523,'mammalian_phenotype.obo'),(19531,19530,'psi-mi.obo'),(19645,19644,'gene_ontology_edit.obo'),(19654,19653,'psi-mi.obo'),(19693,19692,'quality.obo'),(19696,19695,'gene_ontology_edit.obo'),(19705,19704,'psi-mi.obo'),(19709,19708,'so.obo'),(19819,19818,'gene_ontology_edit.obo'),(19828,19827,'psi-mi.obo'),(19956,19955,'gene_ontology_edit.obo'),(19965,19964,'psi-mi.obo'),(20015,20014,'gene_ontology_edit.obo'),(20024,20023,'psi-mi.obo'),(20121,20120,'gene_ontology_edit.obo'),(20130,20129,'psi-mi.obo'),(20164,20163,'gene_ontology_edit.obo'),(20169,20168,'mammalian_phenotype.obo'),(20176,20175,'psi-mi.obo'),(20261,20260,'gene_ontology_edit.obo'),(20270,20269,'psi-mi.obo'),(20329,20328,'gene_ontology_edit.obo'),(20333,20332,'fly_anatomy.obo'),(20341,20340,'psi-mi.obo'),(20403,20402,'gene_ontology_edit.obo'),(20412,20411,'psi-mi.obo'),(20609,20608,'quality.obo'),(20612,20611,'gene_ontology_edit.obo'),(20621,20620,'psi-mi.obo'),(20625,20624,'so.obo'),(20725,20724,'gene_ontology_edit.obo'),(20734,20733,'psi-mi.obo'),(20737,20736,'so.obo'),(20767,20766,'gene_ontology_edit.obo'),(20776,20775,'psi-mi.obo'),(20802,20801,'gene_ontology_edit.obo'),(20811,20810,'psi-mi.obo'),(20846,20845,'cco_A_thaliana.obo'),(20856,20855,'cco_S_pombe.obo'),(20868,20867,'cco_S_cerevisiae.obo'),(20876,20875,'cco_H_sapiens.obo'),(21039,21038,'gene_ontology_edit.obo'),(21048,21047,'psi-mi.obo'),(21135,21134,'gene_ontology_edit.obo'),(21139,21138,'evidence_code.obo'),(21147,21146,'psi-mi.obo'),(21238,21237,'gene_ontology_edit.obo'),(21247,21246,'psi-mi.obo'),(21250,21249,'so.obo'),(21278,21275,'radlex.pprj'),(21277,21275,'radlex_2.0.xml'),(21276,21275,'radlex_frames.zip'),(21394,21393,'cco_S_pombe.obo'),(21402,21401,'cco_S_cerevisiae.obo'),(21410,21409,'cco_H_sapiens.obo'),(21416,21415,'cco_A_thaliana.obo'),(21723,21722,'cco_A_thaliana.obo'),(21730,21729,'cco_H_sapiens.obo'),(21737,21736,'cco_S_cerevisiae.obo'),(21744,21743,'cco_S_pombe.obo'),(21980,21979,'cco_H_sapiens.obo'),(21988,21987,'cco_A_thaliana.obo'),(21993,21992,'cco_S_cerevisiae.obo'),(21998,21997,'cco_S_pombe.obo'),(22797,22796,'quality.obo'),(22799,22798,'gene_ontology_edit.obo'),(22802,22801,'chebi.obo'),(22808,22807,'envo.obo'),(22810,22809,'evidence_code.obo'),(22816,22815,'mammalian_phenotype.obo'),(22826,22824,'pathway.obo'),(22841,22840,'psi-mi.obo'),(22864,22863,'so.obo'),(22872,22870,'unit.obo'),(22882,22871,'unit.obo'),(22874,22873,'unit.obo'),(22968,22967,'gene_ontology_edit.obo'),(22970,22969,'gene_ontology_edit.obo'),(22986,22985,'psi-mi.obo'),(22994,22993,'so.obo'),(22996,22995,'so.obo'),(23080,23079,'gene_ontology_edit.obo'),(23083,23082,'envo.obo'),(23088,23087,'mammalian_phenotype.obo'),(23107,23106,'psi-mi.obo'),(23346,23345,'gene_ontology_edit.obo'),(23361,23360,'psi-mi.obo'),(23364,23363,'psi-mi.obo'),(23468,23466,'cancer.owl'),(23469,23466,'clinical.owl'),(23467,23466,'ontology of clinical research.zip'),(23470,23466,'research.owl'),(23471,23466,'Start-Here.owl'),(23472,23466,'trials.owl'),(23533,23532,'gene_ontology_edit.obo'),(23537,23536,'envo.obo'),(23554,23553,'psi-mi.obo'),(23557,23556,'psi-mi.obo'),(23752,23751,'gene_ontology_edit.obo'),(23756,23755,'envo.obo'),(23771,23770,'psi-mi.obo'),(23775,23774,'so.obo'),(23883,23882,'gene_ontology_edit.obo'),(23886,23885,'envo.obo'),(23892,23891,'mammalian_phenotype.obo'),(23904,23903,'psi-mi.obo'),(23909,23908,'so.obo'),(24086,24085,'gene_ontology_edit.obo'),(24091,24090,'mammalian_phenotype.obo'),(24102,24101,'psi-mi.obo'),(24186,24185,'po_anatomy.obo'),(24188,24187,'gene_ontology_edit.obo'),(24195,24194,'mosquito_insecticide_resistance.obo'),(24214,24213,'psi-mi.obo'),(24228,24227,'psi-mi.obo'),(24303,24302,'gene_ontology_edit.obo'),(24310,24309,'mammalian_phenotype.obo'),(24312,24311,'mammalian_phenotype.obo'),(24325,24324,'psi-mi.obo'),(24469,24468,'quality.obo'),(24472,24471,'gene_ontology_edit.obo'),(24483,24482,'psi-mi.obo'),(24583,24581,'gene_ontology_edit.obo'),(24586,24585,'gene_ontology_edit.obo'),(24589,24588,'evidence_code.obo'),(24602,24601,'psi-mi.obo'),(24608,24607,'so.obo'),(24802,24801,'gene_ontology_edit.obo'),(24815,24814,'psi-mi.obo'),(24820,24819,'so.obo'),(24824,24823,'worm_development.obo'),(24904,24903,'spatial.obo'),(24943,24941,'teleost_anatomy.obo'),(24949,24948,'teleost_taxonomy.obo'),(25089,25088,'gene_ontology_edit.obo'),(25091,25090,'gene_ontology_edit.obo'),(25093,25092,'chebi.obo'),(25095,25094,'chebi.obo'),(25101,25100,'mosquito_insecticide_resistance.obo'),(25124,25122,'so.obo'),(25131,25130,'teleost_anatomy.obo'),(25149,25148,'worm_development.obo'),(25245,25244,'quality.obo'),(25248,25247,'gene_ontology_edit.obo'),(25252,25251,'evidence_code.obo'),(25257,25256,'mosquito_insecticide_resistance.obo'),(25273,25272,'teleost_taxonomy.obo'),(25362,25361,'gene_ontology_edit.obo'),(25367,25366,'mosquito_insecticide_resistance.obo'),(25472,25471,'gene_ontology_edit.obo'),(25478,25477,'mosquito_insecticide_resistance.obo'),(26108,26107,'SoftwareResourceOntology.obo'),(26137,26136,'GeneRegulationOntology.owl'),(26953,26952,'npo-0.9.2.owl'),(27484,27483,'cco_A_thaliana.obo'),(27492,27491,'cco_H_sapiens.obo'),(27497,27496,'cco_S_cerevisiae.obo'),(27519,27518,'cco_S_pombe.obo'),(28097,28096,'nif.owl'),(28561,28560,'GlucoseMetabolismDisorder.owl'),(28673,28672,'cco_A_thaliana.obo'),(28684,28683,'cco_H_sapiens.obo'),(28692,28691,'cco_S_cerevisiae.obo'),(28700,28699,'cco_S_pombe.obo'),(28827,28826,'susgene_bulid7.owl'),(28838,28837,'GeographicalRegion.owl'),(29532,29531,'npo-0.9.2.owl'),(29685,29684,'BIRNLex.owl'),(29931,29930,'adult_mouse_anatomy.obo'),(29936,29935,'amphibian_anatomy.obo'),(29944,29943,'quality.obo'),(29949,29948,'gene_ontology_edit.obo'),(29953,29952,'spatial.obo'),(29958,29957,'spider_comparative_biology.obo'),(29967,29966,'chebi.obo'),(29973,29972,'dictyostelium_anatomy.obo'),(29977,29976,'human_disease.obo'),(29982,29981,'infectious_disease.obo'),(29989,29988,'envo.obo'),(30015,30014,'mammalian_phenotype.obo'),(30018,30017,'mosquito_anatomy.obo'),(30022,30021,'mosquito_insecticide_resistance.obo'),(30038,30037,'environment_ontology.obo'),(30043,30042,'plant_trait.obo'),(30050,30049,'po_anatomy.obo'),(30068,30067,'so.obo'),(30074,30073,'teleost_anatomy.obo'),(30078,30077,'teleost_taxonomy.obo'),(30082,30081,'transmission_process.obo'),(30097,30096,'xenopus_anatomy.obo'),(30309,30308,'gene_ontology_edit.obo'),(30312,30311,'chebi.obo'),(30323,30322,'mammalian_phenotype.obo'),(30328,30327,'mosquito_insecticide_resistance.obo'),(30333,30332,'plant_trait.obo'),(30339,30338,'po_anatomy.obo'),(30343,30342,'so.obo'),(30488,30487,'gene_ontology_edit.obo'),(30493,30492,'mosquito_insecticide_resistance.obo'),(30498,30497,'plant_trait.obo'),(30502,30501,'so.obo'),(30548,30547,'quality.obo'),(30551,30550,'gene_ontology_edit.obo'),(30556,30555,'mammalian_phenotype.obo'),(30559,30558,'mosquito_insecticide_resistance.obo'),(30565,30564,'plant_trait.obo'),(30596,30595,'gene_ontology_edit.obo'),(30601,30600,'mammalian_phenotype.obo'),(30604,30603,'mosquito_insecticide_resistance.obo'),(30667,30666,'gene_ontology_edit.obo'),(30672,30671,'mosquito_insecticide_resistance.obo'),(30815,30814,'gene_ontology_edit.obo'),(30820,30819,'mosquito_insecticide_resistance.obo'),(30826,30825,'teleost_anatomy.obo'),(30908,30907,'amphibian_anatomy.obo'),(30911,30910,'gene_ontology_edit.obo'),(30916,30915,'mosquito_insecticide_resistance.obo'),(30922,30921,'plant_trait.obo'),(31011,31010,'gene_ontology_edit.obo'),(31016,31015,'mosquito_insecticide_resistance.obo'),(31022,31021,'xenopus_anatomy.obo'),(31109,31108,'gene_ontology_edit.obo'),(31114,31113,'mammalian_phenotype.obo'),(31117,31116,'mosquito_insecticide_resistance.obo'),(31122,31121,'plant_trait.obo'),(31127,31126,'so.obo'),(31131,31130,'teleost_taxonomy.obo'),(31134,31133,'xenopus_anatomy.obo'),(31188,31187,'gene_ontology_edit.obo'),(31193,31192,'mosquito_insecticide_resistance.obo'),(31198,31197,'plant_trait.obo'),(31232,31231,'african_medicine'),(31260,31259,'gene_ontology_edit.obo'),(31265,31264,'mosquito_insecticide_resistance.obo'),(31336,31335,'gene_ontology_edit.obo'),(31341,31340,'mosquito_insecticide_resistance.obo'),(31457,31456,'gene_ontology_edit.obo'),(31461,31460,'envo.obo'),(31465,31464,'mammalian_phenotype.obo'),(31468,31467,'mosquito_insecticide_resistance.obo'),(31577,31576,'gene_ontology_edit.obo'),(31583,31582,'mosquito_insecticide_resistance.obo'),(31762,31761,'gene_ontology_edit.obo'),(31767,31766,'mosquito_insecticide_resistance.obo'),(31828,31827,'quality.obo'),(31831,31830,'gene_ontology_edit.obo'),(31836,31835,'mammalian_phenotype.obo'),(31840,31839,'mosquito_insecticide_resistance.obo'),(31846,31845,'xenopus_anatomy.obo'),(31924,31923,'gene_ontology_edit.obo'),(31928,31927,'evidence_code.obo'),(31932,31931,'mosquito_insecticide_resistance.obo'),(31938,31937,'so.obo'),(31942,31941,'teleost_anatomy.obo'),(31945,31944,'teleost_taxonomy.obo'),(32000,31999,'gene_ontology_edit.obo'),(32005,32004,'mosquito_insecticide_resistance.obo'),(32064,32063,'gene_ontology_edit.obo'),(32068,32067,'envo.obo'),(32071,32070,'evidence_code.obo'),(32075,32074,'mosquito_insecticide_resistance.obo'),(32146,32145,'african_medicine'),(32160,32159,'gene_ontology_edit.obo'),(32165,32164,'mosquito_insecticide_resistance.obo'),(32171,32170,'teleost_anatomy.obo'),(32276,32275,'gene_ontology_edit.obo'),(32280,32279,'envo.obo'),(32284,32283,'mammalian_phenotype.obo'),(32287,32286,'mosquito_insecticide_resistance.obo'),(32294,32293,'teleost_taxonomy.obo'),(32473,32472,'gene_ontology_edit.obo'),(32478,32477,'mammalian_phenotype.obo'),(32481,32480,'mosquito_anatomy.obo'),(32484,32483,'mosquito_insecticide_resistance.obo'),(32491,32490,'teleost_anatomy.obo'),(32625,32624,'quality.obo'),(32628,32627,'gene_ontology_edit.obo'),(32633,32632,'mosquito_anatomy.obo'),(32636,32635,'mosquito_insecticide_resistance.obo'),(32643,32642,'teleost_anatomy.obo'),(32732,32731,'gene_ontology_edit.obo'),(32737,32736,'mosquito_insecticide_resistance.obo'),(32743,32742,'teleost_taxonomy.obo'),(32815,32814,'gene_ontology_edit.obo'),(32820,32819,'mammalian_phenotype.obo'),(32823,32822,'mosquito_insecticide_resistance.obo'),(32906,32905,'gene_ontology_edit.obo'),(32911,32910,'mosquito_insecticide_resistance.obo'),(32940,32939,'GlucoseMetabolismDisorder.owl'),(32948,32947,'susgene_bulid7.owl'),(32992,32991,'gene_ontology_edit.obo'),(32997,32996,'mosquito_insecticide_resistance.obo'),(33003,33002,'so.obo'),(33377,33376,'gene_ontology_edit.obo'),(33382,33381,'mosquito_insecticide_resistance.obo'),(33495,33494,'gene_ontology_edit.obo'),(33500,33499,'mosquito_insecticide_resistance.obo'),(33506,33505,'teleost_taxonomy.obo'),(33626,33625,'amphibian_anatomy.obo'),(33629,33628,'gene_ontology_edit.obo'),(33634,33633,'mammalian_phenotype.obo'),(33638,33637,'mosquito_insecticide_resistance.obo'),(33686,33685,'gene_ontology_edit.obo'),(33691,33690,'mosquito_insecticide_resistance.obo'),(33697,33696,'so.obo'),(33720,33719,'adult_mouse_anatomy.obo'),(33723,33722,'gene_ontology_edit.obo'),(33728,33727,'mosquito_insecticide_resistance.obo'),(33786,33785,'gene_ontology_edit.obo'),(33791,33790,'mosquito_insecticide_resistance.obo'),(33978,33977,'amphibian_anatomy.obo'),(33981,33980,'gene_ontology_edit.obo'),(33986,33985,'mammalian_phenotype.obo'),(33990,33989,'mosquito_insecticide_resistance.obo'),(33996,33995,'so.obo'),(34000,33999,'teleost_anatomy.obo'),(34126,34125,'gene_ontology_edit.obo'),(34129,34128,'spider_comparative_biology.obo'),(34134,34133,'mammalian_phenotype.obo'),(34137,34136,'mosquito_insecticide_resistance.obo'),(34144,34143,'zebrafish_anatomy.obo'),(34227,34226,'gene_ontology_edit.obo'),(34230,34229,'chebi.obo'),(34235,34234,'mammalian_phenotype.obo'),(34238,34237,'mosquito_insecticide_resistance.obo');

/*Data for the table `ncbo_ontology_load_queue` */

insert  into `ncbo_ontology_load_queue`(`id`,`ontology_version_id`,`status_id`,`error_message`,`date_created`,`date_processed`) values (574,2854,1,NULL,'2008-05-15 17:44:12',NULL),(575,2861,1,NULL,'2008-05-15 17:44:12',NULL),(576,2882,1,NULL,'2008-05-15 17:44:12',NULL),(577,2890,1,NULL,'2008-05-15 17:44:12',NULL),(578,2899,1,NULL,'2008-05-15 17:44:12',NULL),(579,2908,1,NULL,'2008-05-15 17:44:12',NULL),(580,2916,1,NULL,'2008-05-15 17:44:12',NULL),(581,2927,1,NULL,'2008-05-15 17:44:12',NULL),(582,2935,1,NULL,'2008-05-15 17:44:12',NULL),(583,2944,1,NULL,'2008-05-15 17:44:12',NULL),(584,2952,1,NULL,'2008-05-15 17:44:12',NULL),(585,2961,1,NULL,'2008-05-15 17:44:12',NULL),(586,2970,1,NULL,'2008-05-15 17:44:12',NULL),(587,2991,1,NULL,'2008-05-15 17:44:12',NULL),(588,2996,1,NULL,'2008-05-15 17:44:12',NULL),(589,3004,1,NULL,'2008-05-15 17:44:12',NULL),(590,3011,1,NULL,'2008-05-15 17:44:12',NULL),(591,3026,1,NULL,'2008-05-15 17:44:12',NULL),(592,3041,1,NULL,'2008-05-15 17:44:12',NULL),(593,3049,1,NULL,'2008-05-15 17:44:12',NULL),(594,3057,1,NULL,'2008-05-15 17:44:12',NULL),(595,3074,1,NULL,'2008-05-15 17:44:12',NULL),(596,3083,1,NULL,'2008-05-15 17:44:12',NULL),(597,3093,1,NULL,'2008-05-15 17:44:12',NULL),(598,3116,1,NULL,'2008-05-15 17:44:12',NULL),(599,3125,1,NULL,'2008-05-15 17:44:12',NULL),(600,3134,1,NULL,'2008-05-15 17:44:12',NULL),(601,3145,1,NULL,'2008-05-15 17:44:12',NULL),(602,3171,1,NULL,'2008-05-15 17:44:12',NULL),(603,3180,1,NULL,'2008-05-15 17:44:12',NULL),(604,3186,1,NULL,'2008-05-15 17:44:12',NULL),(605,3198,1,NULL,'2008-05-15 17:44:12',NULL),(606,3205,1,NULL,'2008-05-15 17:44:12',NULL),(607,3215,1,NULL,'2008-05-15 17:44:12',NULL),(608,3222,1,NULL,'2008-05-15 17:44:12',NULL),(609,3231,1,NULL,'2008-05-15 17:44:12',NULL),(610,3238,1,NULL,'2008-05-15 17:44:12',NULL),(611,3254,1,NULL,'2008-05-15 17:44:12',NULL),(612,3269,1,NULL,'2008-05-15 17:44:12',NULL),(613,3285,1,NULL,'2008-05-15 17:44:12',NULL),(614,3294,1,NULL,'2008-05-15 17:44:12',NULL),(615,3303,1,NULL,'2008-05-15 17:44:12',NULL),(616,3576,1,NULL,'2008-05-15 17:44:12',NULL),(617,3579,1,NULL,'2008-05-15 17:44:12',NULL),(618,3582,1,NULL,'2008-05-15 17:44:12',NULL),(619,3586,1,NULL,'2008-05-15 17:44:12',NULL),(620,3589,1,NULL,'2008-05-15 17:44:12',NULL),(621,3593,1,NULL,'2008-05-15 17:44:12',NULL),(622,3905,1,NULL,'2008-05-15 17:44:12',NULL),(623,4513,1,NULL,'2008-05-15 17:44:12',NULL),(624,4519,1,NULL,'2008-05-15 17:44:12',NULL),(625,4525,1,NULL,'2008-05-15 17:44:12',NULL),(626,4531,1,NULL,'2008-05-15 17:44:12',NULL),(627,4537,1,NULL,'2008-05-15 17:44:12',NULL),(628,4545,1,NULL,'2008-05-15 17:44:12',NULL),(629,4548,1,NULL,'2008-05-15 17:44:12',NULL),(630,4551,1,NULL,'2008-05-15 17:44:12',NULL),(631,4554,1,NULL,'2008-05-15 17:44:12',NULL),(632,4558,1,NULL,'2008-05-15 17:44:12',NULL),(633,4561,1,NULL,'2008-05-15 17:44:12',NULL),(634,4564,1,NULL,'2008-05-15 17:44:12',NULL),(635,4568,1,NULL,'2008-05-15 17:44:12',NULL),(636,4571,1,NULL,'2008-05-15 17:44:12',NULL),(637,4574,1,NULL,'2008-05-15 17:44:12',NULL),(638,4578,1,NULL,'2008-05-15 17:44:12',NULL),(639,4581,1,NULL,'2008-05-15 17:44:12',NULL),(640,4584,1,NULL,'2008-05-15 17:44:12',NULL),(641,4877,1,NULL,'2008-05-15 17:44:12',NULL),(642,4886,1,NULL,'2008-05-15 17:44:12',NULL),(643,4949,1,NULL,'2008-05-15 17:44:12',NULL),(644,5249,1,NULL,'2008-05-15 17:44:12',NULL),(645,5958,1,NULL,'2008-05-15 17:44:12',NULL),(646,5961,1,NULL,'2008-05-15 17:44:12',NULL),(647,5964,1,NULL,'2008-05-15 17:44:12',NULL),(648,5967,1,NULL,'2008-05-15 17:44:12',NULL),(649,5971,1,NULL,'2008-05-15 17:44:12',NULL),(650,5974,1,NULL,'2008-05-15 17:44:12',NULL),(651,5978,1,NULL,'2008-05-15 17:44:12',NULL),(652,6676,1,NULL,'2008-05-15 17:44:12',NULL),(653,6723,1,NULL,'2008-05-15 17:44:12',NULL),(654,8056,1,NULL,'2008-05-15 17:44:12',NULL),(655,8102,1,NULL,'2008-05-15 17:44:12',NULL),(656,12547,1,NULL,'2008-05-15 17:44:12',NULL),(657,12848,1,NULL,'2008-05-15 17:44:12',NULL),(658,13209,1,NULL,'2008-05-15 17:44:12',NULL),(659,13287,1,NULL,'2008-05-15 17:44:12',NULL),(660,13290,1,NULL,'2008-05-15 17:44:12',NULL),(661,13293,1,NULL,'2008-05-15 17:44:12',NULL),(662,13296,1,NULL,'2008-05-15 17:44:12',NULL),(663,13300,1,NULL,'2008-05-15 17:44:12',NULL),(664,13305,1,NULL,'2008-05-15 17:44:12',NULL),(665,13312,1,NULL,'2008-05-15 17:44:12',NULL),(666,13315,1,NULL,'2008-05-15 17:44:12',NULL),(667,13320,1,NULL,'2008-05-15 17:44:12',NULL),(668,13323,1,NULL,'2008-05-15 17:44:12',NULL),(669,13327,1,NULL,'2008-05-15 17:44:12',NULL),(670,13330,1,NULL,'2008-05-15 17:44:12',NULL),(671,13334,1,NULL,'2008-05-15 17:44:12',NULL),(672,13338,1,NULL,'2008-05-15 17:44:12',NULL),(673,13342,1,NULL,'2008-05-15 17:44:12',NULL),(674,13348,1,NULL,'2008-05-15 17:44:12',NULL),(675,13352,1,NULL,'2008-05-15 17:44:12',NULL),(676,13356,1,NULL,'2008-05-15 17:44:12',NULL),(677,13361,1,NULL,'2008-05-15 17:44:12',NULL),(678,13364,1,NULL,'2008-05-15 17:44:12',NULL),(679,13369,1,NULL,'2008-05-15 17:44:12',NULL),(680,13374,1,NULL,'2008-05-15 17:44:12',NULL),(681,13379,1,NULL,'2008-05-15 17:44:12',NULL),(682,13386,1,NULL,'2008-05-15 17:44:12',NULL),(683,13389,1,NULL,'2008-05-15 17:44:12',NULL),(684,13394,1,NULL,'2008-05-15 17:44:12',NULL),(685,13397,1,NULL,'2008-05-15 17:44:12',NULL),(686,13400,1,NULL,'2008-05-15 17:44:12',NULL),(687,13404,1,NULL,'2008-05-15 17:44:12',NULL),(688,13418,1,NULL,'2008-05-15 17:44:12',NULL),(689,13578,1,NULL,'2008-05-15 17:44:12',NULL),(690,14016,1,NULL,'2008-05-15 17:44:12',NULL),(691,14021,1,NULL,'2008-05-15 17:44:12',NULL),(692,14026,1,NULL,'2008-05-15 17:44:12',NULL),(693,14031,1,NULL,'2008-05-15 17:44:12',NULL),(694,14035,1,NULL,'2008-05-15 17:44:12',NULL),(695,14174,1,NULL,'2008-05-15 17:44:12',NULL),(696,14391,1,NULL,'2008-05-15 17:44:12',NULL),(697,15726,1,NULL,'2008-05-15 17:44:12',NULL),(698,15729,1,NULL,'2008-05-15 17:44:12',NULL),(699,15732,1,NULL,'2008-05-15 17:44:12',NULL),(700,15735,1,NULL,'2008-05-15 17:44:12',NULL),(701,15740,1,NULL,'2008-05-15 17:44:12',NULL),(702,15745,1,NULL,'2008-05-15 17:44:12',NULL),(703,15751,1,NULL,'2008-05-15 17:44:12',NULL),(704,15756,1,NULL,'2008-05-15 17:44:12',NULL),(705,15761,1,NULL,'2008-05-15 17:44:12',NULL),(706,15764,1,NULL,'2008-05-15 17:44:12',NULL),(707,15768,1,NULL,'2008-05-15 17:44:12',NULL),(708,15773,1,NULL,'2008-05-15 17:44:12',NULL),(709,15778,1,NULL,'2008-05-15 17:44:12',NULL),(710,15782,1,NULL,'2008-05-15 17:44:12',NULL),(711,15792,1,NULL,'2008-05-15 17:44:12',NULL),(712,15986,1,NULL,'2008-05-15 17:44:12',NULL),(713,16022,1,NULL,'2008-05-15 17:44:12',NULL),(714,16029,1,NULL,'2008-05-15 17:44:12',NULL),(715,16032,1,NULL,'2008-05-15 17:44:12',NULL),(716,16080,1,NULL,'2008-05-15 17:44:12',NULL),(717,16089,1,NULL,'2008-05-15 17:44:12',NULL),(718,16092,1,NULL,'2008-05-15 17:44:12',NULL),(719,16190,1,NULL,'2008-05-15 17:44:12',NULL),(720,16195,1,NULL,'2008-05-15 17:44:12',NULL),(721,16198,1,NULL,'2008-05-15 17:44:12',NULL),(722,16203,1,NULL,'2008-05-15 17:44:12',NULL),(723,16207,1,NULL,'2008-05-15 17:44:12',NULL),(724,16240,1,NULL,'2008-05-15 17:44:12',NULL),(725,16247,1,NULL,'2008-05-15 17:44:12',NULL),(726,16274,1,NULL,'2008-05-15 17:44:12',NULL),(727,16329,1,NULL,'2008-05-15 17:44:12',NULL),(728,16347,1,NULL,'2008-05-15 17:44:12',NULL),(729,16355,1,NULL,'2008-05-15 17:44:12',NULL),(730,16358,1,NULL,'2008-05-15 17:44:12',NULL),(731,16402,1,NULL,'2008-05-15 17:44:12',NULL),(732,16410,1,NULL,'2008-05-15 17:44:12',NULL),(733,16413,1,NULL,'2008-05-15 17:44:12',NULL),(734,16513,1,NULL,'2008-05-15 17:44:12',NULL),(735,16551,1,NULL,'2008-05-15 17:44:12',NULL),(736,16554,1,NULL,'2008-05-15 17:44:12',NULL),(737,16587,1,NULL,'2008-05-15 17:44:12',NULL),(738,16605,1,NULL,'2008-05-15 17:44:12',NULL),(739,16624,1,NULL,'2008-05-15 17:44:12',NULL),(740,16627,1,NULL,'2008-05-15 17:44:12',NULL),(741,16674,1,NULL,'2008-05-15 17:44:12',NULL),(742,16679,1,NULL,'2008-05-15 17:44:12',NULL),(743,16736,1,NULL,'2008-05-15 17:44:12',NULL),(744,16739,1,NULL,'2008-05-15 17:44:12',NULL),(745,16777,1,NULL,'2008-05-15 17:44:12',NULL),(746,16786,1,NULL,'2008-05-15 17:44:12',NULL),(747,16866,1,NULL,'2008-05-15 17:44:12',NULL),(748,16889,1,NULL,'2008-05-15 17:44:12',NULL),(749,16957,1,NULL,'2008-05-15 17:44:12',NULL),(750,17055,1,NULL,'2008-05-15 17:44:12',NULL),(751,17063,1,NULL,'2008-05-15 17:44:12',NULL),(752,17098,1,NULL,'2008-05-15 17:44:12',NULL),(753,17501,1,NULL,'2008-05-15 17:44:12',NULL),(754,17929,1,NULL,'2008-05-15 17:44:12',NULL),(755,17933,1,NULL,'2008-05-15 17:44:12',NULL),(756,17939,1,NULL,'2008-05-15 17:44:12',NULL),(757,17942,1,NULL,'2008-05-15 17:44:12',NULL),(758,17948,1,NULL,'2008-05-15 17:44:12',NULL),(759,17951,1,NULL,'2008-05-15 17:44:12',NULL),(760,18023,1,NULL,'2008-05-15 17:44:12',NULL),(761,18085,1,NULL,'2008-05-15 17:44:12',NULL),(762,18090,1,NULL,'2008-05-15 17:44:12',NULL),(763,18134,1,NULL,'2008-05-15 17:44:12',NULL),(764,18143,1,NULL,'2008-05-15 17:44:12',NULL),(765,18186,1,NULL,'2008-05-15 17:44:12',NULL),(766,18194,1,NULL,'2008-05-15 17:44:12',NULL),(767,18197,1,NULL,'2008-05-15 17:44:12',NULL),(768,18241,1,NULL,'2008-05-15 17:44:12',NULL),(769,18284,1,NULL,'2008-05-15 17:44:12',NULL),(770,18472,1,NULL,'2008-05-15 17:44:12',NULL),(771,18550,1,NULL,'2008-05-15 17:44:12',NULL),(772,18615,1,NULL,'2008-05-15 17:44:12',NULL),(773,18622,1,NULL,'2008-05-15 17:44:12',NULL),(774,18630,1,NULL,'2008-05-15 17:44:12',NULL),(775,18678,1,NULL,'2008-05-15 17:44:12',NULL),(776,18681,1,NULL,'2008-05-15 17:44:12',NULL),(777,18690,1,NULL,'2008-05-15 17:44:12',NULL),(778,18694,1,NULL,'2008-05-15 17:44:12',NULL),(779,18746,1,NULL,'2008-05-15 17:44:12',NULL),(780,18749,1,NULL,'2008-05-15 17:44:12',NULL),(781,18758,1,NULL,'2008-05-15 17:44:12',NULL),(782,18793,1,NULL,'2008-05-15 17:44:12',NULL),(783,18802,1,NULL,'2008-05-15 17:44:12',NULL),(784,18815,1,NULL,'2008-05-15 17:44:12',NULL),(785,18824,1,NULL,'2008-05-15 17:44:12',NULL),(786,18883,1,NULL,'2008-05-15 17:44:12',NULL),(787,18897,1,NULL,'2008-05-15 17:44:12',NULL),(788,18948,1,NULL,'2008-05-15 17:44:12',NULL),(789,18957,1,NULL,'2008-05-15 17:44:12',NULL),(790,18960,1,NULL,'2008-05-15 17:44:12',NULL),(791,19153,1,NULL,'2008-05-15 17:44:12',NULL),(792,19156,1,NULL,'2008-05-15 17:44:12',NULL),(793,19161,1,NULL,'2008-05-15 17:44:12',NULL),(794,19168,1,NULL,'2008-05-15 17:44:12',NULL),(795,19256,1,NULL,'2008-05-15 17:44:12',NULL),(796,19259,1,NULL,'2008-05-15 17:44:12',NULL),(797,19264,1,NULL,'2008-05-15 17:44:12',NULL),(798,19271,1,NULL,'2008-05-15 17:44:12',NULL),(799,19275,1,NULL,'2008-05-15 17:44:12',NULL),(800,19393,1,NULL,'2008-05-15 17:44:12',NULL),(801,19398,1,NULL,'2008-05-15 17:44:12',NULL),(802,19407,1,NULL,'2008-05-15 17:44:12',NULL),(803,19482,1,NULL,'2008-05-15 17:44:12',NULL),(804,19491,1,NULL,'2008-05-15 17:44:12',NULL),(805,19518,1,NULL,'2008-05-15 17:44:12',NULL),(806,19523,1,NULL,'2008-05-15 17:44:12',NULL),(807,19530,1,NULL,'2008-05-15 17:44:12',NULL),(808,19644,1,NULL,'2008-05-15 17:44:12',NULL),(809,19653,1,NULL,'2008-05-15 17:44:12',NULL),(810,19692,1,NULL,'2008-05-15 17:44:12',NULL),(811,19695,1,NULL,'2008-05-15 17:44:12',NULL),(812,19704,1,NULL,'2008-05-15 17:44:12',NULL),(813,19708,1,NULL,'2008-05-15 17:44:12',NULL),(814,19818,1,NULL,'2008-05-15 17:44:12',NULL),(815,19827,1,NULL,'2008-05-15 17:44:12',NULL),(816,19955,1,NULL,'2008-05-15 17:44:12',NULL),(817,19964,1,NULL,'2008-05-15 17:44:12',NULL),(818,20014,1,NULL,'2008-05-15 17:44:12',NULL),(819,20023,1,NULL,'2008-05-15 17:44:12',NULL),(820,20120,1,NULL,'2008-05-15 17:44:12',NULL),(821,20129,1,NULL,'2008-05-15 17:44:12',NULL),(822,20163,1,NULL,'2008-05-15 17:44:12',NULL),(823,20168,1,NULL,'2008-05-15 17:44:12',NULL),(824,20175,1,NULL,'2008-05-15 17:44:12',NULL),(825,20260,1,NULL,'2008-05-15 17:44:12',NULL),(826,20269,1,NULL,'2008-05-15 17:44:12',NULL),(827,20328,1,NULL,'2008-05-15 17:44:12',NULL),(828,20332,1,NULL,'2008-05-15 17:44:12',NULL),(829,20340,1,NULL,'2008-05-15 17:44:12',NULL),(830,20402,1,NULL,'2008-05-15 17:44:12',NULL),(831,20411,1,NULL,'2008-05-15 17:44:12',NULL),(832,20608,1,NULL,'2008-05-15 17:44:12',NULL),(833,20611,1,NULL,'2008-05-15 17:44:12',NULL),(834,20620,1,NULL,'2008-05-15 17:44:12',NULL),(835,20624,1,NULL,'2008-05-15 17:44:12',NULL),(836,20724,1,NULL,'2008-05-15 17:44:12',NULL),(837,20733,1,NULL,'2008-05-15 17:44:12',NULL),(838,20736,1,NULL,'2008-05-15 17:44:12',NULL),(839,20766,1,NULL,'2008-05-15 17:44:12',NULL),(840,20775,1,NULL,'2008-05-15 17:44:12',NULL),(841,20801,1,NULL,'2008-05-15 17:44:12',NULL),(842,20810,1,NULL,'2008-05-15 17:44:12',NULL),(843,20845,1,NULL,'2008-05-15 17:44:12',NULL),(844,20855,1,NULL,'2008-05-15 17:44:12',NULL),(845,20867,1,NULL,'2008-05-15 17:44:12',NULL),(846,20875,1,NULL,'2008-05-15 17:44:12',NULL),(847,21038,1,NULL,'2008-05-15 17:44:12',NULL),(848,21047,1,NULL,'2008-05-15 17:44:12',NULL),(849,21134,1,NULL,'2008-05-15 17:44:12',NULL),(850,21138,1,NULL,'2008-05-15 17:44:12',NULL),(851,21146,1,NULL,'2008-05-15 17:44:12',NULL),(852,21237,1,NULL,'2008-05-15 17:44:12',NULL),(853,21246,1,NULL,'2008-05-15 17:44:12',NULL),(854,21249,1,NULL,'2008-05-15 17:44:12',NULL),(855,21275,1,NULL,'2008-05-15 17:44:12',NULL),(856,21393,1,NULL,'2008-05-15 17:44:12',NULL),(857,21401,1,NULL,'2008-05-15 17:44:12',NULL),(858,21409,1,NULL,'2008-05-15 17:44:12',NULL),(859,21415,1,NULL,'2008-05-15 17:44:12',NULL),(860,21722,1,NULL,'2008-05-15 17:44:12',NULL),(861,21729,1,NULL,'2008-05-15 17:44:12',NULL),(862,21736,1,NULL,'2008-05-15 17:44:12',NULL),(863,21743,1,NULL,'2008-05-15 17:44:12',NULL),(864,21979,1,NULL,'2008-05-15 17:44:12',NULL),(865,21987,1,NULL,'2008-05-15 17:44:12',NULL),(866,21992,1,NULL,'2008-05-15 17:44:12',NULL),(867,21997,1,NULL,'2008-05-15 17:44:12',NULL),(868,22796,1,NULL,'2008-05-15 17:44:12',NULL),(869,22798,1,NULL,'2008-05-15 17:44:12',NULL),(870,22801,1,NULL,'2008-05-15 17:44:12',NULL),(871,22807,1,NULL,'2008-05-15 17:44:12',NULL),(872,22809,1,NULL,'2008-05-15 17:44:12',NULL),(873,22815,1,NULL,'2008-05-15 17:44:12',NULL),(874,22824,1,NULL,'2008-05-15 17:44:12',NULL),(875,22840,1,NULL,'2008-05-15 17:44:12',NULL),(876,22863,1,NULL,'2008-05-15 17:44:12',NULL),(877,22870,1,NULL,'2008-05-15 17:44:12',NULL),(878,22871,1,NULL,'2008-05-15 17:44:12',NULL),(879,22873,1,NULL,'2008-05-15 17:44:12',NULL),(880,22967,1,NULL,'2008-05-15 17:44:12',NULL),(881,22969,1,NULL,'2008-05-15 17:44:12',NULL),(882,22985,1,NULL,'2008-05-15 17:44:12',NULL),(883,22993,1,NULL,'2008-05-15 17:44:12',NULL),(884,22995,1,NULL,'2008-05-15 17:44:12',NULL),(885,23079,1,NULL,'2008-05-15 17:44:12',NULL),(886,23082,1,NULL,'2008-05-15 17:44:12',NULL),(887,23087,1,NULL,'2008-05-15 17:44:12',NULL),(888,23106,1,NULL,'2008-05-15 17:44:12',NULL),(889,23345,1,NULL,'2008-05-15 17:44:12',NULL),(890,23360,1,NULL,'2008-05-15 17:44:12',NULL),(891,23363,1,NULL,'2008-05-15 17:44:12',NULL),(892,23466,1,NULL,'2008-05-15 17:44:12',NULL),(893,23532,1,NULL,'2008-05-15 17:44:12',NULL),(894,23536,1,NULL,'2008-05-15 17:44:12',NULL),(895,23553,1,NULL,'2008-05-15 17:44:12',NULL),(896,23556,1,NULL,'2008-05-15 17:44:12',NULL),(897,23751,1,NULL,'2008-05-15 17:44:12',NULL),(898,23755,1,NULL,'2008-05-15 17:44:12',NULL),(899,23770,1,NULL,'2008-05-15 17:44:12',NULL),(900,23774,1,NULL,'2008-05-15 17:44:12',NULL),(901,23882,1,NULL,'2008-05-15 17:44:12',NULL),(902,23885,1,NULL,'2008-05-15 17:44:12',NULL),(903,23891,1,NULL,'2008-05-15 17:44:12',NULL),(904,23903,1,NULL,'2008-05-15 17:44:12',NULL),(905,23908,1,NULL,'2008-05-15 17:44:12',NULL),(906,24085,1,NULL,'2008-05-15 17:44:12',NULL),(907,24090,1,NULL,'2008-05-15 17:44:12',NULL),(908,24101,1,NULL,'2008-05-15 17:44:12',NULL),(909,24185,1,NULL,'2008-05-15 17:44:12',NULL),(910,24187,1,NULL,'2008-05-15 17:44:12',NULL),(911,24194,1,NULL,'2008-05-15 17:44:12',NULL),(912,24213,1,NULL,'2008-05-15 17:44:12',NULL),(913,24227,1,NULL,'2008-05-15 17:44:12',NULL),(914,24302,1,NULL,'2008-05-15 17:44:12',NULL),(915,24309,1,NULL,'2008-05-15 17:44:12',NULL),(916,24311,1,NULL,'2008-05-15 17:44:12',NULL),(917,24324,1,NULL,'2008-05-15 17:44:12',NULL),(918,24468,1,NULL,'2008-05-15 17:44:12',NULL),(919,24471,1,NULL,'2008-05-15 17:44:12',NULL),(920,24482,1,NULL,'2008-05-15 17:44:12',NULL),(921,24581,1,NULL,'2008-05-15 17:44:12',NULL),(922,24585,1,NULL,'2008-05-15 17:44:12',NULL),(923,24588,1,NULL,'2008-05-15 17:44:12',NULL),(924,24601,1,NULL,'2008-05-15 17:44:12',NULL),(925,24607,1,NULL,'2008-05-15 17:44:12',NULL),(926,24801,1,NULL,'2008-05-15 17:44:12',NULL),(927,24814,1,NULL,'2008-05-15 17:44:12',NULL),(928,24819,1,NULL,'2008-05-15 17:44:12',NULL),(929,24823,1,NULL,'2008-05-15 17:44:12',NULL),(930,24903,1,NULL,'2008-05-15 17:44:12',NULL),(931,24941,1,NULL,'2008-05-15 17:44:12',NULL),(932,24948,1,NULL,'2008-05-15 17:44:12',NULL),(933,25088,1,NULL,'2008-05-15 17:44:12',NULL),(934,25090,1,NULL,'2008-05-15 17:44:12',NULL),(935,25092,1,NULL,'2008-05-15 17:44:12',NULL),(936,25094,1,NULL,'2008-05-15 17:44:12',NULL),(937,25100,1,NULL,'2008-05-15 17:44:12',NULL),(938,25122,1,NULL,'2008-05-15 17:44:12',NULL),(939,25130,1,NULL,'2008-05-15 17:44:12',NULL),(940,25148,1,NULL,'2008-05-15 17:44:12',NULL),(941,25244,1,NULL,'2008-05-15 17:44:12',NULL),(942,25247,1,NULL,'2008-05-15 17:44:12',NULL),(943,25251,1,NULL,'2008-05-15 17:44:12',NULL),(944,25256,1,NULL,'2008-05-15 17:44:12',NULL),(945,25272,1,NULL,'2008-05-15 17:44:12',NULL),(946,25361,1,NULL,'2008-05-15 17:44:12',NULL),(947,25366,1,NULL,'2008-05-15 17:44:12',NULL),(948,25471,1,NULL,'2008-05-15 17:44:12',NULL),(949,25477,1,NULL,'2008-05-15 17:44:12',NULL),(950,26107,1,NULL,'2008-05-15 17:44:12',NULL),(951,26136,1,NULL,'2008-05-15 17:44:12',NULL),(952,26952,1,NULL,'2008-05-15 17:44:12',NULL),(953,27483,1,NULL,'2008-05-15 17:44:12',NULL),(954,27491,1,NULL,'2008-05-15 17:44:12',NULL),(955,27496,1,NULL,'2008-05-15 17:44:12',NULL),(956,27518,1,NULL,'2008-05-15 17:44:12',NULL),(957,28096,1,NULL,'2008-05-15 17:44:12',NULL),(958,28560,1,NULL,'2008-05-15 17:44:12',NULL),(959,28672,1,NULL,'2008-05-15 17:44:12',NULL),(960,28683,1,NULL,'2008-05-15 17:44:12',NULL),(961,28691,1,NULL,'2008-05-15 17:44:12',NULL),(962,28699,1,NULL,'2008-05-15 17:44:12',NULL),(963,28826,1,NULL,'2008-05-15 17:44:12',NULL),(964,28837,1,NULL,'2008-05-15 17:44:12',NULL),(965,29531,1,NULL,'2008-05-15 17:44:12',NULL),(966,29684,1,NULL,'2008-05-15 17:44:12',NULL),(967,29930,1,NULL,'2008-05-15 17:44:12',NULL),(968,29935,1,NULL,'2008-05-15 17:44:12',NULL),(969,29943,1,NULL,'2008-05-15 17:44:12',NULL),(970,29948,1,NULL,'2008-05-15 17:44:12',NULL),(971,29952,1,NULL,'2008-05-15 17:44:12',NULL),(972,29957,1,NULL,'2008-05-15 17:44:12',NULL),(973,29966,1,NULL,'2008-05-15 17:44:12',NULL),(974,29972,1,NULL,'2008-05-15 17:44:12',NULL),(975,29976,1,NULL,'2008-05-15 17:44:12',NULL),(976,29981,1,NULL,'2008-05-15 17:44:12',NULL),(977,29988,1,NULL,'2008-05-15 17:44:12',NULL),(978,30014,1,NULL,'2008-05-15 17:44:12',NULL),(979,30017,1,NULL,'2008-05-15 17:44:12',NULL),(980,30021,1,NULL,'2008-05-15 17:44:12',NULL),(981,30037,1,NULL,'2008-05-15 17:44:12',NULL),(982,30042,1,NULL,'2008-05-15 17:44:12',NULL),(983,30049,1,NULL,'2008-05-15 17:44:12',NULL),(984,30067,1,NULL,'2008-05-15 17:44:12',NULL),(985,30073,1,NULL,'2008-05-15 17:44:12',NULL),(986,30077,1,NULL,'2008-05-15 17:44:12',NULL),(987,30081,1,NULL,'2008-05-15 17:44:12',NULL),(988,30096,1,NULL,'2008-05-15 17:44:12',NULL),(989,30308,1,NULL,'2008-05-15 17:44:12',NULL),(990,30311,1,NULL,'2008-05-15 17:44:12',NULL),(991,30322,1,NULL,'2008-05-15 17:44:12',NULL),(992,30327,1,NULL,'2008-05-15 17:44:12',NULL),(993,30332,1,NULL,'2008-05-15 17:44:12',NULL),(994,30338,1,NULL,'2008-05-15 17:44:12',NULL),(995,30342,1,NULL,'2008-05-15 17:44:12',NULL),(996,30487,1,NULL,'2008-05-15 17:44:12',NULL),(997,30492,1,NULL,'2008-05-15 17:44:12',NULL),(998,30497,1,NULL,'2008-05-15 17:44:12',NULL),(999,30501,1,NULL,'2008-05-15 17:44:12',NULL),(1000,30547,1,NULL,'2008-05-15 17:44:12',NULL),(1001,30550,1,NULL,'2008-05-15 17:44:12',NULL),(1002,30555,1,NULL,'2008-05-15 17:44:12',NULL),(1003,30558,1,NULL,'2008-05-15 17:44:12',NULL),(1004,30564,1,NULL,'2008-05-15 17:44:12',NULL),(1005,30595,1,NULL,'2008-05-15 17:44:12',NULL),(1006,30600,1,NULL,'2008-05-15 17:44:12',NULL),(1007,30603,1,NULL,'2008-05-15 17:44:12',NULL),(1008,30666,1,NULL,'2008-05-15 17:44:12',NULL),(1009,30671,1,NULL,'2008-05-15 17:44:12',NULL),(1010,30814,1,NULL,'2008-05-15 17:44:12',NULL),(1011,30819,1,NULL,'2008-05-15 17:44:12',NULL),(1012,30825,1,NULL,'2008-05-15 17:44:12',NULL),(1013,30907,1,NULL,'2008-05-15 17:44:12',NULL),(1014,30910,1,NULL,'2008-05-15 17:44:12',NULL),(1015,30915,1,NULL,'2008-05-15 17:44:12',NULL),(1016,30921,1,NULL,'2008-05-15 17:44:12',NULL),(1017,31010,1,NULL,'2008-05-15 17:44:12',NULL),(1018,31015,1,NULL,'2008-05-15 17:44:12',NULL),(1019,31021,1,NULL,'2008-05-15 17:44:12',NULL),(1020,31108,1,NULL,'2008-05-15 17:44:12',NULL),(1021,31113,1,NULL,'2008-05-15 17:44:12',NULL),(1022,31116,1,NULL,'2008-05-15 17:44:12',NULL),(1023,31121,1,NULL,'2008-05-15 17:44:12',NULL),(1024,31126,1,NULL,'2008-05-15 17:44:12',NULL),(1025,31130,1,NULL,'2008-05-15 17:44:12',NULL),(1026,31133,1,NULL,'2008-05-15 17:44:12',NULL),(1027,31187,1,NULL,'2008-05-15 17:44:12',NULL),(1028,31192,1,NULL,'2008-05-15 17:44:12',NULL),(1029,31197,1,NULL,'2008-05-15 17:44:12',NULL),(1030,31231,1,NULL,'2008-05-15 17:44:12',NULL),(1031,31259,1,NULL,'2008-05-15 17:44:12',NULL),(1032,31264,1,NULL,'2008-05-15 17:44:12',NULL),(1033,31335,1,NULL,'2008-05-15 17:44:12',NULL),(1034,31340,1,NULL,'2008-05-15 17:44:12',NULL),(1035,31456,1,NULL,'2008-05-15 17:44:12',NULL),(1036,31460,1,NULL,'2008-05-15 17:44:12',NULL),(1037,31464,1,NULL,'2008-05-15 17:44:12',NULL),(1038,31467,1,NULL,'2008-05-15 17:44:12',NULL),(1039,31576,1,NULL,'2008-05-15 17:44:12',NULL),(1040,31582,1,NULL,'2008-05-15 17:44:12',NULL),(1041,31761,1,NULL,'2008-05-15 17:44:12',NULL),(1042,31766,1,NULL,'2008-05-15 17:44:12',NULL),(1043,31827,1,NULL,'2008-05-15 17:44:12',NULL),(1044,31830,1,NULL,'2008-05-15 17:44:12',NULL),(1045,31835,1,NULL,'2008-05-15 17:44:12',NULL),(1046,31839,1,NULL,'2008-05-15 17:44:12',NULL),(1047,31845,1,NULL,'2008-05-15 17:44:12',NULL),(1048,31923,1,NULL,'2008-05-15 17:44:12',NULL),(1049,31927,1,NULL,'2008-05-15 17:44:12',NULL),(1050,31931,1,NULL,'2008-05-15 17:44:12',NULL),(1051,31937,1,NULL,'2008-05-15 17:44:12',NULL),(1052,31941,1,NULL,'2008-05-15 17:44:12',NULL),(1053,31944,1,NULL,'2008-05-15 17:44:12',NULL),(1054,31999,1,NULL,'2008-05-15 17:44:12',NULL),(1055,32004,1,NULL,'2008-05-15 17:44:12',NULL),(1056,32063,1,NULL,'2008-05-15 17:44:12',NULL),(1057,32067,1,NULL,'2008-05-15 17:44:12',NULL),(1058,32070,1,NULL,'2008-05-15 17:44:12',NULL),(1059,32074,1,NULL,'2008-05-15 17:44:12',NULL),(1060,32145,1,NULL,'2008-05-15 17:44:12',NULL),(1061,32159,1,NULL,'2008-05-15 17:44:12',NULL),(1062,32164,1,NULL,'2008-05-15 17:44:12',NULL),(1063,32170,1,NULL,'2008-05-15 17:44:12',NULL),(1064,32275,1,NULL,'2008-05-15 17:44:12',NULL),(1065,32279,1,NULL,'2008-05-15 17:44:12',NULL),(1066,32283,1,NULL,'2008-05-15 17:44:12',NULL),(1067,32286,1,NULL,'2008-05-15 17:44:12',NULL),(1068,32293,1,NULL,'2008-05-15 17:44:12',NULL),(1069,32472,1,NULL,'2008-05-15 17:44:12',NULL),(1070,32477,1,NULL,'2008-05-15 17:44:12',NULL),(1071,32480,1,NULL,'2008-05-15 17:44:12',NULL),(1072,32483,1,NULL,'2008-05-15 17:44:12',NULL),(1073,32490,1,NULL,'2008-05-15 17:44:12',NULL),(1074,32624,1,NULL,'2008-05-15 17:44:12',NULL),(1075,32627,1,NULL,'2008-05-15 17:44:12',NULL),(1076,32632,1,NULL,'2008-05-15 17:44:12',NULL),(1077,32635,1,NULL,'2008-05-15 17:44:12',NULL),(1078,32642,1,NULL,'2008-05-15 17:44:12',NULL),(1079,32731,1,NULL,'2008-05-15 17:44:12',NULL),(1080,32736,1,NULL,'2008-05-15 17:44:12',NULL),(1081,32742,1,NULL,'2008-05-15 17:44:12',NULL),(1082,32814,1,NULL,'2008-05-15 17:44:12',NULL),(1083,32819,1,NULL,'2008-05-15 17:44:12',NULL),(1084,32822,1,NULL,'2008-05-15 17:44:12',NULL),(1085,32905,1,NULL,'2008-05-15 17:44:12',NULL),(1086,32910,1,NULL,'2008-05-15 17:44:12',NULL),(1087,32939,1,NULL,'2008-05-15 17:44:12',NULL),(1088,32947,1,NULL,'2008-05-15 17:44:12',NULL),(1089,32991,1,NULL,'2008-05-15 17:44:12',NULL),(1090,32996,1,NULL,'2008-05-15 17:44:12',NULL),(1091,33002,1,NULL,'2008-05-15 17:44:12',NULL),(1092,33376,1,NULL,'2008-05-15 17:44:12',NULL),(1093,33381,1,NULL,'2008-05-15 17:44:12',NULL),(1094,33494,1,NULL,'2008-05-15 17:44:12',NULL),(1095,33499,1,NULL,'2008-05-15 17:44:12',NULL),(1096,33505,1,NULL,'2008-05-15 17:44:12',NULL),(1097,33625,1,NULL,'2008-05-15 17:44:12',NULL),(1098,33628,1,NULL,'2008-05-15 17:44:12',NULL),(1099,33633,1,NULL,'2008-05-15 17:44:12',NULL),(1100,33637,1,NULL,'2008-05-15 17:44:12',NULL),(1101,33685,1,NULL,'2008-05-15 17:44:12',NULL),(1102,33690,1,NULL,'2008-05-15 17:44:12',NULL),(1103,33696,1,NULL,'2008-05-15 17:44:12',NULL),(1104,33719,1,NULL,'2008-05-15 17:44:12',NULL),(1105,33722,1,NULL,'2008-05-15 17:44:12',NULL),(1106,33727,1,NULL,'2008-05-15 17:44:12',NULL),(1107,33785,1,NULL,'2008-05-15 17:44:12',NULL),(1108,33790,1,NULL,'2008-05-15 17:44:12',NULL),(1109,33977,1,NULL,'2008-05-15 17:44:12',NULL),(1110,33980,1,NULL,'2008-05-15 17:44:12',NULL),(1111,33985,1,NULL,'2008-05-15 17:44:12',NULL),(1112,33989,1,NULL,'2008-05-15 17:44:12',NULL),(1113,33995,1,NULL,'2008-05-15 17:44:12',NULL),(1114,33999,1,NULL,'2008-05-15 17:44:12',NULL),(1115,34125,1,NULL,'2008-05-15 17:44:12',NULL),(1116,34128,1,NULL,'2008-05-15 17:44:12',NULL),(1117,34133,1,NULL,'2008-05-15 17:44:12',NULL),(1118,34136,1,NULL,'2008-05-15 17:44:12',NULL),(1119,34143,1,NULL,'2008-05-15 17:44:12',NULL),(1120,34226,1,NULL,'2008-05-15 17:44:12',NULL),(1121,34229,1,NULL,'2008-05-15 17:44:12',NULL),(1122,34234,1,NULL,'2008-05-15 17:44:12',NULL),(1123,34237,1,NULL,'2008-05-15 17:44:12',NULL);

/*Data for the table `ncbo_ontology_metadata` */

insert  into `ncbo_ontology_metadata`(`id`,`ontology_version_id`,`display_label`,`format`,`contact_name`,`contact_email`,`homepage`,`documentation`,`publication`,`urn`,`coding_scheme`,`is_foundry`,`target_terminologies`) values (173,2854,'Mouse adult gross anatomy','OBO','NewFirstname NewLastname','testemail_111@test.edu','http://www.informatics.jax.org/searches/AMA_form.shtml',NULL,NULL,'urn:lsid:bioontology.org:adult_mouse_anatomy.gxd|UNASSIGNED',NULL,0,NULL),(174,2861,'Cereal plant gross anatomy','OBO','Gramene curators','gramene@gramene.org','http://www.gramene.org/plant_ontology/','http://www.gramene.org/plant_ontology/index.html#po',NULL,'urn:lsid:bioontology.org:plant_structure|$Revision: 1.50 $',NULL,0,NULL),(175,2868,'Animal natural history and life history','PROTEGE','Animal Diversity Web technical staff','adw_geeks@umich.edu','http://www.animaldiversity.org','http://animaldiversity.ummz.umich.edu/site/about/technology/index.html',NULL,NULL,NULL,0,NULL),(176,2882,'PATO','OBO','OBO phenotype group','obo-phenotype@lists.sourceforge.net','http://www.bioontology.org/wiki/index.php/PATO:Main_Page',NULL,NULL,'urn:lsid:bioontology.org:quality|UNASSIGNED',NULL,1,NULL),(177,2890,'Gene Ontology','OBO','Gene Ontology','go@geneontology.org','http://www.geneontology.org','http://www.geneontology.org/GO.doc.shtml',NULL,'urn:lsid:bioontology.org:gene_ontology|UNASSIGNED',NULL,1,NULL),(178,2899,'BRENDA tissue / enzyme source','OBO','BRENDA tissue ontology curators','marion.gremse@uni-koeln.de','http://www.brenda.uni-koeln.de','http://www.brenda.uni-koeln.de',NULL,'urn:lsid:bioontology.org:BrendaTissue510|UNASSIGNED',NULL,0,NULL),(179,2908,'Cell type','OBO','Oliver Hofmann','oliver@sanbi.ac.za','http://lists.sourceforge.net/lists/listinfo/obo-cell-type',NULL,NULL,'urn:lsid:bioontology.org:cell|UNASSIGNED',NULL,1,NULL),(180,2916,'Chemical entities of biological interest','OBO','ChEBI help','chebi-help@ebi.ac.uk','http://www.ebi.ac.uk/chebi','http://www.ebi.ac.uk/chebi/init.do?toolBarForward=userManual',NULL,'urn:lsid:bioontology.org:chebi_ontology|UNASSIGNED',NULL,1,NULL),(181,2927,'Dictyostelium discoideum anatomy','OBO','Rex Chisholm','r-chisholm@northwestern.edu','http://dictybase.org/',NULL,NULL,'urn:lsid:bioontology.org:Dictyostelium_discoideum_anatomy|UNASSIGNED',NULL,0,NULL),(182,2935,'Human disease','OBO','discussion list','diseaseontology-discussion@lists.sourceforge.net','http://diseaseontology.sourceforge.net/','http://diseaseontology.sourceforge.net/',NULL,'urn:lsid:bioontology.org:disease_ontology|UNASSIGNED',NULL,0,NULL),(183,2944,'Mouse gross anatomy and development','OBO','Jonathan Bard','J.Bard@ed.ac.uk','http://genex.hgu.mrc.ac.uk/',NULL,NULL,'urn:lsid:bioontology.org:mouse_anatomy_stages|UNASSIGNED',NULL,0,NULL),(184,2952,'Event (INOH pathway ontology)','OBO','INOH curators','curator@inoh.org','http://www.inoh.org','http://www.inoh.org/info/ontologies/',NULL,'urn:lsid:bioontology.org:IEV|UNASSIGNED',NULL,0,NULL),(185,2961,'Evidence codes','OBO','Michael Ashburner','ma11@gen.cam.ac.uk',NULL,NULL,NULL,'urn:lsid:bioontology.org:evidence_code2.obo|UNASSIGNED',NULL,0,NULL),(186,2970,'eVOC (Expressed Sequence Annotation for Humans)','OBO','eVOC mailing list','evoc@sanbi.ac.za','http://www.evocontology.org/',NULL,NULL,NULL,NULL,0,NULL),(187,2991,'Physico-chemical methods and properties','OBO','Kirill Degtyarenko','kirill@ebi.ac.uk',NULL,NULL,NULL,'urn:lsid:bioontology.org:fix.ontology|UNASSIGNED',NULL,0,NULL),(188,2996,'Drosophila gross anatomy','OBO','Michael Ashburner','ma11@gen.cam.ac.uk','http://www.flybase.org/',NULL,NULL,'urn:lsid:bioontology.org:fly_anatomy.ontology|UNASSIGNED',NULL,0,NULL),(189,3004,'Drosophila development','OBO','Michael Ashburner','ma11@gen.cam.ac.uk','http://www.flybase.org/',NULL,NULL,'urn:lsid:bioontology.org:fly_development.ontology|UNASSIGNED',NULL,0,NULL),(190,3011,'FlyBase Controlled Vocabulary','OBO','Michael Ashburner','ma11@gen.cam.ac.uk','http://www.flybase.org/','http://flybase.bio.indiana.edu/.data/docs/refman/refman-G.html#G.2',NULL,'urn:lsid:bioontology.org:FlyBase miscellaneous CV|UNASSIGNED',NULL,0,NULL),(191,3020,'Foundational Model of Anatomy (\"Lite\" version)','OBO','OBO Anatomy','obo-anatomy@lists.sourceforge.net','http://sig.biostr.washington.edu/projects/fm/index.html',NULL,NULL,NULL,NULL,1,NULL),(192,3026,'Fungal gross anatomy','OBO','Maria Costanzo','maria@genome.stanford.edu','http://www.yeastgenome.org/fungi/fungal_anatomy_ontology/','http://www.yeastgenome.org/fungi/fungal_anatomy_ontology/#description',NULL,'urn:lsid:bioontology.org:fungal_anatomy|UNASSIGNED',NULL,0,NULL),(193,3036,'Habronattus courtship','PROTEGE','Peter Midford','peteremidford@yahoo.com','http://www.mesquiteproject.org/ontology/Habronattus/index.html','http://www.mesquiteproject.org/ontology/',NULL,NULL,NULL,0,NULL),(194,3041,'Human developmental anatomy, abstract version','OBO','Jonathan Bard','J.Bard@ed.ac.uk','http://genex.hgu.mrc.ac.uk/',NULL,NULL,'urn:lsid:bioontology.org:human-dev-anat-abstract|UNASSIGNED',NULL,0,NULL),(195,3049,'Human developmental anatomy, timed version','OBO','Jonathan Bard','J.Bard@ed.ac.uk','http://genex.hgu.mrc.ac.uk/',NULL,NULL,'urn:lsid:bioontology.org:human-dev-anat-staged|UNASSIGNED',NULL,0,NULL),(196,3057,'Biological imaging methods','OBO','Kathy Matthews','matthewk@indiana.edu','http://www.flybase.org/',NULL,NULL,'urn:lsid:bioontology.org:image|UNASSIGNED',NULL,0,NULL),(197,3066,'Loggerhead nesting','OBO','Peter Midford','peteremidford@yahoo.com','http://www.mesquiteproject.org/ontology/Loggerhead/index.html','http://www.mesquiteproject.org/ontology/',NULL,NULL,NULL,0,NULL),(198,3074,'Mammalian phenotype','OBO','JAX phenotype list','pheno@informatics.jax.org','http://www.informatics.jax.org/searches/MP_form.shtml',NULL,NULL,'urn:lsid:bioontology.org:MPheno.ontology|UNASSIGNED',NULL,0,NULL),(199,3083,'Multiple alignment','OBO','Julie Thompson','julie.thompson@igbmc.u-strasbg.fr','http://www-igbmc.u-strasbg.fr/BioInfo/MAO/mao.html',NULL,NULL,'urn:lsid:bioontology.org:ro.obo|UNASSIGNED',NULL,0,NULL),(200,3093,'Medaka fish anatomy and development','OBO','Thorsten Henrich','Thorsten.Henrich@embl-heidelberg.de',NULL,NULL,NULL,'urn:lsid:bioontology.org:medaka_ontology|UNASSIGNED',NULL,0,NULL),(201,3110,'Microarray experimental conditions','OWL-FULL','MGED','mged-ontologies@lists.sourceforge.net','http://mged.sourceforge.net/ontologies/MGEDontology.php','http://mged.sourceforge.net/software/downloads.php',NULL,NULL,NULL,0,NULL),(202,3116,'Molecule role (INOH Protein name/family name ontology)','OBO','INOH curators','curator@inoh.org','http://www.inoh.org','http://www.inoh.org/info/ontologies/',NULL,'urn:lsid:bioontology.org:molecule_role|UNASSIGNED',NULL,0,NULL),(203,3125,'Mosquito gross anatomy','OBO','C. Louis','louis@imbb.forth.gr','http://www.anobase.org',NULL,NULL,'urn:lsid:bioontology.org:default_namespace|UNASSIGNED',NULL,0,NULL),(204,3134,'Mouse pathology','OBO','Paul Schofield','PS@mole.bio.cam.ac.uk','http://www.pathbase.net',NULL,NULL,'urn:lsid:bioontology.org:mouse_pathology.ontology|UNASSIGNED',NULL,0,NULL),(205,3145,'NCI Thesaurus','OWL-FULL','NCICB Support','ncicb@pop.nci.nih.gov','http://ncicb.nci.nih.gov/core/EVS','http://nciterms.nci.nih.gov/NCIBrowser/Dictionary.do',NULL,'urn:oid:2.16.840.1.113883.3.26.1.1|07.06d',NULL,0,NULL),(206,3155,'NMR-instrument specific component of metabolomics investigations','OWL-FULL','Daniel Schober via MSI OWG mailing list','msi-workgroups-ontology@lists.sourceforge.net','http://msi-ontology.sourceforge.net/','http://msi-ontology.sourceforge.net/ontology/NMR.owlDocument.doc',NULL,NULL,NULL,0,NULL),(207,3164,'Ontology for Biomedical Investigations','OWL-DL','OBI Development mailing list','obi-devel@lists.sourceforge.net','http://obi.sourceforge.net/index.php','http://obi.sourceforge.net/ontologyInformation/',NULL,NULL,NULL,0,NULL),(208,3171,'Pathway ontology','OBO','Victoria Petri','vpetri@mcw.edu','http://rgd.mcw.edu/tools/ontology/ont_search.cgi','ftp://rgd.mcw.edu/pub/data_release/PW_Introduction.doc',NULL,'urn:lsid:bioontology.org:pathway|UNASSIGNED',NULL,0,NULL),(209,3180,'Plant environmental conditions','OBO','Pankaj Jaiswal','pj37@cornell.edu','http://www.gramene.org','http://www.gramene.org/plant_ontology/index.html#eo',NULL,'urn:lsid:bioontology.org:plant_environment_ontology|UNASSIGNED',NULL,0,NULL),(210,3186,'Cereal plant trait','OBO','Gramene curators','gramene@gramene.org','http://www.gramene.org/plant_ontology/','http://www.gramene.org/plant_ontology/index.html#to',NULL,'urn:lsid:bioontology.org:plant_trait_ontology|$Revision: 1.60 $',NULL,0,NULL),(211,3198,'Plant growth and developmental stage','OBO','Plant Ontology Consortium developers','po-dev@plantontology.org','http://www.plantontology.org','http://www.plantontology.org/docs/docs.html',NULL,'urn:lsid:bioontology.org:plant_ontology|$Revision: 1.32 $',NULL,0,NULL),(212,3205,'Proteomics data and process provenance','OWL-FULL','Satya S. Sahoo','satya30@uga.edu','http://lsdis.cs.uga.edu/projects/glycomics/propreo/','http://lsdis.cs.uga.edu/projects/glycomics/propreo/',NULL,'http://lsdis.cs.uga.edu/projects/glycomics/propreo#|??',NULL,0,NULL),(213,3215,'Protein-protein interaction','OBO','Henning Hermjakob','Henning.Hermjakob@ebi.ac.uk','http://psidev.sf.net','http://psidev.sourceforge.net/mi/xml/doc/user/index.html',NULL,'urn:lsid:bioontology.org:PSI-MI|UNASSIGNED',NULL,0,NULL),(214,3222,'Protein modification','OBO','Luisa Montecchi','luisa@ebi.ac.uk','http://psidev.sourceforge.net/mod/','http://psidev.sourceforge.net/mod/',NULL,'urn:lsid:bioontology.org:PSI-MOD|UNASSIGNED',NULL,0,NULL),(215,3231,'OBO relationship types','OBO','Chris Mungall','cjm@fruitfly.org','http://obo.sourceforge.net/relationship',NULL,NULL,'urn:lsid:bioontology.org:relationship|UNASSIGNED',NULL,1,NULL),(216,3238,'Physico-chemical process','OBO','Kirill Degtyarenko','kirill@ebi.ac.uk','http://www.ebi.ac.uk/~kirill/REX/',NULL,NULL,'urn:lsid:bioontology.org:rex.obo|UNASSIGNED',NULL,0,NULL),(217,3247,'Sample processing and separation techniques','OBO','Frank Gibson (PSI)','psidev-gps-dev@lists.sourceforge.net','http://psidev.sourceforge.net/gps/CV/','http://psidev.sourceforge.net/gps/CV/docs.html',NULL,NULL,NULL,0,NULL),(218,3254,'Sequence Ontology','OBO','SONG developers','song-devel@lists.sourceforge.net','http://song.sourceforge.net/',NULL,NULL,'urn:lsid:bioontology.org:sequence|UNASSIGNED',NULL,1,NULL),(219,3263,'Systems Biology','OBO','Nicolas Le Nov&egrave;re','lenov@ebi.ac.uk','http://www.ebi.ac.uk/sbo/',NULL,NULL,NULL,NULL,0,NULL),(220,3269,'Cereal plant development','OBO','Gramene curators','gramene@gramene.org','http://www.gramene.org/plant_ontology/','http://www.gramene.org/plant_ontology/index.html#po',NULL,'urn:lsid:bioontology.org:cereal_plant_growth_stage|$Revision: 1.6 $',NULL,0,NULL),(221,3278,'C. elegans gross anatomy','OBO','Raymond Lee','raymond@caltech.edu','http://www.wormbase.org/',NULL,NULL,NULL,NULL,0,NULL),(222,3285,'C. elegans development','OBO','Wen J. Chen','wchen@its.caltech.edu','http://www.wormbase.org/',NULL,NULL,'urn:lsid:bioontology.org:worm_development|UNASSIGNED',NULL,0,NULL),(223,3294,'Maize gross anatomy','OBO','Leszek Vincent','Leszek@missouri.edu','http://www.maizemap.org/',NULL,NULL,'urn:lsid:bioontology.org:zea_mays_anatomy|UNASSIGNED',NULL,0,NULL),(224,3303,'Zebrafish anatomy and development','OBO','ZFIN administrators','zfinadmin@zfin.org','http://zfin.org/zf_info/anatomy/dict/sum.html',NULL,NULL,'urn:lsid:bioontology.org:zebrafish_anatomical_ontology|UNASSIGNED',NULL,0,NULL),(225,3576,'Gene Ontology','OBO','Gene Ontology','go@geneontology.org','http://www.geneontology.org','http://www.geneontology.org/GO.doc.shtml',NULL,'urn:lsid:bioontology.org:gene_ontology|UNASSIGNED',NULL,1,NULL),(226,3579,'BRENDA tissue / enzyme source','OBO','BRENDA tissue ontology curators','marion.gremse@uni-koeln.de','http://www.brenda.uni-koeln.de','http://www.brenda.uni-koeln.de',NULL,'urn:lsid:bioontology.org:BrendaTissue510|UNASSIGNED',NULL,0,NULL),(227,3582,'Mammalian phenotype','OBO','JAX phenotype list','pheno@informatics.jax.org','http://www.informatics.jax.org/searches/MP_form.shtml',NULL,NULL,'urn:lsid:bioontology.org:MPheno.ontology|UNASSIGNED',NULL,0,NULL),(228,3586,'Protein-protein interaction','OBO','Henning Hermjakob','Henning.Hermjakob@ebi.ac.uk','http://psidev.sf.net','http://psidev.sourceforge.net/mi/xml/doc/user/index.html',NULL,'urn:lsid:bioontology.org:PSI-MI|UNASSIGNED',NULL,0,NULL),(229,3589,'Protein modification','OBO','Luisa Montecchi','luisa@ebi.ac.uk','http://psidev.sourceforge.net/mod/','http://psidev.sourceforge.net/mod/',NULL,'urn:lsid:bioontology.org:PSI-MOD|UNASSIGNED',NULL,0,NULL),(230,3593,'Sequence Ontology','OBO','SONG developers','song-devel@lists.sourceforge.net','http://song.sourceforge.net/',NULL,NULL,'urn:lsid:bioontology.org:sequence|UNASSIGNED',NULL,1,NULL),(231,3905,'Protein Ontology','OWL-FULL','Amandeep S. Sidhu','asidhu@biomap.org','http://www.proteinontology.info/','http://proteinontology.info/documentation.htm','http://amandeep.org/bibliography.htm',NULL,NULL,0,NULL),(232,4513,'FMA','PROTEGE',NULL,NULL,NULL,NULL,NULL,'urn:iso:2.16.84.01.113883.6.119|1.1.0',NULL,0,NULL),(233,4519,'Amino Acid','OWL-FULL',NULL,NULL,NULL,NULL,NULL,'http://www.co-ode.org/ontologies/amino-acid/2006/05/18/amino-acid.owl#|version 1.2, copyright The University of Mancheste',NULL,0,NULL),(234,4525,'Galen','OWL-FULL',NULL,NULL,NULL,NULL,NULL,'http://example.org/factkb#|??',NULL,0,NULL),(235,4531,'Basic Vertebrate Anatomy','OWL-FULL',NULL,NULL,NULL,NULL,NULL,'http://www.co-ode.org/ontologies/basic-bio/basic-vertebrate-gross-anatomy.owl#|??',NULL,0,NULL),(236,4537,'RadLex','PROTEGE',NULL,NULL,NULL,NULL,NULL,'urn:iso:2.16.84.01.113883.6.150|1.0',NULL,0,NULL),(237,4545,'PATO','OBO','OBO phenotype group','obo-phenotype@lists.sourceforge.net','http://www.bioontology.org/wiki/index.php/PATO:Main_Page',NULL,NULL,'urn:lsid:bioontology.org:quality|UNASSIGNED',NULL,1,NULL),(238,4548,'Gene Ontology','OBO','Gene Ontology','go@geneontology.org','http://www.geneontology.org','http://www.geneontology.org/GO.doc.shtml',NULL,'urn:lsid:bioontology.org:gene_ontology|UNASSIGNED',NULL,1,NULL),(239,4551,'BRENDA tissue / enzyme source','OBO','BRENDA tissue ontology curators','marion.gremse@uni-koeln.de','http://www.brenda.uni-koeln.de','http://www.brenda.uni-koeln.de',NULL,'urn:lsid:bioontology.org:BrendaTissue510|UNASSIGNED',NULL,0,NULL),(240,4554,'Chemical entities of biological interest','OBO','ChEBI help','chebi-help@ebi.ac.uk','http://www.ebi.ac.uk/chebi','http://www.ebi.ac.uk/chebi/init.do?toolBarForward=userManual',NULL,'urn:lsid:bioontology.org:chebi_ontology|UNASSIGNED',NULL,1,NULL),(241,4558,'Dictyostelium discoideum anatomy','OBO','Rex Chisholm','r-chisholm@northwestern.edu','http://dictybase.org/',NULL,NULL,'urn:lsid:bioontology.org:Dictyostelium_discoideum_anatomy|UNASSIGNED',NULL,0,NULL),(242,4561,'FlyBase Controlled Vocabulary','OBO','Michael Ashburner','ma11@gen.cam.ac.uk','http://www.flybase.org/','http://flybase.bio.indiana.edu/.data/docs/refman/refman-G.html#G.2',NULL,'urn:lsid:bioontology.org:FlyBase miscellaneous CV|UNASSIGNED',NULL,0,NULL),(243,4564,'Mammalian phenotype','OBO','JAX phenotype list','pheno@informatics.jax.org','http://www.informatics.jax.org/searches/MP_form.shtml',NULL,NULL,'urn:lsid:bioontology.org:MPheno.ontology|UNASSIGNED',NULL,0,NULL),(244,4568,'Pathway ontology','OBO','Victoria Petri','vpetri@mcw.edu','http://rgd.mcw.edu/tools/ontology/ont_search.cgi','ftp://rgd.mcw.edu/pub/data_release/PW_Introduction.doc',NULL,'urn:lsid:bioontology.org:pathway|UNASSIGNED',NULL,0,NULL),(245,4571,'Protein-protein interaction','OBO','Henning Hermjakob','Henning.Hermjakob@ebi.ac.uk','http://psidev.sf.net','http://psidev.sourceforge.net/mi/xml/doc/user/index.html',NULL,'urn:lsid:bioontology.org:PSI-MI|UNASSIGNED',NULL,0,NULL),(246,4574,'Protein modification','OBO','Luisa Montecchi','luisa@ebi.ac.uk','http://psidev.sourceforge.net/mod/','http://psidev.sourceforge.net/mod/',NULL,'urn:lsid:bioontology.org:PSI-MOD|UNASSIGNED',NULL,0,NULL),(247,4578,'Physico-chemical process','OBO','Kirill Degtyarenko','kirill@ebi.ac.uk','http://www.ebi.ac.uk/~kirill/REX/',NULL,NULL,'urn:lsid:bioontology.org:rex.obo|UNASSIGNED',NULL,0,NULL),(248,4581,'Sequence Ontology','OBO','SONG developers','song-devel@lists.sourceforge.net','http://song.sourceforge.net/',NULL,NULL,'urn:lsid:bioontology.org:sequence|UNASSIGNED',NULL,1,NULL),(249,4584,'Zebrafish anatomy and development','OBO','ZFIN administrators','zfinadmin@zfin.org','http://zfin.org/zf_info/anatomy/dict/sum.html',NULL,NULL,'urn:lsid:bioontology.org:zebrafish_anatomical_ontology|UNASSIGNED',NULL,0,NULL),(250,4877,'SNP-Ontology','OWL-DL','Adrien Coulet','adrien dot coulet at loria dot fr','http://www.loria.fr/~coulet/snpontology_description.html',NULL,'http://ismb2006.cbi.cnptia.embrapa.br/poster_abstract.php?id=B-54','http://www.loria.fr/~coulet/ontology/snpontology/version1.4/snpontology_full.owl#|09 Oct 2006 modifications: - addition of the isPos',NULL,0,NULL),(251,4886,'NCI Thesaurus','OWL-FULL','NCICB Support','ncicb@pop.nci.nih.gov','http://ncicb.nci.nih.gov/core/EVS','http://nciterms.nci.nih.gov/NCIBrowser/Dictionary.do',NULL,'urn:oid:2.16.840.1.113883.3.26.1.1|07.06d',NULL,0,NULL),(252,4949,'Problem-Oriented Medical Record Ontology','OWL-DL','Chimezie Ogbuji','chimezie@gmail.com','http://metacognition.info','http://esw.w3.org/topic/HCLS/POMROntology','http://esw.w3.org/topic/HCLS/POMROntology',NULL,NULL,0,NULL),(253,5249,'ICD9','RRF',NULL,NULL,NULL,NULL,NULL,'urn:oid:2.16.840.1.113883.6.2|2005',NULL,0,NULL),(254,5958,'Mouse adult gross anatomy','OBO','Anatomy at JAX','anatomy@informatics.jax.org','http://www.informatics.jax.org/searches/AMA_form.shtml',NULL,NULL,'urn:lsid:bioontology.org:adult_mouse_anatomy.gxd|UNASSIGNED',NULL,0,NULL),(255,5961,'Cereal plant gross anatomy','OBO','Gramene curators','gramene@gramene.org','http://www.gramene.org/plant_ontology/','http://www.gramene.org/plant_ontology/index.html#po',NULL,'urn:lsid:bioontology.org:plant_structure|$Revision: 1.50 $',NULL,0,NULL),(256,5964,'PATO','OBO','OBO phenotype group','obo-phenotype@lists.sourceforge.net','http://www.bioontology.org/wiki/index.php/PATO:Main_Page',NULL,NULL,'urn:lsid:bioontology.org:quality|UNASSIGNED',NULL,1,NULL),(257,5967,'Gene Ontology','OBO','Gene Ontology','go@geneontology.org','http://www.geneontology.org','http://www.geneontology.org/GO.doc.shtml',NULL,'urn:lsid:bioontology.org:gene_ontology|UNASSIGNED',NULL,1,NULL),(258,5971,'BRENDA tissue / enzyme source','OBO','BRENDA tissue ontology curators','marion.gremse@uni-koeln.de','http://www.brenda.uni-koeln.de','http://www.brenda.uni-koeln.de',NULL,'urn:lsid:bioontology.org:BrendaTissue510|UNASSIGNED',NULL,0,NULL),(259,5974,'FlyBase Controlled Vocabulary','OBO','Michael Ashburner','ma11@gen.cam.ac.uk','http://www.flybase.org/','http://flybase.bio.indiana.edu/.data/docs/refman/refman-G.html#G.2',NULL,'urn:lsid:bioontology.org:FlyBase miscellaneous CV|UNASSIGNED',NULL,0,NULL),(260,5978,'Mammalian phenotype','OBO','JAX phenotype list','pheno@informatics.jax.org','http://www.informatics.jax.org/searches/MP_form.shtml',NULL,NULL,'urn:lsid:bioontology.org:MPheno.ontology|UNASSIGNED',NULL,0,NULL),(261,6676,'SNP-Ontology','OWL-DL','Adrien Coulet','adrien dot coulet at loria dot fr','http://www.loria.fr/~coulet/snpontology_description.html',NULL,'http://ismb2006.cbi.cnptia.embrapa.br/poster_abstract.php?id=B-54','http://www.loria.fr/~coulet/ontology/snpontology/version1.4/snpontology_full.owl#|09 Oct 2006 modifications: - addition of the isPos',NULL,0,NULL),(262,6723,'SNP-Ontology','OWL-DL','Adrien Coulet','adrien dot coulet at loria dot fr','http://www.loria.fr/~coulet/snpontology_description.html',NULL,'http://ismb2006.cbi.cnptia.embrapa.br/poster_abstract.php?id=B-54','http://www.loria.fr/~coulet/ontology/snpontology/version1.4/snpontology_full.owl#|09 Oct 2006 modifications: - addition of the isPos',NULL,0,NULL),(263,8056,'Epoch Clinical Trial Ontologies','OWL-FULL','Ravi Shankar, Stanford Medical Informatics','rshankar@stanford.edu',NULL,NULL,'http://smi.stanford.edu/smi-web/research/projectDetail.jsp?projectId=9',NULL,NULL,0,NULL),(264,8102,'SO-Pharm','OWL-DL','Adrien Coulet','adrien.coulet@loria.fr','http://www.loria.fr/~coulet/sopharm1.3_description.html',NULL,'http://hal.inria.fr/inria-00089824/en/',NULL,NULL,0,NULL),(265,12547,'SNP-Ontology','OWL-DL','Adrien Coulet','adrien dot coulet at loria dot fr','http://www.loria.fr/~coulet/snpontology_description.html',NULL,'http://ismb2006.cbi.cnptia.embrapa.br/poster_abstract.php?id=B-54','http://www.loria.fr/~coulet/ontology/snpontology/version1.4/snpontology_full.owl#|09 Oct 2006 modifications: - addition of the isPos',NULL,0,NULL),(266,12848,'Proteomics data and process provenance','OWL-FULL','Satya S. Sahoo','satya30@uga.edu','http://lsdis.cs.uga.edu/projects/glycomics/propreo/','http://lsdis.cs.uga.edu/projects/glycomics/propreo/',NULL,'http://lsdis.cs.uga.edu/projects/glycomics/propreo#|??',NULL,0,NULL),(267,12909,'PRotein Ontology (PRO)','OBO','Protein Information Resource','zh9@georgetown.edu','http://pir.georgetown.edu/pro/','http://pir.georgetown.edu/pirwww/about/doc/PRObrochure.pdf','http://pir.georgetown.edu/pro/propublications.shtml',NULL,NULL,0,NULL),(268,13209,'SO-Pharm','OWL-DL','Adrien Coulet','adrien.coulet@loria.fr','http://www.loria.fr/~coulet/sopharm1.3_description.html',NULL,'http://hal.inria.fr/inria-00089824/en/',NULL,NULL,0,NULL),(269,13287,'Mouse adult gross anatomy','OBO','Anatomy at JAX','anatomy@informatics.jax.org','http://www.informatics.jax.org/searches/AMA_form.shtml',NULL,NULL,'urn:lsid:bioontology.org:adult_mouse_anatomy.gxd|UNASSIGNED',NULL,0,NULL),(270,13290,'Cereal plant gross anatomy','OBO','Gramene curators','gramene@gramene.org','http://www.gramene.org/plant_ontology/','http://www.gramene.org/plant_ontology/index.html#po',NULL,'urn:lsid:bioontology.org:plant_structure|$Revision: 1.50 $',NULL,0,NULL),(271,13293,'PATO','OBO','OBO phenotype group','obo-phenotype@lists.sourceforge.net','http://www.bioontology.org/wiki/index.php/PATO:Main_Page',NULL,NULL,'urn:lsid:bioontology.org:quality|UNASSIGNED',NULL,1,NULL),(272,13296,'Gene Ontology','OBO','Gene Ontology','go@geneontology.org','http://www.geneontology.org','http://www.geneontology.org/GO.doc.shtml',NULL,'urn:lsid:bioontology.org:gene_ontology|UNASSIGNED',NULL,1,NULL),(273,13300,'BRENDA tissue / enzyme source','OBO','BRENDA tissue ontology curators','marion.gremse@uni-koeln.de','http://www.brenda.uni-koeln.de','http://www.brenda.uni-koeln.de',NULL,'urn:lsid:bioontology.org:BrendaTissue510|UNASSIGNED',NULL,0,NULL),(274,13305,'Common Anatomy Reference Ontology','OBO','Melissa Haendel','mhaendel@uoneuro.uoregon.edu','http://www.bioontology.org/wiki/index.php/CARO:Main_Page',NULL,NULL,'urn:lsid:bioontology.org:caro|UNASSIGNED',NULL,1,NULL),(275,13312,'Cell type','OBO','Oliver Hofmann','oliver@sanbi.ac.za','http://lists.sourceforge.net/lists/listinfo/obo-cell-type',NULL,NULL,'urn:lsid:bioontology.org:cell|UNASSIGNED',NULL,1,NULL),(276,13315,'Chemical entities of biological interest','OBO','ChEBI help','chebi-help@ebi.ac.uk','http://www.ebi.ac.uk/chebi','http://www.ebi.ac.uk/chebi/init.do?toolBarForward=userManual',NULL,'urn:lsid:bioontology.org:chebi_ontology|UNASSIGNED',NULL,1,NULL),(277,13320,'Dictyostelium discoideum anatomy','OBO','Rex Chisholm','r-chisholm@northwestern.edu','http://dictybase.org/',NULL,NULL,'urn:lsid:bioontology.org:Dictyostelium_discoideum_anatomy|UNASSIGNED',NULL,0,NULL),(278,13323,'Mouse gross anatomy and development','OBO','Jonathan Bard','J.Bard@ed.ac.uk','http://genex.hgu.mrc.ac.uk/',NULL,NULL,'urn:lsid:bioontology.org:mouse_anatomy_stages|UNASSIGNED',NULL,0,NULL),(279,13327,'Event (INOH pathway ontology)','OBO','INOH curators','curator@inoh.org','http://www.inoh.org','http://www.inoh.org/info/ontologies/',NULL,'urn:lsid:bioontology.org:IEV|UNASSIGNED',NULL,0,NULL),(280,13330,'Evidence codes','OBO','Michael Ashburner','ma11@gen.cam.ac.uk',NULL,NULL,NULL,'urn:lsid:bioontology.org:evidence_code2.obo|UNASSIGNED',NULL,0,NULL),(281,13334,'Drosophila gross anatomy','OBO','Michael Ashburner','ma11@gen.cam.ac.uk','http://www.flybase.org/',NULL,NULL,'urn:lsid:bioontology.org:fly_anatomy.ontology|UNASSIGNED',NULL,0,NULL),(282,13338,'Drosophila development','OBO','Michael Ashburner','ma11@gen.cam.ac.uk','http://www.flybase.org/',NULL,NULL,'urn:lsid:bioontology.org:fly_development.ontology|UNASSIGNED',NULL,0,NULL),(283,13342,'Fly taxonomy','OBO','Michael Ashburner','ma11@gen.cam.ac.uk','http://www.flybase.org/',NULL,NULL,NULL,NULL,0,NULL),(284,13348,'FlyBase Controlled Vocabulary','OBO','Michael Ashburner','ma11@gen.cam.ac.uk','http://www.flybase.org/','http://flybase.bio.indiana.edu/.data/docs/refman/refman-G.html#G.2',NULL,'urn:lsid:bioontology.org:FlyBase miscellaneous CV|UNASSIGNED',NULL,0,NULL),(285,13352,'Human developmental anatomy, abstract version','OBO','Jonathan Bard','J.Bard@ed.ac.uk','http://genex.hgu.mrc.ac.uk/',NULL,NULL,'urn:lsid:bioontology.org:human-dev-anat-abstract|UNASSIGNED',NULL,0,NULL),(286,13356,'Human developmental anatomy, timed version','OBO','Jonathan Bard','J.Bard@ed.ac.uk','http://genex.hgu.mrc.ac.uk/',NULL,NULL,'urn:lsid:bioontology.org:human-dev-anat-staged|UNASSIGNED',NULL,0,NULL),(287,13361,'Mammalian phenotype','OBO','JAX phenotype list','pheno@informatics.jax.org','http://www.informatics.jax.org/searches/MP_form.shtml',NULL,NULL,'urn:lsid:bioontology.org:MPheno.ontology|UNASSIGNED',NULL,0,NULL),(288,13364,'Molecule role (INOH Protein name/family name ontology)','OBO','INOH curators','curator@inoh.org','http://www.inoh.org','http://www.inoh.org/info/ontologies/',NULL,'urn:lsid:bioontology.org:molecule_role|UNASSIGNED',NULL,0,NULL),(289,13369,'Pathway ontology','OBO','Victoria Petri','vpetri@mcw.edu','http://rgd.mcw.edu/tools/ontology/ont_search.cgi','ftp://rgd.mcw.edu/pub/data_release/PW_Introduction.doc',NULL,'urn:lsid:bioontology.org:pathway|UNASSIGNED',NULL,0,NULL),(290,13374,'Cereal plant trait','OBO','Gramene curators','gramene@gramene.org','http://www.gramene.org/plant_ontology/','http://www.gramene.org/plant_ontology/index.html#to',NULL,'urn:lsid:bioontology.org:plant_trait_ontology|$Revision: 1.60 $',NULL,0,NULL),(291,13379,'Plant growth and developmental stage','OBO','Plant Ontology Consortium developers','po-dev@plantontology.org','http://www.plantontology.org','http://www.plantontology.org/docs/docs.html',NULL,'urn:lsid:bioontology.org:plant_ontology|$Revision: 1.32 $',NULL,0,NULL),(292,13386,'Proteomics data and process provenance','OWL-FULL','Satya S. Sahoo','satya30@uga.edu','http://lsdis.cs.uga.edu/projects/glycomics/propreo/','http://lsdis.cs.uga.edu/projects/glycomics/propreo/',NULL,'http://lsdis.cs.uga.edu/projects/glycomics/propreo#|??',NULL,0,NULL),(293,13389,'Protein-protein interaction','OBO','Henning Hermjakob','Henning.Hermjakob@ebi.ac.uk','http://psidev.sf.net','http://psidev.sourceforge.net/mi/xml/doc/user/index.html',NULL,'urn:lsid:bioontology.org:PSI-MI|UNASSIGNED',NULL,0,NULL),(294,13394,'Protein modification','OBO','Luisa Montecchi','luisa@ebi.ac.uk','http://psidev.sourceforge.net/mod/','http://psidev.sourceforge.net/mod/',NULL,'urn:lsid:bioontology.org:PSI-MOD|UNASSIGNED',NULL,0,NULL),(295,13397,'Physico-chemical process','OBO','Kirill Degtyarenko','kirill@ebi.ac.uk','http://www.ebi.ac.uk/~kirill/REX/',NULL,NULL,'urn:lsid:bioontology.org:rex.obo|UNASSIGNED',NULL,0,NULL),(296,13400,'Sequence Ontology','OBO','SONG developers','song-devel@lists.sourceforge.net','http://song.sourceforge.net/',NULL,NULL,'urn:lsid:bioontology.org:sequence|UNASSIGNED',NULL,1,NULL),(297,13404,'Cereal plant development','OBO','Gramene curators','gramene@gramene.org','http://www.gramene.org/plant_ontology/','http://www.gramene.org/plant_ontology/index.html#po',NULL,'urn:lsid:bioontology.org:cereal_plant_growth_stage|$Revision: 1.6 $',NULL,0,NULL),(298,13410,'Tick gross anatomy','OBO','Daniel Sonenshine','dsonensh@odu.edu','http://www.anobase.org',NULL,NULL,NULL,NULL,0,NULL),(299,13418,'Unit','OBO','OBO Unit list','obo-unit@lists.sourceforge.net','http://www.bioontology.org/wiki/index.php/PATO:Main_Page',NULL,NULL,'urn:lsid:bioontology.org:unit.ontology|UNASSIGNED',NULL,1,NULL),(300,13426,'C. elegans phenotype','OBO','Gary Schindelman','garys@caltech.edu','http://www.wormbase.org/',NULL,NULL,NULL,NULL,0,NULL),(301,13578,'NCI Thesaurus','OWL-FULL','NCICB Support','ncicb@pop.nci.nih.gov','http://ncicb.nci.nih.gov/core/EVS','http://nciterms.nci.nih.gov/NCIBrowser/Dictionary.do',NULL,'urn:oid:2.16.840.1.113883.3.26.1.1|07.06d',NULL,0,NULL),(302,14016,'Gene Ontology','OBO','Gene Ontology','go@geneontology.org','http://www.geneontology.org','http://www.geneontology.org/GO.doc.shtml',NULL,'urn:lsid:bioontology.org:gene_ontology|UNASSIGNED',NULL,1,NULL),(303,14021,'Mammalian phenotype','OBO','JAX phenotype list','pheno@informatics.jax.org','http://www.informatics.jax.org/searches/MP_form.shtml',NULL,NULL,'urn:lsid:bioontology.org:MPheno.ontology|UNASSIGNED',NULL,0,NULL),(304,14026,'Pathway ontology','OBO','Victoria Petri','vpetri@mcw.edu','http://rgd.mcw.edu/tools/ontology/ont_search.cgi','ftp://rgd.mcw.edu/pub/data_release/PW_Introduction.doc',NULL,'urn:lsid:bioontology.org:pathway|UNASSIGNED',NULL,0,NULL),(305,14031,'Protein-protein interaction','OBO','Henning Hermjakob','Henning.Hermjakob@ebi.ac.uk','http://psidev.sf.net','http://psidev.sourceforge.net/mi/xml/doc/user/index.html',NULL,'urn:lsid:bioontology.org:PSI-MI|UNASSIGNED',NULL,0,NULL),(306,14035,'Sequence Ontology','OBO','SONG developers','song-devel@lists.sourceforge.net','http://song.sourceforge.net/',NULL,NULL,'urn:lsid:bioontology.org:sequence|UNASSIGNED',NULL,1,NULL),(307,14174,'Problem-Oriented Medical Record Ontology','OWL-DL','Chimezie Ogbuji','chimezie@gmail.com','http://metacognition.info','http://esw.w3.org/topic/HCLS/POMROntology','http://esw.w3.org/topic/HCLS/POMROntology',NULL,NULL,0,NULL),(308,14391,'Subcellular Anatomy Ontology (SAO)','OWL-DL','Maryann Martone','mmartone@ucsd.edu','http://ccdb.ucsd.edu/SAO','http://ccdb.ucsd.edu/SAO','http://ccdb.ucsd.edu/SAO','http://ccdb.ucsd.edu/SAO/1.2#|Version 1.2',NULL,0,NULL),(309,15726,'Mouse adult gross anatomy','OBO','Anatomy at JAX','anatomy@informatics.jax.org','http://www.informatics.jax.org/searches/AMA_form.shtml',NULL,NULL,'urn:lsid:bioontology.org:adult_mouse_anatomy.gxd|UNASSIGNED',NULL,0,NULL),(310,15729,'PATO','OBO','OBO phenotype group','obo-phenotype@lists.sourceforge.net','http://www.bioontology.org/wiki/index.php/PATO:Main_Page',NULL,NULL,'urn:lsid:bioontology.org:quality|UNASSIGNED',NULL,1,NULL),(311,15732,'BRENDA tissue / enzyme source','OBO','BRENDA tissue ontology curators','marion.gremse@uni-koeln.de','http://www.brenda.uni-koeln.de','http://www.brenda.uni-koeln.de',NULL,'urn:lsid:bioontology.org:BrendaTissue510|UNASSIGNED',NULL,0,NULL),(312,15735,'Chemical entities of biological interest','OBO','ChEBI help','chebi-help@ebi.ac.uk','http://www.ebi.ac.uk/chebi','http://www.ebi.ac.uk/chebi/init.do?toolBarForward=userManual',NULL,'urn:lsid:bioontology.org:chebi_ontology|UNASSIGNED',NULL,1,NULL),(313,15740,'Dictyostelium discoideum anatomy','OBO','Rex Chisholm','r-chisholm@northwestern.edu','http://dictybase.org/',NULL,NULL,'urn:lsid:bioontology.org:Dictyostelium_discoideum_anatomy|UNASSIGNED',NULL,0,NULL),(314,15745,'Environment Ontology','OBO','Norman Morrison','morrison@cs.man.ac.uk',NULL,'http://www.envoc.org',NULL,'urn:lsid:bioontology.org:ENVO|$Revision 1.34$',NULL,1,NULL),(315,15751,'Event (INOH pathway ontology)','OBO','INOH curators','curator@inoh.org','http://www.inoh.org','http://www.inoh.org/info/ontologies/',NULL,'urn:lsid:bioontology.org:IEV|UNASSIGNED',NULL,0,NULL),(316,15756,'Evidence codes','OBO','Michael Ashburner','ma11@gen.cam.ac.uk',NULL,NULL,NULL,'urn:lsid:bioontology.org:evidence_code2.obo|UNASSIGNED',NULL,0,NULL),(317,15761,'Mammalian phenotype','OBO','JAX phenotype list','pheno@informatics.jax.org','http://www.informatics.jax.org/searches/MP_form.shtml',NULL,NULL,'urn:lsid:bioontology.org:MPheno.ontology|UNASSIGNED',NULL,0,NULL),(318,15764,'Molecule role (INOH Protein name/family name ontology)','OBO','INOH curators','curator@inoh.org','http://www.inoh.org','http://www.inoh.org/info/ontologies/',NULL,'urn:lsid:bioontology.org:molecule_role|UNASSIGNED',NULL,0,NULL),(319,15768,'Mosquito gross anatomy','OBO','C. Louis','louis@imbb.forth.gr','http://www.anobase.org',NULL,NULL,'urn:lsid:bioontology.org:default_namespace|UNASSIGNED',NULL,0,NULL),(320,15773,'Pathway ontology','OBO','Victoria Petri','vpetri@mcw.edu','http://rgd.mcw.edu/tools/ontology/ont_search.cgi','ftp://rgd.mcw.edu/pub/data_release/PW_Introduction.doc',NULL,'urn:lsid:bioontology.org:pathway|UNASSIGNED',NULL,0,NULL),(321,15778,'Protein-protein interaction','OBO','Henning Hermjakob','Henning.Hermjakob@ebi.ac.uk','http://psidev.sf.net','http://psidev.sourceforge.net/mi/xml/doc/user/index.html',NULL,'urn:lsid:bioontology.org:PSI-MI|UNASSIGNED',NULL,0,NULL),(322,15782,'Sequence Ontology','OBO','SONG developers','song-devel@lists.sourceforge.net','http://song.sourceforge.net/',NULL,NULL,'urn:lsid:bioontology.org:sequence|UNASSIGNED',NULL,1,NULL),(323,15792,'Zebrafish anatomy and development','OBO','ZFIN administrators','zfinadmin@zfin.org','http://zfin.org/zf_info/anatomy/dict/sum.html',NULL,NULL,'urn:lsid:bioontology.org:zebrafish_anatomical_ontology|UNASSIGNED',NULL,0,NULL),(324,15986,'Protein-protein interaction','OBO','Henning Hermjakob','Henning.Hermjakob@ebi.ac.uk','http://psidev.sf.net','http://psidev.sourceforge.net/mi/xml/doc/user/index.html',NULL,'urn:lsid:bioontology.org:PSI-MI|UNASSIGNED',NULL,0,NULL),(325,16022,'Mammalian phenotype','OBO','JAX phenotype list','pheno@informatics.jax.org','http://www.informatics.jax.org/searches/MP_form.shtml',NULL,NULL,'urn:lsid:bioontology.org:MPheno.ontology|UNASSIGNED',NULL,0,NULL),(326,16029,'Protein-protein interaction','OBO','Henning Hermjakob','Henning.Hermjakob@ebi.ac.uk','http://psidev.sf.net','http://psidev.sourceforge.net/mi/xml/doc/user/index.html',NULL,'urn:lsid:bioontology.org:PSI-MI|UNASSIGNED',NULL,0,NULL),(327,16032,'Sequence Ontology','OBO','SONG developers','song-devel@lists.sourceforge.net','http://song.sourceforge.net/',NULL,NULL,'urn:lsid:bioontology.org:sequence|UNASSIGNED',NULL,1,NULL),(328,16080,'PATO','OBO','OBO phenotype group','obo-phenotype@lists.sourceforge.net','http://www.bioontology.org/wiki/index.php/PATO:Main_Page',NULL,NULL,'urn:lsid:bioontology.org:quality|UNASSIGNED',NULL,1,NULL),(329,16089,'Protein-protein interaction','OBO','Henning Hermjakob','Henning.Hermjakob@ebi.ac.uk','http://psidev.sf.net','http://psidev.sourceforge.net/mi/xml/doc/user/index.html',NULL,'urn:lsid:bioontology.org:PSI-MI|UNASSIGNED',NULL,0,NULL),(330,16092,'Sequence Ontology','OBO','SONG developers','song-devel@lists.sourceforge.net','http://song.sourceforge.net/',NULL,NULL,'urn:lsid:bioontology.org:sequence|UNASSIGNED',NULL,1,NULL),(331,16190,'Mammalian phenotype','OBO','JAX phenotype list','pheno@informatics.jax.org','http://www.informatics.jax.org/searches/MP_form.shtml',NULL,NULL,'urn:lsid:bioontology.org:MPheno.ontology|UNASSIGNED',NULL,0,NULL),(332,16195,'Pathway ontology','OBO','Victoria Petri','vpetri@mcw.edu','http://rgd.mcw.edu/tools/ontology/ont_search.cgi','ftp://rgd.mcw.edu/pub/data_release/PW_Introduction.doc',NULL,'urn:lsid:bioontology.org:pathway|UNASSIGNED',NULL,0,NULL),(333,16198,'Cereal plant trait','OBO','Gramene curators','gramene@gramene.org','http://www.gramene.org/plant_ontology/','http://www.gramene.org/plant_ontology/index.html#to',NULL,'urn:lsid:bioontology.org:plant_trait_ontology|$Revision: 1.60 $',NULL,0,NULL),(334,16203,'Protein-protein interaction','OBO','Henning Hermjakob','Henning.Hermjakob@ebi.ac.uk','http://psidev.sf.net','http://psidev.sourceforge.net/mi/xml/doc/user/index.html',NULL,'urn:lsid:bioontology.org:PSI-MI|UNASSIGNED',NULL,0,NULL),(335,16207,'Sequence Ontology','OBO','SONG developers','song-devel@lists.sourceforge.net','http://song.sourceforge.net/',NULL,NULL,'urn:lsid:bioontology.org:sequence|UNASSIGNED',NULL,1,NULL),(336,16240,'Mammalian phenotype','OBO','JAX phenotype list','pheno@informatics.jax.org','http://www.informatics.jax.org/searches/MP_form.shtml',NULL,NULL,'urn:lsid:bioontology.org:MPheno.ontology|UNASSIGNED',NULL,0,NULL),(337,16247,'Protein-protein interaction','OBO','Henning Hermjakob','Henning.Hermjakob@ebi.ac.uk','http://psidev.sf.net','http://psidev.sourceforge.net/mi/xml/doc/user/index.html',NULL,'urn:lsid:bioontology.org:PSI-MI|UNASSIGNED',NULL,0,NULL),(338,16274,'Protein-protein interaction','OBO','Henning Hermjakob','Henning.Hermjakob@ebi.ac.uk','http://psidev.sf.net','http://psidev.sourceforge.net/mi/xml/doc/user/index.html',NULL,'urn:lsid:bioontology.org:PSI-MI|UNASSIGNED',NULL,0,NULL),(339,16329,'Protein-protein interaction','OBO','Henning Hermjakob','Henning.Hermjakob@ebi.ac.uk','http://psidev.sf.net','http://psidev.sourceforge.net/mi/xml/doc/user/index.html',NULL,'urn:lsid:bioontology.org:PSI-MI|UNASSIGNED',NULL,0,NULL),(340,16347,'Environment Ontology','OBO','Norman Morrison','morrison@cs.man.ac.uk',NULL,'http://www.envoc.org',NULL,'urn:lsid:bioontology.org:ENVO|$Revision 1.34$',NULL,1,NULL),(341,16355,'Protein-protein interaction','OBO','Henning Hermjakob','Henning.Hermjakob@ebi.ac.uk','http://psidev.sf.net','http://psidev.sourceforge.net/mi/xml/doc/user/index.html',NULL,'urn:lsid:bioontology.org:PSI-MI|UNASSIGNED',NULL,0,NULL),(342,16358,'Sequence Ontology','OBO','SONG developers','song-devel@lists.sourceforge.net','http://song.sourceforge.net/',NULL,NULL,'urn:lsid:bioontology.org:sequence|UNASSIGNED',NULL,1,NULL),(343,16402,'Environment Ontology','OBO','Norman Morrison','morrison@cs.man.ac.uk',NULL,'http://www.envoc.org',NULL,'urn:lsid:bioontology.org:ENVO|$Revision 1.34$',NULL,1,NULL),(344,16410,'Protein-protein interaction','OBO','Henning Hermjakob','Henning.Hermjakob@ebi.ac.uk','http://psidev.sf.net','http://psidev.sourceforge.net/mi/xml/doc/user/index.html',NULL,'urn:lsid:bioontology.org:PSI-MI|UNASSIGNED',NULL,0,NULL),(345,16413,'Sequence Ontology','OBO','SONG developers','song-devel@lists.sourceforge.net','http://song.sourceforge.net/',NULL,NULL,'urn:lsid:bioontology.org:sequence|UNASSIGNED',NULL,1,NULL),(346,16513,'Protein-protein interaction','OBO','Henning Hermjakob','Henning.Hermjakob@ebi.ac.uk','http://psidev.sf.net','http://psidev.sourceforge.net/mi/xml/doc/user/index.html',NULL,'urn:lsid:bioontology.org:PSI-MI|UNASSIGNED',NULL,0,NULL),(347,16551,'Protein-protein interaction','OBO','Henning Hermjakob','Henning.Hermjakob@ebi.ac.uk','http://psidev.sf.net','http://psidev.sourceforge.net/mi/xml/doc/user/index.html',NULL,'urn:lsid:bioontology.org:PSI-MI|UNASSIGNED',NULL,0,NULL),(348,16554,'Sequence Ontology','OBO','SONG developers','song-devel@lists.sourceforge.net','http://song.sourceforge.net/',NULL,NULL,'urn:lsid:bioontology.org:sequence|UNASSIGNED',NULL,1,NULL),(349,16587,'Protein-protein interaction','OBO','Henning Hermjakob','Henning.Hermjakob@ebi.ac.uk','http://psidev.sf.net','http://psidev.sourceforge.net/mi/xml/doc/user/index.html',NULL,'urn:lsid:bioontology.org:PSI-MI|UNASSIGNED',NULL,0,NULL),(350,16605,'Protein-protein interaction','OBO','Henning Hermjakob','Henning.Hermjakob@ebi.ac.uk','http://psidev.sf.net','http://psidev.sourceforge.net/mi/xml/doc/user/index.html',NULL,'urn:lsid:bioontology.org:PSI-MI|UNASSIGNED',NULL,0,NULL),(351,16624,'Protein-protein interaction','OBO','Henning Hermjakob','Henning.Hermjakob@ebi.ac.uk','http://psidev.sf.net','http://psidev.sourceforge.net/mi/xml/doc/user/index.html',NULL,'urn:lsid:bioontology.org:PSI-MI|UNASSIGNED',NULL,0,NULL),(352,16627,'Sequence Ontology','OBO','SONG developers','song-devel@lists.sourceforge.net','http://song.sourceforge.net/',NULL,NULL,'urn:lsid:bioontology.org:sequence|UNASSIGNED',NULL,1,NULL),(353,16674,'Pathway ontology','OBO','Victoria Petri','vpetri@mcw.edu','http://rgd.mcw.edu/tools/ontology/ont_search.cgi','ftp://rgd.mcw.edu/pub/data_release/PW_Introduction.doc',NULL,'urn:lsid:bioontology.org:pathway|UNASSIGNED',NULL,0,NULL),(354,16679,'Protein-protein interaction','OBO','Henning Hermjakob','Henning.Hermjakob@ebi.ac.uk','http://psidev.sf.net','http://psidev.sourceforge.net/mi/xml/doc/user/index.html',NULL,'urn:lsid:bioontology.org:PSI-MI|UNASSIGNED',NULL,0,NULL),(355,16736,'Protein-protein interaction','OBO','Henning Hermjakob','Henning.Hermjakob@ebi.ac.uk','http://psidev.sf.net','http://psidev.sourceforge.net/mi/xml/doc/user/index.html',NULL,'urn:lsid:bioontology.org:PSI-MI|UNASSIGNED',NULL,0,NULL),(356,16739,'Zebrafish anatomy and development','OBO','ZFIN administrators','zfinadmin@zfin.org','http://zfin.org/zf_info/anatomy/dict/sum.html',NULL,NULL,'urn:lsid:bioontology.org:zebrafish_anatomical_ontology|UNASSIGNED',NULL,0,NULL),(357,16777,'PATO','OBO','OBO phenotype group','obo-phenotype@lists.sourceforge.net','http://www.bioontology.org/wiki/index.php/PATO:Main_Page',NULL,NULL,'urn:lsid:bioontology.org:quality|UNASSIGNED',NULL,1,NULL),(358,16786,'Protein-protein interaction','OBO','Henning Hermjakob','Henning.Hermjakob@ebi.ac.uk','http://psidev.sf.net','http://psidev.sourceforge.net/mi/xml/doc/user/index.html',NULL,'urn:lsid:bioontology.org:PSI-MI|UNASSIGNED',NULL,0,NULL),(359,16866,'Protein-protein interaction','OBO','Henning Hermjakob','Henning.Hermjakob@ebi.ac.uk','http://psidev.sf.net','http://psidev.sourceforge.net/mi/xml/doc/user/index.html',NULL,'urn:lsid:bioontology.org:PSI-MI|UNASSIGNED',NULL,0,NULL),(360,16889,'Protein-protein interaction','OBO','Henning Hermjakob','Henning.Hermjakob@ebi.ac.uk','http://psidev.sf.net','http://psidev.sourceforge.net/mi/xml/doc/user/index.html',NULL,'urn:lsid:bioontology.org:PSI-MI|UNASSIGNED',NULL,0,NULL),(361,16957,'Protein-protein interaction','OBO','Henning Hermjakob','Henning.Hermjakob@ebi.ac.uk','http://psidev.sf.net','http://psidev.sourceforge.net/mi/xml/doc/user/index.html',NULL,'urn:lsid:bioontology.org:PSI-MI|UNASSIGNED',NULL,0,NULL),(362,17055,'Environment Ontology','OBO','Norman Morrison','morrison@cs.man.ac.uk',NULL,'http://www.envoc.org',NULL,'urn:lsid:bioontology.org:ENVO|$Revision 1.34$',NULL,1,NULL),(363,17063,'Protein-protein interaction','OBO','Henning Hermjakob','Henning.Hermjakob@ebi.ac.uk','http://psidev.sf.net','http://psidev.sourceforge.net/mi/xml/doc/user/index.html',NULL,'urn:lsid:bioontology.org:PSI-MI|UNASSIGNED',NULL,0,NULL),(364,17098,'Dictyostelium discoideum anatomy','OBO','Rex Chisholm','r-chisholm@northwestern.edu','http://dictybase.org/',NULL,NULL,'urn:lsid:bioontology.org:Dictyostelium_discoideum_anatomy|UNASSIGNED',NULL,0,NULL),(365,17501,'PATO','OBO','OBO phenotype group','obo-phenotype@lists.sourceforge.net','http://www.bioontology.org/wiki/index.php/PATO:Main_Page',NULL,NULL,'urn:lsid:bioontology.org:quality|UNASSIGNED',NULL,1,NULL),(366,17929,'Chemical entities of biological interest','OBO','ChEBI help','chebi-help@ebi.ac.uk','http://www.ebi.ac.uk/chebi','http://www.ebi.ac.uk/chebi/init.do?toolBarForward=userManual',NULL,'urn:lsid:bioontology.org:chebi_ontology|UNASSIGNED',NULL,1,NULL),(367,17933,'Human disease','OBO','discussion list','diseaseontology-discussion@lists.sourceforge.net','http://diseaseontology.sourceforge.net/','http://diseaseontology.sourceforge.net/',NULL,'urn:lsid:bioontology.org:disease_ontology|UNASSIGNED',NULL,0,NULL),(368,17939,'Pathway ontology','OBO','Victoria Petri','vpetri@mcw.edu','http://rgd.mcw.edu/tools/ontology/ont_search.cgi','ftp://rgd.mcw.edu/pub/data_release/PW_Introduction.doc',NULL,'urn:lsid:bioontology.org:pathway|UNASSIGNED',NULL,0,NULL),(369,17942,'Cereal plant trait','OBO','Gramene curators','gramene@gramene.org','http://www.gramene.org/plant_ontology/','http://www.gramene.org/plant_ontology/index.html#to',NULL,'urn:lsid:bioontology.org:plant_trait_ontology|$Revision: 1.60 $',NULL,0,NULL),(370,17948,'Protein-protein interaction','OBO','Henning Hermjakob','Henning.Hermjakob@ebi.ac.uk','http://psidev.sf.net','http://psidev.sourceforge.net/mi/xml/doc/user/index.html',NULL,'urn:lsid:bioontology.org:PSI-MI|UNASSIGNED',NULL,0,NULL),(371,17951,'Sequence Ontology','OBO','SONG developers','song-devel@lists.sourceforge.net','http://song.sourceforge.net/',NULL,NULL,'urn:lsid:bioontology.org:sequence|UNASSIGNED',NULL,1,NULL),(372,18023,'Protein-protein interaction','OBO','Henning Hermjakob','Henning.Hermjakob@ebi.ac.uk','http://psidev.sf.net','http://psidev.sourceforge.net/mi/xml/doc/user/index.html',NULL,'urn:lsid:bioontology.org:PSI-MI|UNASSIGNED',NULL,0,NULL),(373,18085,'Cereal plant trait','OBO','Gramene curators','gramene@gramene.org','http://www.gramene.org/plant_ontology/','http://www.gramene.org/plant_ontology/index.html#to',NULL,'urn:lsid:bioontology.org:plant_trait_ontology|$Revision: 1.60 $',NULL,0,NULL),(374,18090,'Protein-protein interaction','OBO','Henning Hermjakob','Henning.Hermjakob@ebi.ac.uk','http://psidev.sf.net','http://psidev.sourceforge.net/mi/xml/doc/user/index.html',NULL,'urn:lsid:bioontology.org:PSI-MI|UNASSIGNED',NULL,0,NULL),(375,18134,'PATO','OBO','OBO phenotype group','obo-phenotype@lists.sourceforge.net','http://www.bioontology.org/wiki/index.php/PATO:Main_Page',NULL,NULL,'urn:lsid:bioontology.org:quality|UNASSIGNED',NULL,1,NULL),(376,18143,'Protein-protein interaction','OBO','Henning Hermjakob','Henning.Hermjakob@ebi.ac.uk','http://psidev.sf.net','http://psidev.sourceforge.net/mi/xml/doc/user/index.html',NULL,'urn:lsid:bioontology.org:PSI-MI|UNASSIGNED',NULL,0,NULL),(377,18186,'Environment Ontology','OBO','Norman Morrison','morrison@cs.man.ac.uk',NULL,'http://www.envoc.org',NULL,'urn:lsid:bioontology.org:ENVO|$Revision 1.34$',NULL,1,NULL),(378,18194,'Protein-protein interaction','OBO','Henning Hermjakob','Henning.Hermjakob@ebi.ac.uk','http://psidev.sf.net','http://psidev.sourceforge.net/mi/xml/doc/user/index.html',NULL,'urn:lsid:bioontology.org:PSI-MI|UNASSIGNED',NULL,0,NULL),(379,18197,'Sequence Ontology','OBO','SONG developers','song-devel@lists.sourceforge.net','http://song.sourceforge.net/',NULL,NULL,'urn:lsid:bioontology.org:sequence|UNASSIGNED',NULL,1,NULL),(380,18241,'Protein-protein interaction','OBO','Henning Hermjakob','Henning.Hermjakob@ebi.ac.uk','http://psidev.sf.net','http://psidev.sourceforge.net/mi/xml/doc/user/index.html',NULL,'urn:lsid:bioontology.org:PSI-MI|UNASSIGNED',NULL,0,NULL),(381,18284,'Protein-protein interaction','OBO','Henning Hermjakob','Henning.Hermjakob@ebi.ac.uk','http://psidev.sf.net','http://psidev.sourceforge.net/mi/xml/doc/user/index.html',NULL,'urn:lsid:bioontology.org:PSI-MI|UNASSIGNED',NULL,0,NULL),(382,18472,'Protein-protein interaction','OBO','Henning Hermjakob','Henning.Hermjakob@ebi.ac.uk','http://psidev.sf.net','http://psidev.sourceforge.net/mi/xml/doc/user/index.html',NULL,'urn:lsid:bioontology.org:PSI-MI|UNASSIGNED',NULL,0,NULL),(383,18550,'Protein-protein interaction','OBO','Henning Hermjakob','Henning.Hermjakob@ebi.ac.uk','http://psidev.sf.net','http://psidev.sourceforge.net/mi/xml/doc/user/index.html',NULL,'urn:lsid:bioontology.org:PSI-MI|UNASSIGNED',NULL,0,NULL),(384,18615,'Biological process','OBO','Gene Ontology','go@geneontology.org','http://www.geneontology.org','http://www.geneontology.org/GO.doc.shtml',NULL,NULL,NULL,1,NULL),(385,18622,'Environment Ontology','OBO','Norman Morrison','morrison@cs.man.ac.uk',NULL,'http://www.envoc.org',NULL,'urn:lsid:bioontology.org:ENVO|$Revision 1.34$',NULL,1,NULL),(386,18630,'Protein-protein interaction','OBO','Henning Hermjakob','Henning.Hermjakob@ebi.ac.uk','http://psidev.sf.net','http://psidev.sourceforge.net/mi/xml/doc/user/index.html',NULL,'urn:lsid:bioontology.org:PSI-MI|UNASSIGNED',NULL,0,NULL),(387,18678,'PATO','OBO','OBO phenotype group','obo-phenotype@lists.sourceforge.net','http://www.bioontology.org/wiki/index.php/PATO:Main_Page',NULL,NULL,'urn:lsid:bioontology.org:quality|UNASSIGNED',NULL,1,NULL),(388,18681,'Biological process','OBO','Gene Ontology','go@geneontology.org','http://www.geneontology.org','http://www.geneontology.org/GO.doc.shtml',NULL,NULL,NULL,1,NULL),(389,18690,'Protein-protein interaction','OBO','Henning Hermjakob','Henning.Hermjakob@ebi.ac.uk','http://psidev.sf.net','http://psidev.sourceforge.net/mi/xml/doc/user/index.html',NULL,'urn:lsid:bioontology.org:PSI-MI|UNASSIGNED',NULL,0,NULL),(390,18694,'Sequence Ontology','OBO','SONG developers','song-devel@lists.sourceforge.net','http://song.sourceforge.net/',NULL,NULL,'urn:lsid:bioontology.org:sequence|UNASSIGNED',NULL,1,NULL),(391,18746,'PATO','OBO','OBO phenotype group','obo-phenotype@lists.sourceforge.net','http://www.bioontology.org/wiki/index.php/PATO:Main_Page',NULL,NULL,'urn:lsid:bioontology.org:quality|UNASSIGNED',NULL,1,NULL),(392,18749,'Biological process','OBO','Gene Ontology','go@geneontology.org','http://www.geneontology.org','http://www.geneontology.org/GO.doc.shtml',NULL,NULL,NULL,1,NULL),(393,18758,'Protein-protein interaction','OBO','Henning Hermjakob','Henning.Hermjakob@ebi.ac.uk','http://psidev.sf.net','http://psidev.sourceforge.net/mi/xml/doc/user/index.html',NULL,'urn:lsid:bioontology.org:PSI-MI|UNASSIGNED',NULL,0,NULL),(394,18793,'Biological process','OBO','Gene Ontology','go@geneontology.org','http://www.geneontology.org','http://www.geneontology.org/GO.doc.shtml',NULL,NULL,NULL,1,NULL),(395,18802,'Protein-protein interaction','OBO','Henning Hermjakob','Henning.Hermjakob@ebi.ac.uk','http://psidev.sf.net','http://psidev.sourceforge.net/mi/xml/doc/user/index.html',NULL,'urn:lsid:bioontology.org:PSI-MI|UNASSIGNED',NULL,0,NULL),(396,18815,'Biological process','OBO','Gene Ontology','go@geneontology.org','http://www.geneontology.org','http://www.geneontology.org/GO.doc.shtml',NULL,NULL,NULL,1,NULL),(397,18824,'Protein-protein interaction','OBO','Henning Hermjakob','Henning.Hermjakob@ebi.ac.uk','http://psidev.sf.net','http://psidev.sourceforge.net/mi/xml/doc/user/index.html',NULL,'urn:lsid:bioontology.org:PSI-MI|UNASSIGNED',NULL,0,NULL),(398,18883,'Biological process','OBO','Gene Ontology','go@geneontology.org','http://www.geneontology.org','http://www.geneontology.org/GO.doc.shtml',NULL,NULL,NULL,1,NULL),(399,18887,'Foundational Model of Anatomy (subset)','OBO','OBO Anatomy','obo-anatomy@lists.sourceforge.net','http://sig.biostr.washington.edu/projects/fm/index.html',NULL,NULL,NULL,NULL,1,NULL),(400,18897,'Protein-protein interaction','OBO','Henning Hermjakob','Henning.Hermjakob@ebi.ac.uk','http://psidev.sf.net','http://psidev.sourceforge.net/mi/xml/doc/user/index.html',NULL,'urn:lsid:bioontology.org:PSI-MI|UNASSIGNED',NULL,0,NULL),(401,18948,'Biological process','OBO','Gene Ontology','go@geneontology.org','http://www.geneontology.org','http://www.geneontology.org/GO.doc.shtml',NULL,NULL,NULL,1,NULL),(402,18957,'Protein-protein interaction','OBO','Henning Hermjakob','Henning.Hermjakob@ebi.ac.uk','http://psidev.sf.net','http://psidev.sourceforge.net/mi/xml/doc/user/index.html',NULL,'urn:lsid:bioontology.org:PSI-MI|UNASSIGNED',NULL,0,NULL),(403,18960,'Protein modification','OBO','Luisa Montecchi','luisa@ebi.ac.uk','http://psidev.sourceforge.net/mod/','http://psidev.sourceforge.net/mod/',NULL,'urn:lsid:bioontology.org:PSI-MOD|UNASSIGNED',NULL,0,NULL),(404,19153,'PATO','OBO','OBO phenotype group','obo-phenotype@lists.sourceforge.net','http://www.bioontology.org/wiki/index.php/PATO:Main_Page',NULL,NULL,'urn:lsid:bioontology.org:quality|UNASSIGNED',NULL,1,NULL),(405,19156,'Biological process','OBO','Gene Ontology','go@geneontology.org','http://www.geneontology.org','http://www.geneontology.org/GO.doc.shtml',NULL,NULL,NULL,1,NULL),(406,19161,'Mammalian phenotype','OBO','JAX phenotype list','pheno@informatics.jax.org','http://www.informatics.jax.org/searches/MP_form.shtml',NULL,NULL,'urn:lsid:bioontology.org:MPheno.ontology|UNASSIGNED',NULL,0,NULL),(407,19168,'Protein-protein interaction','OBO','Henning Hermjakob','Henning.Hermjakob@ebi.ac.uk','http://psidev.sf.net','http://psidev.sourceforge.net/mi/xml/doc/user/index.html',NULL,'urn:lsid:bioontology.org:PSI-MI|UNASSIGNED',NULL,0,NULL),(408,19256,'Biological process','OBO','Gene Ontology','go@geneontology.org','http://www.geneontology.org','http://www.geneontology.org/GO.doc.shtml',NULL,NULL,NULL,1,NULL),(409,19259,'Chemical entities of biological interest','OBO','ChEBI help','chebi-help@ebi.ac.uk','http://www.ebi.ac.uk/chebi','http://www.ebi.ac.uk/chebi/init.do?toolBarForward=userManual',NULL,'urn:lsid:bioontology.org:chebi_ontology|UNASSIGNED',NULL,1,NULL),(410,19264,'Mammalian phenotype','OBO','JAX phenotype list','pheno@informatics.jax.org','http://www.informatics.jax.org/searches/MP_form.shtml',NULL,NULL,'urn:lsid:bioontology.org:MPheno.ontology|UNASSIGNED',NULL,0,NULL),(411,19271,'Protein-protein interaction','OBO','Henning Hermjakob','Henning.Hermjakob@ebi.ac.uk','http://psidev.sf.net','http://psidev.sourceforge.net/mi/xml/doc/user/index.html',NULL,'urn:lsid:bioontology.org:PSI-MI|UNASSIGNED',NULL,0,NULL),(412,19275,'Sequence Ontology','OBO','SONG developers','song-devel@lists.sourceforge.net','http://song.sourceforge.net/',NULL,NULL,'urn:lsid:bioontology.org:sequence|UNASSIGNED',NULL,1,NULL),(413,19393,'Biological process','OBO','Gene Ontology','go@geneontology.org','http://www.geneontology.org','http://www.geneontology.org/GO.doc.shtml',NULL,NULL,NULL,1,NULL),(414,19398,'Mammalian phenotype','OBO','JAX phenotype list','pheno@informatics.jax.org','http://www.informatics.jax.org/searches/MP_form.shtml',NULL,NULL,'urn:lsid:bioontology.org:MPheno.ontology|UNASSIGNED',NULL,0,NULL),(415,19407,'Protein-protein interaction','OBO','Henning Hermjakob','Henning.Hermjakob@ebi.ac.uk','http://psidev.sf.net','http://psidev.sourceforge.net/mi/xml/doc/user/index.html',NULL,'urn:lsid:bioontology.org:PSI-MI|UNASSIGNED',NULL,0,NULL),(416,19482,'Biological process','OBO','Gene Ontology','go@geneontology.org','http://www.geneontology.org','http://www.geneontology.org/GO.doc.shtml',NULL,NULL,NULL,1,NULL),(417,19491,'Protein-protein interaction','OBO','Henning Hermjakob','Henning.Hermjakob@ebi.ac.uk','http://psidev.sf.net','http://psidev.sourceforge.net/mi/xml/doc/user/index.html',NULL,'urn:lsid:bioontology.org:PSI-MI|UNASSIGNED',NULL,0,NULL),(418,19518,'Biological process','OBO','Gene Ontology','go@geneontology.org','http://www.geneontology.org','http://www.geneontology.org/GO.doc.shtml',NULL,NULL,NULL,1,NULL),(419,19523,'Mammalian phenotype','OBO','JAX phenotype list','pheno@informatics.jax.org','http://www.informatics.jax.org/searches/MP_form.shtml',NULL,NULL,'urn:lsid:bioontology.org:MPheno.ontology|UNASSIGNED',NULL,0,NULL),(420,19530,'Protein-protein interaction','OBO','Henning Hermjakob','Henning.Hermjakob@ebi.ac.uk','http://psidev.sf.net','http://psidev.sourceforge.net/mi/xml/doc/user/index.html',NULL,'urn:lsid:bioontology.org:PSI-MI|UNASSIGNED',NULL,0,NULL),(421,19644,'Biological process','OBO','Gene Ontology','go@geneontology.org','http://www.geneontology.org','http://www.geneontology.org/GO.doc.shtml',NULL,NULL,NULL,1,NULL),(422,19653,'Protein-protein interaction','OBO','Henning Hermjakob','Henning.Hermjakob@ebi.ac.uk','http://psidev.sf.net','http://psidev.sourceforge.net/mi/xml/doc/user/index.html',NULL,'urn:lsid:bioontology.org:PSI-MI|UNASSIGNED',NULL,0,NULL),(423,19692,'PATO','OBO','OBO phenotype group','obo-phenotype@lists.sourceforge.net','http://www.bioontology.org/wiki/index.php/PATO:Main_Page',NULL,NULL,'urn:lsid:bioontology.org:quality|UNASSIGNED',NULL,1,NULL),(424,19695,'Biological process','OBO','Gene Ontology','go@geneontology.org','http://www.geneontology.org','http://www.geneontology.org/GO.doc.shtml',NULL,NULL,NULL,1,NULL),(425,19704,'Protein-protein interaction','OBO','Henning Hermjakob','Henning.Hermjakob@ebi.ac.uk','http://psidev.sf.net','http://psidev.sourceforge.net/mi/xml/doc/user/index.html',NULL,'urn:lsid:bioontology.org:PSI-MI|UNASSIGNED',NULL,0,NULL),(426,19708,'Sequence Ontology','OBO','SONG developers','song-devel@lists.sourceforge.net','http://song.sourceforge.net/',NULL,NULL,'urn:lsid:bioontology.org:sequence|UNASSIGNED',NULL,1,NULL),(427,19818,'Biological process','OBO','Gene Ontology','go@geneontology.org','http://www.geneontology.org','http://www.geneontology.org/GO.doc.shtml',NULL,NULL,NULL,1,NULL),(428,19827,'Protein-protein interaction','OBO','Henning Hermjakob','Henning.Hermjakob@ebi.ac.uk','http://psidev.sf.net','http://psidev.sourceforge.net/mi/xml/doc/user/index.html',NULL,'urn:lsid:bioontology.org:PSI-MI|UNASSIGNED',NULL,0,NULL),(429,19955,'Biological process','OBO','Gene Ontology','go@geneontology.org','http://www.geneontology.org','http://www.geneontology.org/GO.doc.shtml',NULL,NULL,NULL,1,NULL),(430,19964,'Protein-protein interaction','OBO','Henning Hermjakob','Henning.Hermjakob@ebi.ac.uk','http://psidev.sf.net','http://psidev.sourceforge.net/mi/xml/doc/user/index.html',NULL,'urn:lsid:bioontology.org:PSI-MI|UNASSIGNED',NULL,0,NULL),(431,20014,'Biological process','OBO','Gene Ontology','go@geneontology.org','http://www.geneontology.org','http://www.geneontology.org/GO.doc.shtml',NULL,NULL,NULL,1,NULL),(432,20023,'Protein-protein interaction','OBO','Henning Hermjakob','Henning.Hermjakob@ebi.ac.uk','http://psidev.sf.net','http://psidev.sourceforge.net/mi/xml/doc/user/index.html',NULL,'urn:lsid:bioontology.org:PSI-MI|UNASSIGNED',NULL,0,NULL),(433,20120,'Biological process','OBO','Gene Ontology','go@geneontology.org','http://www.geneontology.org','http://www.geneontology.org/GO.doc.shtml',NULL,NULL,NULL,1,NULL),(434,20129,'Protein-protein interaction','OBO','Henning Hermjakob','Henning.Hermjakob@ebi.ac.uk','http://psidev.sf.net','http://psidev.sourceforge.net/mi/xml/doc/user/index.html',NULL,'urn:lsid:bioontology.org:PSI-MI|UNASSIGNED',NULL,0,NULL),(435,20163,'Biological process','OBO','Gene Ontology','go@geneontology.org','http://www.geneontology.org','http://www.geneontology.org/GO.doc.shtml',NULL,NULL,NULL,1,NULL),(436,20168,'Mammalian phenotype','OBO','JAX phenotype list','pheno@informatics.jax.org','http://www.informatics.jax.org/searches/MP_form.shtml',NULL,NULL,'urn:lsid:bioontology.org:MPheno.ontology|UNASSIGNED',NULL,0,NULL),(437,20175,'Protein-protein interaction','OBO','Henning Hermjakob','Henning.Hermjakob@ebi.ac.uk','http://psidev.sf.net','http://psidev.sourceforge.net/mi/xml/doc/user/index.html',NULL,'urn:lsid:bioontology.org:PSI-MI|UNASSIGNED',NULL,0,NULL),(438,20260,'Biological process','OBO','Gene Ontology','go@geneontology.org','http://www.geneontology.org','http://www.geneontology.org/GO.doc.shtml',NULL,NULL,NULL,1,NULL),(439,20269,'Protein-protein interaction','OBO','Henning Hermjakob','Henning.Hermjakob@ebi.ac.uk','http://psidev.sf.net','http://psidev.sourceforge.net/mi/xml/doc/user/index.html',NULL,'urn:lsid:bioontology.org:PSI-MI|UNASSIGNED',NULL,0,NULL),(440,20328,'Biological process','OBO','Gene Ontology','go@geneontology.org','http://www.geneontology.org','http://www.geneontology.org/GO.doc.shtml',NULL,NULL,NULL,1,NULL),(441,20332,'Drosophila gross anatomy','OBO','Michael Ashburner','ma11@gen.cam.ac.uk','http://www.flybase.org/',NULL,NULL,'urn:lsid:bioontology.org:fly_anatomy.ontology|UNASSIGNED',NULL,0,NULL),(442,20340,'Protein-protein interaction','OBO','Henning Hermjakob','Henning.Hermjakob@ebi.ac.uk','http://psidev.sf.net','http://psidev.sourceforge.net/mi/xml/doc/user/index.html',NULL,'urn:lsid:bioontology.org:PSI-MI|UNASSIGNED',NULL,0,NULL),(443,20402,'Biological process','OBO','Gene Ontology','go@geneontology.org','http://www.geneontology.org','http://www.geneontology.org/GO.doc.shtml',NULL,NULL,NULL,1,NULL),(444,20411,'Protein-protein interaction','OBO','Henning Hermjakob','Henning.Hermjakob@ebi.ac.uk','http://psidev.sf.net','http://psidev.sourceforge.net/mi/xml/doc/user/index.html',NULL,'urn:lsid:bioontology.org:PSI-MI|UNASSIGNED',NULL,0,NULL),(445,20608,'PATO','OBO','OBO phenotype group','obo-phenotype@lists.sourceforge.net','http://www.bioontology.org/wiki/index.php/PATO:Main_Page',NULL,NULL,'urn:lsid:bioontology.org:quality|UNASSIGNED',NULL,1,NULL),(446,20611,'Biological process','OBO','Gene Ontology','go@geneontology.org','http://www.geneontology.org','http://www.geneontology.org/GO.doc.shtml',NULL,NULL,NULL,1,NULL),(447,20620,'Protein-protein interaction','OBO','Henning Hermjakob','Henning.Hermjakob@ebi.ac.uk','http://psidev.sf.net','http://psidev.sourceforge.net/mi/xml/doc/user/index.html',NULL,'urn:lsid:bioontology.org:PSI-MI|UNASSIGNED',NULL,0,NULL),(448,20624,'Sequence Ontology','OBO','SONG developers','song-devel@lists.sourceforge.net','http://song.sourceforge.net/',NULL,NULL,'urn:lsid:bioontology.org:sequence|UNASSIGNED',NULL,1,NULL),(449,20724,'Biological process','OBO','Gene Ontology','go@geneontology.org','http://www.geneontology.org','http://www.geneontology.org/GO.doc.shtml',NULL,NULL,NULL,1,NULL),(450,20733,'Protein-protein interaction','OBO','Henning Hermjakob','Henning.Hermjakob@ebi.ac.uk','http://psidev.sf.net','http://psidev.sourceforge.net/mi/xml/doc/user/index.html',NULL,'urn:lsid:bioontology.org:PSI-MI|UNASSIGNED',NULL,0,NULL),(451,20736,'Sequence Ontology','OBO','SONG developers','song-devel@lists.sourceforge.net','http://song.sourceforge.net/',NULL,NULL,'urn:lsid:bioontology.org:sequence|UNASSIGNED',NULL,1,NULL),(452,20766,'Biological process','OBO','Gene Ontology','go@geneontology.org','http://www.geneontology.org','http://www.geneontology.org/GO.doc.shtml',NULL,NULL,NULL,1,NULL),(453,20775,'Protein-protein interaction','OBO','Henning Hermjakob','Henning.Hermjakob@ebi.ac.uk','http://psidev.sf.net','http://psidev.sourceforge.net/mi/xml/doc/user/index.html',NULL,'urn:lsid:bioontology.org:PSI-MI|UNASSIGNED',NULL,0,NULL),(454,20801,'Biological process','OBO','Gene Ontology','go@geneontology.org','http://www.geneontology.org','http://www.geneontology.org/GO.doc.shtml',NULL,NULL,NULL,1,NULL),(455,20810,'Protein-protein interaction','OBO','Henning Hermjakob','Henning.Hermjakob@ebi.ac.uk','http://psidev.sf.net','http://psidev.sourceforge.net/mi/xml/doc/user/index.html',NULL,'urn:lsid:bioontology.org:PSI-MI|UNASSIGNED',NULL,0,NULL),(456,20845,'Cell Cycle Ontology (A. thaliana)','OBO','Erick Antezana','erant@psb.ugent.be','http://www.cellcycleontology.org','http://www.cellcycleontology.org/html/index.html#Documentation','http://www.cellcycleontology.org/html/index.html#Documentation','urn:lsid:bioontology.org:cellcycle_ontology|UNASSIGNED',NULL,0,NULL),(457,20855,'Cell Cycle Ontology (S. pombe)','OBO','Erick Antezana','erant@psb.ugent.be','http://www.cellcycleontology.org','http://www.cellcycleontology.org/html/index.html#Documentation','http://www.cellcycleontology.org/html/index.html#Documentation','urn:lsid:bioontology.org:cellcycle_ontology_s_pombe|UNASSIGNED',NULL,0,NULL),(458,20867,'Cell Cycle Ontology (S. cerevisiae)','OBO','Erick Antezana','erant@psb.ugent.be','http://www.cellcycleontology.org','http://www.cellcycleontology.org/html/index.html#Documentation','http://www.cellcycleontology.org/html/index.html#Documentation','urn:lsid:bioontology.org:cellcycle_ontology_s_cerevisiae|UNASSIGNED',NULL,0,NULL),(459,20875,'Cell Cycle Ontology (H. sapiens)','OBO','Erick Antezana','erant@psb.ugent.be','http://www.cellcycleontology.org','http://www.cellcycleontology.org/html/index.html#Documentation','http://www.cellcycleontology.org/html/index.html#Documentation','urn:lsid:bioontology.org:cellcycle_ontology_h_sapiens|UNASSIGNED',NULL,0,NULL),(460,21038,'Biological process','OBO','Gene Ontology','go@geneontology.org','http://www.geneontology.org','http://www.geneontology.org/GO.doc.shtml',NULL,NULL,NULL,1,NULL),(461,21047,'Protein-protein interaction','OBO','Henning Hermjakob','Henning.Hermjakob@ebi.ac.uk','http://psidev.sf.net','http://psidev.sourceforge.net/mi/xml/doc/user/index.html',NULL,'urn:lsid:bioontology.org:PSI-MI|UNASSIGNED',NULL,0,NULL),(462,21134,'Biological process','OBO','Gene Ontology','go@geneontology.org','http://www.geneontology.org','http://www.geneontology.org/GO.doc.shtml',NULL,NULL,NULL,1,NULL),(463,21138,'Evidence codes','OBO','Michael Ashburner','ma11@gen.cam.ac.uk',NULL,NULL,NULL,'urn:lsid:bioontology.org:evidence_code2.obo|UNASSIGNED',NULL,0,NULL),(464,21146,'Protein-protein interaction','OBO','Henning Hermjakob','Henning.Hermjakob@ebi.ac.uk','http://psidev.sf.net','http://psidev.sourceforge.net/mi/xml/doc/user/index.html',NULL,'urn:lsid:bioontology.org:PSI-MI|UNASSIGNED',NULL,0,NULL),(465,21237,'Biological process','OBO','Gene Ontology','go@geneontology.org','http://www.geneontology.org','http://www.geneontology.org/GO.doc.shtml',NULL,NULL,NULL,1,NULL),(466,21246,'Protein-protein interaction','OBO','Henning Hermjakob','Henning.Hermjakob@ebi.ac.uk','http://psidev.sf.net','http://psidev.sourceforge.net/mi/xml/doc/user/index.html',NULL,'urn:lsid:bioontology.org:PSI-MI|UNASSIGNED',NULL,0,NULL),(467,21249,'Sequence Ontology','OBO','SONG developers','song-devel@lists.sourceforge.net','http://song.sourceforge.net/',NULL,NULL,'urn:lsid:bioontology.org:sequence|UNASSIGNED',NULL,1,NULL),(468,21275,'RadLex','PROTEGE',NULL,NULL,NULL,NULL,NULL,'urn:iso:2.16.84.01.113883.6.150|1.0',NULL,0,NULL),(469,21393,'Cell Cycle Ontology (S. pombe)','OBO','Erick Antezana','erant@psb.ugent.be','http://www.cellcycleontology.org','http://www.cellcycleontology.org/html/index.html#Documentation','http://www.cellcycleontology.org/html/index.html#Documentation','urn:lsid:bioontology.org:cellcycle_ontology_s_pombe|UNASSIGNED',NULL,0,NULL),(470,21401,'Cell Cycle Ontology (S. cerevisiae)','OBO','Erick Antezana','erant@psb.ugent.be','http://www.cellcycleontology.org','http://www.cellcycleontology.org/html/index.html#Documentation','http://www.cellcycleontology.org/html/index.html#Documentation','urn:lsid:bioontology.org:cellcycle_ontology_s_cerevisiae|UNASSIGNED',NULL,0,NULL),(471,21409,'Cell Cycle Ontology (H. sapiens)','OBO','Erick Antezana','erant@psb.ugent.be','http://www.cellcycleontology.org','http://www.cellcycleontology.org/html/index.html#Documentation','http://www.cellcycleontology.org/html/index.html#Documentation','urn:lsid:bioontology.org:cellcycle_ontology_h_sapiens|UNASSIGNED',NULL,0,NULL),(472,21415,'Cell Cycle Ontology (A. thaliana)','OBO','Erick Antezana','erant@psb.ugent.be','http://www.cellcycleontology.org','http://www.cellcycleontology.org/html/index.html#Documentation','http://www.cellcycleontology.org/html/index.html#Documentation','urn:lsid:bioontology.org:cellcycle_ontology|UNASSIGNED',NULL,0,NULL),(473,21722,'Cell Cycle Ontology (A. thaliana)','OBO','Erick Antezana','erant@psb.ugent.be','http://www.cellcycleontology.org','http://www.cellcycleontology.org/html/index.html#Documentation','http://www.cellcycleontology.org/html/index.html#Documentation','urn:lsid:bioontology.org:cellcycle_ontology|UNASSIGNED',NULL,0,NULL),(474,21729,'Cell Cycle Ontology (H. sapiens)','OBO','Erick Antezana','erant@psb.ugent.be','http://www.cellcycleontology.org','http://www.cellcycleontology.org/html/index.html#Documentation','http://www.cellcycleontology.org/html/index.html#Documentation','urn:lsid:bioontology.org:cellcycle_ontology_h_sapiens|UNASSIGNED',NULL,0,NULL),(475,21736,'Cell Cycle Ontology (S. cerevisiae)','OBO','Erick Antezana','erant@psb.ugent.be','http://www.cellcycleontology.org','http://www.cellcycleontology.org/html/index.html#Documentation','http://www.cellcycleontology.org/html/index.html#Documentation','urn:lsid:bioontology.org:cellcycle_ontology_s_cerevisiae|UNASSIGNED',NULL,0,NULL),(476,21743,'Cell Cycle Ontology (S. pombe)','OBO','Erick Antezana','erant@psb.ugent.be','http://www.cellcycleontology.org','http://www.cellcycleontology.org/html/index.html#Documentation','http://www.cellcycleontology.org/html/index.html#Documentation','urn:lsid:bioontology.org:cellcycle_ontology_s_pombe|UNASSIGNED',NULL,0,NULL),(477,21979,'Cell Cycle Ontology (H. sapiens)','OBO','Erick Antezana','erant@psb.ugent.be','http://www.cellcycleontology.org','http://www.cellcycleontology.org/html/index.html#Documentation','http://www.cellcycleontology.org/html/index.html#Documentation','urn:lsid:bioontology.org:cellcycle_ontology_h_sapiens|UNASSIGNED',NULL,0,NULL),(478,21987,'Cell Cycle Ontology (A. thaliana)','OBO','Erick Antezana','erant@psb.ugent.be','http://www.cellcycleontology.org','http://www.cellcycleontology.org/html/index.html#Documentation','http://www.cellcycleontology.org/html/index.html#Documentation','urn:lsid:bioontology.org:cellcycle_ontology|UNASSIGNED',NULL,0,NULL),(479,21992,'Cell Cycle Ontology (S. cerevisiae)','OBO','Erick Antezana','erant@psb.ugent.be','http://www.cellcycleontology.org','http://www.cellcycleontology.org/html/index.html#Documentation','http://www.cellcycleontology.org/html/index.html#Documentation','urn:lsid:bioontology.org:cellcycle_ontology_s_cerevisiae|UNASSIGNED',NULL,0,NULL),(480,21997,'Cell Cycle Ontology (S. pombe)','OBO','Erick Antezana','erant@psb.ugent.be','http://www.cellcycleontology.org','http://www.cellcycleontology.org/html/index.html#Documentation','http://www.cellcycleontology.org/html/index.html#Documentation','urn:lsid:bioontology.org:cellcycle_ontology_s_pombe|UNASSIGNED',NULL,0,NULL),(481,22796,'PATO','OBO','OBO phenotype group','obo-phenotype@lists.sourceforge.net','http://www.bioontology.org/wiki/index.php/PATO:Main_Page',NULL,NULL,'urn:lsid:bioontology.org:quality|UNASSIGNED',NULL,1,NULL),(482,22798,'Biological process','OBO','Gene Ontology','go@geneontology.org','http://www.geneontology.org','http://www.geneontology.org/GO.doc.shtml',NULL,NULL,NULL,1,NULL),(483,22801,'Chemical entities of biological interest','OBO','ChEBI help','chebi-help@ebi.ac.uk','http://www.ebi.ac.uk/chebi','http://www.ebi.ac.uk/chebi/init.do?toolBarForward=userManual',NULL,'urn:lsid:bioontology.org:chebi_ontology|UNASSIGNED',NULL,1,NULL),(484,22807,'Environment Ontology','OBO','Norman Morrison','morrison@cs.man.ac.uk',NULL,'http://www.envoc.org',NULL,'urn:lsid:bioontology.org:ENVO|$Revision 1.34$',NULL,1,NULL),(485,22809,'Evidence codes','OBO','Michael Ashburner','ma11@gen.cam.ac.uk',NULL,NULL,NULL,'urn:lsid:bioontology.org:evidence_code2.obo|UNASSIGNED',NULL,0,NULL),(486,22815,'Mammalian phenotype','OBO','JAX phenotype list','pheno@informatics.jax.org','http://www.informatics.jax.org/searches/MP_form.shtml',NULL,NULL,'urn:lsid:bioontology.org:MPheno.ontology|UNASSIGNED',NULL,0,NULL),(487,22824,'Pathway ontology','OBO','Victoria Petri','vpetri@mcw.edu','http://rgd.mcw.edu/tools/ontology/ont_search.cgi','ftp://rgd.mcw.edu/pub/data_release/PW_Introduction.doc',NULL,'urn:lsid:bioontology.org:pathway|UNASSIGNED',NULL,0,NULL),(488,22840,'Protein-protein interaction','OBO','Henning Hermjakob','Henning.Hermjakob@ebi.ac.uk','http://psidev.sf.net','http://psidev.sourceforge.net/mi/xml/doc/user/index.html',NULL,'urn:lsid:bioontology.org:PSI-MI|UNASSIGNED',NULL,0,NULL),(489,22863,'Sequence Ontology','OBO','SONG developers','song-devel@lists.sourceforge.net','http://song.sourceforge.net/',NULL,NULL,'urn:lsid:bioontology.org:sequence|UNASSIGNED',NULL,1,NULL),(490,22870,'Unit','OBO','OBO Unit list','obo-unit@lists.sourceforge.net','http://www.bioontology.org/wiki/index.php/PATO:Main_Page',NULL,NULL,'urn:lsid:bioontology.org:unit.ontology|UNASSIGNED',NULL,1,NULL),(491,22871,'Unit','OBO','OBO Unit list','obo-unit@lists.sourceforge.net','http://www.bioontology.org/wiki/index.php/PATO:Main_Page',NULL,NULL,'urn:lsid:bioontology.org:unit.ontology|UNASSIGNED',NULL,1,NULL),(492,22873,'Unit','OBO','OBO Unit list','obo-unit@lists.sourceforge.net','http://www.bioontology.org/wiki/index.php/PATO:Main_Page',NULL,NULL,'urn:lsid:bioontology.org:unit.ontology|UNASSIGNED',NULL,1,NULL),(493,22967,'Biological process','OBO','Gene Ontology','go@geneontology.org','http://www.geneontology.org','http://www.geneontology.org/GO.doc.shtml',NULL,NULL,NULL,1,NULL),(494,22969,'Biological process','OBO','Gene Ontology','go@geneontology.org','http://www.geneontology.org','http://www.geneontology.org/GO.doc.shtml',NULL,NULL,NULL,1,NULL),(495,22985,'Protein-protein interaction','OBO','Henning Hermjakob','Henning.Hermjakob@ebi.ac.uk','http://psidev.sf.net','http://psidev.sourceforge.net/mi/xml/doc/user/index.html',NULL,'urn:lsid:bioontology.org:PSI-MI|UNASSIGNED',NULL,0,NULL),(496,22993,'Sequence Ontology','OBO','SONG developers','song-devel@lists.sourceforge.net','http://song.sourceforge.net/',NULL,NULL,'urn:lsid:bioontology.org:sequence|UNASSIGNED',NULL,1,NULL),(497,22995,'Sequence Ontology','OBO','SONG developers','song-devel@lists.sourceforge.net','http://song.sourceforge.net/',NULL,NULL,'urn:lsid:bioontology.org:sequence|UNASSIGNED',NULL,1,NULL),(498,23079,'Biological process','OBO','Gene Ontology','go@geneontology.org','http://www.geneontology.org','http://www.geneontology.org/GO.doc.shtml',NULL,NULL,NULL,1,NULL),(499,23082,'Environment Ontology','OBO','Norman Morrison','morrison@cs.man.ac.uk',NULL,'http://www.envoc.org',NULL,'urn:lsid:bioontology.org:ENVO|$Revision 1.34$',NULL,1,NULL),(500,23087,'Mammalian phenotype','OBO','JAX phenotype list','pheno@informatics.jax.org','http://www.informatics.jax.org/searches/MP_form.shtml',NULL,NULL,'urn:lsid:bioontology.org:MPheno.ontology|UNASSIGNED',NULL,0,NULL),(501,23106,'Protein-protein interaction','OBO','Henning Hermjakob','Henning.Hermjakob@ebi.ac.uk','http://psidev.sf.net','http://psidev.sourceforge.net/mi/xml/doc/user/index.html',NULL,'urn:lsid:bioontology.org:PSI-MI|UNASSIGNED',NULL,0,NULL),(502,23345,'Biological process','OBO','Gene Ontology','go@geneontology.org','http://www.geneontology.org','http://www.geneontology.org/GO.doc.shtml',NULL,NULL,NULL,1,NULL),(503,23360,'Protein-protein interaction','OBO','Henning Hermjakob','Henning.Hermjakob@ebi.ac.uk','http://psidev.sf.net','http://psidev.sourceforge.net/mi/xml/doc/user/index.html',NULL,'urn:lsid:bioontology.org:PSI-MI|UNASSIGNED',NULL,0,NULL),(504,23363,'Protein-protein interaction','OBO','Henning Hermjakob','Henning.Hermjakob@ebi.ac.uk','http://psidev.sf.net','http://psidev.sourceforge.net/mi/xml/doc/user/index.html',NULL,'urn:lsid:bioontology.org:PSI-MI|UNASSIGNED',NULL,0,NULL),(505,23466,'Ontology of Clinical Research (OCRe)','OWL-DL','Ida Sim','ida.sim@ucsf.edu','pending...UK CancerGrid','pending...UK CancerGrid','AMIA Translational Bioinformatics Summit',NULL,NULL,0,NULL),(506,23532,'Biological process','OBO','Gene Ontology','go@geneontology.org','http://www.geneontology.org','http://www.geneontology.org/GO.doc.shtml',NULL,NULL,NULL,1,NULL),(507,23536,'Environment Ontology','OBO','Norman Morrison','morrison@cs.man.ac.uk',NULL,'http://www.envoc.org',NULL,'urn:lsid:bioontology.org:ENVO|$Revision 1.34$',NULL,1,NULL),(508,23553,'Protein-protein interaction','OBO','Henning Hermjakob','Henning.Hermjakob@ebi.ac.uk','http://psidev.sf.net','http://psidev.sourceforge.net/mi/xml/doc/user/index.html',NULL,'urn:lsid:bioontology.org:PSI-MI|UNASSIGNED',NULL,0,NULL),(509,23556,'Protein-protein interaction','OBO','Henning Hermjakob','Henning.Hermjakob@ebi.ac.uk','http://psidev.sf.net','http://psidev.sourceforge.net/mi/xml/doc/user/index.html',NULL,'urn:lsid:bioontology.org:PSI-MI|UNASSIGNED',NULL,0,NULL),(510,23751,'Biological process','OBO','Gene Ontology','go@geneontology.org','http://www.geneontology.org','http://www.geneontology.org/GO.doc.shtml',NULL,NULL,NULL,1,NULL),(511,23755,'Environment Ontology','OBO','Norman Morrison','morrison@cs.man.ac.uk',NULL,'http://www.envoc.org',NULL,'urn:lsid:bioontology.org:ENVO|$Revision 1.34$',NULL,1,NULL),(512,23770,'Protein-protein interaction','OBO','Henning Hermjakob','Henning.Hermjakob@ebi.ac.uk','http://psidev.sf.net','http://psidev.sourceforge.net/mi/xml/doc/user/index.html',NULL,'urn:lsid:bioontology.org:PSI-MI|UNASSIGNED',NULL,0,NULL),(513,23774,'Sequence Ontology','OBO','SONG developers','song-devel@lists.sourceforge.net','http://song.sourceforge.net/',NULL,NULL,'urn:lsid:bioontology.org:sequence|UNASSIGNED',NULL,1,NULL),(514,23882,'Biological process','OBO','Gene Ontology','go@geneontology.org','http://www.geneontology.org','http://www.geneontology.org/GO.doc.shtml',NULL,NULL,NULL,1,NULL),(515,23885,'Environment Ontology','OBO','Norman Morrison','morrison@cs.man.ac.uk',NULL,'http://www.envoc.org',NULL,'urn:lsid:bioontology.org:ENVO|$Revision 1.34$',NULL,1,NULL),(516,23891,'Mammalian phenotype','OBO','JAX phenotype list','pheno@informatics.jax.org','http://www.informatics.jax.org/searches/MP_form.shtml',NULL,NULL,'urn:lsid:bioontology.org:MPheno.ontology|UNASSIGNED',NULL,0,NULL),(517,23903,'Protein-protein interaction','OBO','Henning Hermjakob','Henning.Hermjakob@ebi.ac.uk','http://psidev.sf.net','http://psidev.sourceforge.net/mi/xml/doc/user/index.html',NULL,'urn:lsid:bioontology.org:PSI-MI|UNASSIGNED',NULL,0,NULL),(518,23908,'Sequence Ontology','OBO','SONG developers','song-devel@lists.sourceforge.net','http://song.sourceforge.net/',NULL,NULL,'urn:lsid:bioontology.org:sequence|UNASSIGNED',NULL,1,NULL),(519,24085,'Biological process','OBO','Gene Ontology','go@geneontology.org','http://www.geneontology.org','http://www.geneontology.org/GO.doc.shtml',NULL,NULL,NULL,1,NULL),(520,24090,'Mammalian phenotype','OBO','JAX phenotype list','pheno@informatics.jax.org','http://www.informatics.jax.org/searches/MP_form.shtml',NULL,NULL,'urn:lsid:bioontology.org:MPheno.ontology|UNASSIGNED',NULL,0,NULL),(521,24101,'Protein-protein interaction','OBO','Henning Hermjakob','Henning.Hermjakob@ebi.ac.uk','http://psidev.sf.net','http://psidev.sourceforge.net/mi/xml/doc/user/index.html',NULL,'urn:lsid:bioontology.org:PSI-MI|UNASSIGNED',NULL,0,NULL),(522,24185,'Cereal plant gross anatomy','OBO','Gramene curators','gramene@gramene.org','http://www.gramene.org/plant_ontology/','http://www.gramene.org/plant_ontology/index.html#po',NULL,'urn:lsid:bioontology.org:plant_structure|$Revision: 1.50 $',NULL,0,NULL),(523,24187,'Biological process','OBO','Gene Ontology','go@geneontology.org','http://www.geneontology.org','http://www.geneontology.org/GO.doc.shtml',NULL,NULL,NULL,1,NULL),(524,24194,'Mosquito insecticide resistance','OBO','C. Louis','louis@imbb.forth.gr','http://www.anobase.org',NULL,NULL,'urn:lsid:bioontology.org:mosquito_insecticide_resistance_ontology|UNASSIGNED',NULL,0,NULL),(525,24213,'Protein-protein interaction','OBO','Henning Hermjakob','Henning.Hermjakob@ebi.ac.uk','http://psidev.sf.net','http://psidev.sourceforge.net/mi/xml/doc/user/index.html',NULL,'urn:lsid:bioontology.org:PSI-MI|UNASSIGNED',NULL,0,NULL),(526,24227,'Protein-protein interaction','OBO','Henning Hermjakob','Henning.Hermjakob@ebi.ac.uk','http://psidev.sf.net','http://psidev.sourceforge.net/mi/xml/doc/user/index.html',NULL,'urn:lsid:bioontology.org:PSI-MI|UNASSIGNED',NULL,0,NULL),(527,24302,'Biological process','OBO','Gene Ontology','go@geneontology.org','http://www.geneontology.org','http://www.geneontology.org/GO.doc.shtml',NULL,NULL,NULL,1,NULL),(528,24309,'Mammalian phenotype','OBO','JAX phenotype list','pheno@informatics.jax.org','http://www.informatics.jax.org/searches/MP_form.shtml',NULL,NULL,'urn:lsid:bioontology.org:MPheno.ontology|UNASSIGNED',NULL,0,NULL),(529,24311,'Mammalian phenotype','OBO','JAX phenotype list','pheno@informatics.jax.org','http://www.informatics.jax.org/searches/MP_form.shtml',NULL,NULL,'urn:lsid:bioontology.org:MPheno.ontology|UNASSIGNED',NULL,0,NULL),(530,24324,'Protein-protein interaction','OBO','Henning Hermjakob','Henning.Hermjakob@ebi.ac.uk','http://psidev.sf.net','http://psidev.sourceforge.net/mi/xml/doc/user/index.html',NULL,'urn:lsid:bioontology.org:PSI-MI|UNASSIGNED',NULL,0,NULL),(531,24468,'PATO','OBO','OBO phenotype group','obo-phenotype@lists.sourceforge.net','http://www.bioontology.org/wiki/index.php/PATO:Main_Page',NULL,NULL,'urn:lsid:bioontology.org:quality|UNASSIGNED',NULL,1,NULL),(532,24471,'Biological process','OBO','Gene Ontology','go@geneontology.org','http://www.geneontology.org','http://www.geneontology.org/GO.doc.shtml',NULL,NULL,NULL,1,NULL),(533,24482,'Protein-protein interaction','OBO','Henning Hermjakob','Henning.Hermjakob@ebi.ac.uk','http://psidev.sf.net','http://psidev.sourceforge.net/mi/xml/doc/user/index.html',NULL,'urn:lsid:bioontology.org:PSI-MI|UNASSIGNED',NULL,0,NULL),(534,24581,'Biological process','OBO','Gene Ontology','go@geneontology.org','http://www.geneontology.org','http://www.geneontology.org/GO.doc.shtml',NULL,NULL,NULL,1,NULL),(535,24585,'Biological process','OBO','Gene Ontology','go@geneontology.org','http://www.geneontology.org','http://www.geneontology.org/GO.doc.shtml',NULL,NULL,NULL,1,NULL),(536,24588,'Evidence codes','OBO','Michael Ashburner','ma11@gen.cam.ac.uk',NULL,NULL,NULL,'urn:lsid:bioontology.org:evidence_code2.obo|UNASSIGNED',NULL,0,NULL),(537,24601,'Protein-protein interaction','OBO','Henning Hermjakob','Henning.Hermjakob@ebi.ac.uk','http://psidev.sf.net','http://psidev.sourceforge.net/mi/xml/doc/user/index.html',NULL,'urn:lsid:bioontology.org:PSI-MI|UNASSIGNED',NULL,0,NULL),(538,24607,'Sequence Ontology','OBO','SONG developers','song-devel@lists.sourceforge.net','http://song.sourceforge.net/',NULL,NULL,'urn:lsid:bioontology.org:sequence|UNASSIGNED',NULL,1,NULL),(539,24801,'Biological process','OBO','Gene Ontology','go@geneontology.org','http://www.geneontology.org','http://www.geneontology.org/GO.doc.shtml',NULL,NULL,NULL,1,NULL),(540,24814,'Protein-protein interaction','OBO','Henning Hermjakob','Henning.Hermjakob@ebi.ac.uk','http://psidev.sf.net','http://psidev.sourceforge.net/mi/xml/doc/user/index.html',NULL,'urn:lsid:bioontology.org:PSI-MI|UNASSIGNED',NULL,0,NULL),(541,24819,'Sequence Ontology','OBO','SONG developers','song-devel@lists.sourceforge.net','http://song.sourceforge.net/',NULL,NULL,'urn:lsid:bioontology.org:sequence|UNASSIGNED',NULL,1,NULL),(542,24823,'C. elegans development','OBO','Wen J. Chen','wchen@its.caltech.edu','http://www.wormbase.org/',NULL,NULL,'urn:lsid:bioontology.org:worm_development|UNASSIGNED',NULL,0,NULL),(543,24903,'Spatial Ontology','OBO','Chris Mungall','cjm@berkeleybop.org','http://www.bioontology.org/wiki/index.php/CARO:Main_Page',NULL,NULL,'urn:lsid:bioontology.org:spatial|UNASSIGNED',NULL,1,NULL),(544,24922,'Suggested Ontology for Pharmacogenomics','OWL-FULL','Adrien Coulet','Adrien.Coulet@loria.fr','http://www.loria.fr/~coulet/sopharm2.0_description.php','http://www.loria.fr/~coulet/ontology/sopharm/version2.0/owlDoc/index.html',NULL,NULL,NULL,1,NULL),(545,24941,'Teleost anatomy and development (TAO)','OBO','obo-teleost','obo-teleost-discuss@lists.sourceforge.net','https://www.nescent.org/phenoscape/Main_Page',NULL,NULL,'urn:lsid:bioontology.org:teleost_anatomy|UNASSIGNED',NULL,1,NULL),(546,24948,'Teleost taxonomy','OBO','Peter Midford','peteremidford@yahoo.com','https://www.nescent.org/phenoscape/Main_Page',NULL,NULL,'urn:lsid:bioontology.org:teleost-taxonomy|UNASSIGNED',NULL,1,NULL),(547,25088,'Biological process','OBO','Gene Ontology','go@geneontology.org','http://www.geneontology.org','http://www.geneontology.org/GO.doc.shtml',NULL,NULL,NULL,1,NULL),(548,25090,'Biological process','OBO','Gene Ontology','go@geneontology.org','http://www.geneontology.org','http://www.geneontology.org/GO.doc.shtml',NULL,NULL,NULL,1,NULL),(549,25092,'Chemical entities of biological interest','OBO','ChEBI help','chebi-help@ebi.ac.uk','http://www.ebi.ac.uk/chebi','http://www.ebi.ac.uk/chebi/init.do?toolBarForward=userManual',NULL,'urn:lsid:bioontology.org:chebi_ontology|UNASSIGNED',NULL,1,NULL),(550,25094,'Chemical entities of biological interest','OBO','ChEBI help','chebi-help@ebi.ac.uk','http://www.ebi.ac.uk/chebi','http://www.ebi.ac.uk/chebi/init.do?toolBarForward=userManual',NULL,'urn:lsid:bioontology.org:chebi_ontology|UNASSIGNED',NULL,1,NULL),(551,25100,'Mosquito insecticide resistance','OBO','C. Louis','louis@imbb.forth.gr','http://www.anobase.org',NULL,NULL,'urn:lsid:bioontology.org:mosquito_insecticide_resistance_ontology|UNASSIGNED',NULL,0,NULL),(552,25122,'Sequence Ontology','OBO','SONG developers','song-devel@lists.sourceforge.net','http://song.sourceforge.net/',NULL,NULL,'urn:lsid:bioontology.org:sequence|UNASSIGNED',NULL,1,NULL),(553,25130,'Teleost anatomy and development (TAO)','OBO','obo-teleost','obo-teleost-discuss@lists.sourceforge.net','https://www.nescent.org/phenoscape/Main_Page',NULL,NULL,'urn:lsid:bioontology.org:teleost_anatomy|UNASSIGNED',NULL,1,NULL),(554,25148,'C. elegans development','OBO','Wen J. Chen','wchen@its.caltech.edu','http://www.wormbase.org/',NULL,NULL,'urn:lsid:bioontology.org:worm_development|UNASSIGNED',NULL,0,NULL),(555,25244,'PATO','OBO','OBO phenotype group','obo-phenotype@lists.sourceforge.net','http://www.bioontology.org/wiki/index.php/PATO:Main_Page',NULL,NULL,'urn:lsid:bioontology.org:quality|UNASSIGNED',NULL,1,NULL),(556,25247,'Biological process','OBO','Gene Ontology','go@geneontology.org','http://www.geneontology.org','http://www.geneontology.org/GO.doc.shtml',NULL,NULL,NULL,1,NULL),(557,25251,'Evidence codes','OBO','Michael Ashburner','ma11@gen.cam.ac.uk',NULL,NULL,NULL,'urn:lsid:bioontology.org:evidence_code2.obo|UNASSIGNED',NULL,0,NULL),(558,25256,'Mosquito insecticide resistance','OBO','C. Louis','louis@imbb.forth.gr','http://www.anobase.org',NULL,NULL,'urn:lsid:bioontology.org:mosquito_insecticide_resistance_ontology|UNASSIGNED',NULL,0,NULL),(559,25272,'Teleost taxonomy','OBO','Peter Midford','peteremidford@yahoo.com','https://www.nescent.org/phenoscape/Main_Page',NULL,NULL,'urn:lsid:bioontology.org:teleost-taxonomy|UNASSIGNED',NULL,1,NULL),(560,25361,'Biological process','OBO','Gene Ontology','go@geneontology.org','http://www.geneontology.org','http://www.geneontology.org/GO.doc.shtml',NULL,NULL,NULL,1,NULL),(561,25366,'Mosquito insecticide resistance','OBO','C. Louis','louis@imbb.forth.gr','http://www.anobase.org',NULL,NULL,'urn:lsid:bioontology.org:mosquito_insecticide_resistance_ontology|UNASSIGNED',NULL,0,NULL),(562,25471,'Biological process','OBO','Gene Ontology','go@geneontology.org','http://www.geneontology.org','http://www.geneontology.org/GO.doc.shtml',NULL,NULL,NULL,1,NULL),(563,25477,'Mosquito insecticide resistance','OBO','C. Louis','louis@imbb.forth.gr','http://www.anobase.org',NULL,NULL,'urn:lsid:bioontology.org:mosquito_insecticide_resistance_ontology|UNASSIGNED',NULL,0,NULL),(564,26107,'Biomedical Resource Ontology','OBO','Daniel Rubin',NULL,NULL,NULL,NULL,'urn:lsid:bioontology.org:Aggregate|UNASSIGNED',NULL,0,NULL),(565,26136,'Gene Regulation Ontology (GRO)','OWL-DL','Vivian Lee','vlee@ebi.ac.uk','http://www.ebi.ac.uk/Rebholz-srv/GRO/GRO.html','http://www.ebi.ac.uk/Rebholz-srv/GRO/GRO.html',NULL,'http://www.bootstrep.eu/ontology/GRO#|0.2',NULL,0,NULL),(566,26952,'NanoParticle Ontology (NPO)','OWL-FULL','Nathan Baker','baker@ccb.wustl.edu',NULL,NULL,NULL,'http://revelation.wustl.edu/NPO.owl#|0.9.3',NULL,0,NULL),(567,27483,'Cell Cycle Ontology (A. thaliana)','OBO','Erick Antezana','erant@psb.ugent.be','http://www.cellcycleontology.org','http://www.cellcycleontology.org/html/index.html#Documentation','http://www.cellcycleontology.org/html/index.html#Documentation','urn:lsid:bioontology.org:cellcycle_ontology|UNASSIGNED',NULL,0,NULL),(568,27491,'Cell Cycle Ontology (H. sapiens)','OBO','Erick Antezana','erant@psb.ugent.be','http://www.cellcycleontology.org','http://www.cellcycleontology.org/html/index.html#Documentation','http://www.cellcycleontology.org/html/index.html#Documentation','urn:lsid:bioontology.org:cellcycle_ontology_h_sapiens|UNASSIGNED',NULL,0,NULL),(569,27496,'Cell Cycle Ontology (S. cerevisiae)','OBO','Erick Antezana','erant@psb.ugent.be','http://www.cellcycleontology.org','http://www.cellcycleontology.org/html/index.html#Documentation','http://www.cellcycleontology.org/html/index.html#Documentation','urn:lsid:bioontology.org:cellcycle_ontology_s_cerevisiae|UNASSIGNED',NULL,0,NULL),(570,27518,'Cell Cycle Ontology (S. pombe)','OBO','Erick Antezana','erant@psb.ugent.be','http://www.cellcycleontology.org','http://www.cellcycleontology.org/html/index.html#Documentation','http://www.cellcycleontology.org/html/index.html#Documentation','urn:lsid:bioontology.org:cellcycle_ontology_s_pombe|UNASSIGNED',NULL,0,NULL),(571,28096,'NIFSTD','OWL-DL','William Bug','wbug@ncmir.ucsd.edu','http://nif.nih.gov/','http://nif.sdsc.edu/nif/nif_vocabularies.shtm',NULL,NULL,NULL,0,NULL),(572,28560,'Ontology of Glucose Metabolism Disorder','OWL-DL','Yu Lin','linikujp@gmail.com',NULL,NULL,NULL,'http://www.owl-ontologies.com/GlucoseMetabolismDisorder.owl#|??',NULL,0,NULL),(573,28672,'Cell Cycle Ontology (A. thaliana)','OBO','Erick Antezana','erant@psb.ugent.be','http://www.cellcycleontology.org','http://www.cellcycleontology.org/html/index.html#Documentation','http://www.cellcycleontology.org/html/index.html#Documentation','urn:lsid:bioontology.org:cellcycle_ontology|UNASSIGNED',NULL,0,NULL),(574,28683,'Cell Cycle Ontology (H. sapiens)','OBO','Erick Antezana','erant@psb.ugent.be','http://www.cellcycleontology.org','http://www.cellcycleontology.org/html/index.html#Documentation','http://www.cellcycleontology.org/html/index.html#Documentation','urn:lsid:bioontology.org:cellcycle_ontology_h_sapiens|UNASSIGNED',NULL,0,NULL),(575,28691,'Cell Cycle Ontology (S. cerevisiae)','OBO','Erick Antezana','erant@psb.ugent.be','http://www.cellcycleontology.org','http://www.cellcycleontology.org/html/index.html#Documentation','http://www.cellcycleontology.org/html/index.html#Documentation','urn:lsid:bioontology.org:cellcycle_ontology_s_cerevisiae|UNASSIGNED',NULL,0,NULL),(576,28699,'Cell Cycle Ontology (S. pombe)','OBO','Erick Antezana','erant@psb.ugent.be','http://www.cellcycleontology.org','http://www.cellcycleontology.org/html/index.html#Documentation','http://www.cellcycleontology.org/html/index.html#Documentation','urn:lsid:bioontology.org:cellcycle_ontology_s_pombe|UNASSIGNED',NULL,0,NULL),(577,28826,'Ontology of Genetic Susceptibility Factors','OWL-DL','Yu Lin','linikujp@gmail.com',NULL,NULL,NULL,NULL,NULL,0,NULL),(578,28837,'Ontology of Geographical Region','OWL-DL','Yu Lin','linikujp@gmail.com',NULL,NULL,NULL,'http://www.owl-ontologies.com/GeographicalRegion.owl#|??',NULL,0,NULL),(579,29169,'MHC Ontology','OWL-DL','David S. DeLuca','deluca.david@mh-hannover.de','http://purl.org/stemnet/','http://purl.org/stemnet/','http://purl.org/stemnet/',NULL,NULL,0,NULL),(580,29373,'Ontology for Biomedical Investigations','OWL-DL','OBI Development mailing list','obi-devel@lists.sourceforge.net','http://obi.sourceforge.net/index.php','http://obi.sourceforge.net/ontologyInformation/',NULL,NULL,NULL,0,NULL),(581,29531,'NanoParticle Ontology (NPO)','OWL-FULL','Nathan Baker','baker@ccb.wustl.edu',NULL,NULL,NULL,'http://revelation.wustl.edu/NPO.owl#|0.9.3',NULL,0,NULL),(582,29684,'BIRNLex','OWL-DL','William Bug','wbug@ncmir.ucsd.edu','http://xwiki.nbirn.net:8080/xwiki/bin/view/%20BIRN-OTF-Public/Home',NULL,NULL,'http://bioontology.org/projects/ontologies/birnlex#|??',NULL,0,NULL),(583,29930,'Mouse adult gross anatomy','OBO','Anatomy at JAX','anatomy@informatics.jax.org','http://www.informatics.jax.org/searches/AMA_form.shtml',NULL,NULL,'urn:lsid:bioontology.org:adult_mouse_anatomy.gxd|UNASSIGNED',NULL,0,NULL),(584,29935,'Amphibian gross anatomy','OBO','AmphiAnat mailing list	sbhdbe','mst.edu','www.amphibanat.org',NULL,NULL,'urn:lsid:bioontology.org:amphibanat|UNASSIGNED',NULL,1,NULL),(585,29943,'PATO','OBO','OBO phenotype group','obo-phenotype@lists.sourceforge.net','http://www.bioontology.org/wiki/index.php/PATO:Main_Page',NULL,NULL,'urn:lsid:bioontology.org:quality|UNASSIGNED',NULL,1,NULL),(586,29948,'Biological process','OBO','Gene Ontology','go@geneontology.org','http://www.geneontology.org','http://www.geneontology.org/GO.doc.shtml',NULL,NULL,NULL,1,NULL),(587,29952,'Spatial Ontology','OBO','Chris Mungall','cjm@berkeleybop.org','http://www.bioontology.org/wiki/index.php/CARO:Main_Page',NULL,NULL,'urn:lsid:bioontology.org:spatial|UNASSIGNED',NULL,1,NULL),(588,29957,'Spider Ontology','OBO','Martin Ramirez	ramirez','macn.gov.ar','http://research.amnh.org/atol/files/','http://research.amnh.org/atol/files/Content/SVsManual/',NULL,'urn:lsid:bioontology.org:spider_behavior|0.8',NULL,1,NULL),(589,29966,'Chemical entities of biological interest','OBO','ChEBI help','chebi-help@ebi.ac.uk','http://www.ebi.ac.uk/chebi','http://www.ebi.ac.uk/chebi/init.do?toolBarForward=userManual',NULL,'urn:lsid:bioontology.org:chebi_ontology|UNASSIGNED',NULL,1,NULL),(590,29972,'Dictyostelium discoideum anatomy','OBO','Rex Chisholm','r-chisholm@northwestern.edu','http://dictybase.org/',NULL,NULL,'urn:lsid:bioontology.org:Dictyostelium_discoideum_anatomy|UNASSIGNED',NULL,0,NULL),(591,29976,'Human disease','OBO','discussion list','diseaseontology-discussion@lists.sourceforge.net','http://diseaseontology.sourceforge.net/','http://diseaseontology.sourceforge.net/',NULL,'urn:lsid:bioontology.org:disease_ontology|UNASSIGNED',NULL,0,NULL),(592,29981,'Infectious disease','OBO','Lindsay Cowell	ido','duke.edu','http://www.bioontology.org/wiki/index.php/Infectious_Disease_Ontology',NULL,NULL,NULL,NULL,1,NULL),(593,29988,'Environment Ontology','OBO','Norman Morrison','morrison@cs.man.ac.uk',NULL,'http://www.envoc.org',NULL,'urn:lsid:bioontology.org:ENVO|$Revision 1.34$',NULL,1,NULL),(594,30003,'Gene Regulation Ontology','OWL-FULL','Vivian Lee	vlee','ebi.ac.uk','http://www.ebi.ac.uk/Rebholz-srv/GRO/GRO.html',NULL,NULL,NULL,NULL,0,NULL),(595,30014,'Mammalian phenotype','OBO','JAX phenotype list','pheno@informatics.jax.org','http://www.informatics.jax.org/searches/MP_form.shtml',NULL,NULL,'urn:lsid:bioontology.org:MPheno.ontology|UNASSIGNED',NULL,0,NULL),(596,30017,'Mosquito gross anatomy','OBO','C. Louis','louis@imbb.forth.gr','http://www.anobase.org',NULL,NULL,'urn:lsid:bioontology.org:default_namespace|UNASSIGNED',NULL,0,NULL),(597,30021,'Mosquito insecticide resistance','OBO','C. Louis','louis@imbb.forth.gr','http://www.anobase.org',NULL,NULL,'urn:lsid:bioontology.org:mosquito_insecticide_resistance_ontology|UNASSIGNED',NULL,0,NULL),(598,30037,'Plant environmental conditions','OBO','Pankaj Jaiswal','pj37@cornell.edu','http://www.gramene.org','http://www.gramene.org/plant_ontology/index.html#eo',NULL,'urn:lsid:bioontology.org:plant_environment_ontology|UNASSIGNED',NULL,0,NULL),(599,30042,'Cereal plant trait','OBO','Gramene curators','gramene@gramene.org','http://www.gramene.org/plant_ontology/','http://www.gramene.org/plant_ontology/index.html#to',NULL,'urn:lsid:bioontology.org:plant_trait_ontology|$Revision: 1.60 $',NULL,0,NULL),(600,30049,'Cereal plant gross anatomy','OBO','Gramene curators','gramene@gramene.org','http://www.gramene.org/plant_ontology/','http://www.gramene.org/plant_ontology/index.html#po',NULL,'urn:lsid:bioontology.org:plant_structure|$Revision: 1.50 $',NULL,0,NULL),(601,30061,'Subcellular anatomy ontology','OWL-FULL','Bill Bug	wbug','ncmir.ucsd.edu','http://ccdb.ucsd.edu/CCDBWebSite/sao.html',NULL,NULL,NULL,NULL,1,NULL),(602,30067,'Sequence Ontology','OBO','SONG developers','song-devel@lists.sourceforge.net','http://song.sourceforge.net/',NULL,NULL,'urn:lsid:bioontology.org:sequence|UNASSIGNED',NULL,1,NULL),(603,30073,'Teleost anatomy and development (TAO)','OBO','obo-teleost','obo-teleost-discuss@lists.sourceforge.net','https://www.nescent.org/phenoscape/Main_Page',NULL,NULL,'urn:lsid:bioontology.org:teleost_anatomy|UNASSIGNED',NULL,1,NULL),(604,30077,'Teleost taxonomy','OBO','Peter Midford','peteremidford@yahoo.com','https://www.nescent.org/phenoscape/Main_Page',NULL,NULL,'urn:lsid:bioontology.org:teleost-taxonomy|UNASSIGNED',NULL,1,NULL),(605,30081,'Pathogen transmission','OBO','Lynn Schriml','diseaseontology-discussion@lists.sourceforge.net','http://diseaseontology.sourceforge.net/',NULL,NULL,'urn:lsid:bioontology.org:transmission_process|UNASSIGNED',NULL,1,NULL),(606,30096,'Xenopus anatomy and development','OBO','Erik Segerdell	esegerde','ucalgary.ca','http://www.xenbase.org/anatomy/atlas.do',NULL,NULL,'urn:lsid:bioontology.org:xenopus_anatomy|UNASSIGNED',NULL,1,NULL),(607,30308,'Biological process','OBO','Gene Ontology','go@geneontology.org','http://www.geneontology.org','http://www.geneontology.org/GO.doc.shtml',NULL,NULL,NULL,1,NULL),(608,30311,'Chemical entities of biological interest','OBO','ChEBI help','chebi-help@ebi.ac.uk','http://www.ebi.ac.uk/chebi','http://www.ebi.ac.uk/chebi/init.do?toolBarForward=userManual',NULL,'urn:lsid:bioontology.org:chebi_ontology|UNASSIGNED',NULL,1,NULL),(609,30322,'Mammalian phenotype','OBO','JAX phenotype list','pheno@informatics.jax.org','http://www.informatics.jax.org/searches/MP_form.shtml',NULL,NULL,'urn:lsid:bioontology.org:MPheno.ontology|UNASSIGNED',NULL,0,NULL),(610,30327,'Mosquito insecticide resistance','OBO','C. Louis','louis@imbb.forth.gr','http://www.anobase.org',NULL,NULL,'urn:lsid:bioontology.org:mosquito_insecticide_resistance_ontology|UNASSIGNED',NULL,0,NULL),(611,30332,'Cereal plant trait','OBO','Gramene curators','gramene@gramene.org','http://www.gramene.org/plant_ontology/','http://www.gramene.org/plant_ontology/index.html#to',NULL,'urn:lsid:bioontology.org:plant_trait_ontology|$Revision: 1.60 $',NULL,0,NULL),(612,30338,'Cereal plant gross anatomy','OBO','Gramene curators','gramene@gramene.org','http://www.gramene.org/plant_ontology/','http://www.gramene.org/plant_ontology/index.html#po',NULL,'urn:lsid:bioontology.org:plant_structure|$Revision: 1.50 $',NULL,0,NULL),(613,30342,'Sequence Ontology','OBO','SONG developers','song-devel@lists.sourceforge.net','http://song.sourceforge.net/',NULL,NULL,'urn:lsid:bioontology.org:sequence|UNASSIGNED',NULL,1,NULL),(614,30487,'Biological process','OBO','Gene Ontology','go@geneontology.org','http://www.geneontology.org','http://www.geneontology.org/GO.doc.shtml',NULL,NULL,NULL,1,NULL),(615,30492,'Mosquito insecticide resistance','OBO','C. Louis','louis@imbb.forth.gr','http://www.anobase.org',NULL,NULL,'urn:lsid:bioontology.org:mosquito_insecticide_resistance_ontology|UNASSIGNED',NULL,0,NULL),(616,30497,'Cereal plant trait','OBO','Gramene curators','gramene@gramene.org','http://www.gramene.org/plant_ontology/','http://www.gramene.org/plant_ontology/index.html#to',NULL,'urn:lsid:bioontology.org:plant_trait_ontology|$Revision: 1.60 $',NULL,0,NULL),(617,30501,'Sequence Ontology','OBO','SONG developers','song-devel@lists.sourceforge.net','http://song.sourceforge.net/',NULL,NULL,'urn:lsid:bioontology.org:sequence|UNASSIGNED',NULL,1,NULL),(618,30547,'PATO','OBO','OBO phenotype group','obo-phenotype@lists.sourceforge.net','http://www.bioontology.org/wiki/index.php/PATO:Main_Page',NULL,NULL,'urn:lsid:bioontology.org:quality|UNASSIGNED',NULL,1,NULL),(619,30550,'Biological process','OBO','Gene Ontology','go@geneontology.org','http://www.geneontology.org','http://www.geneontology.org/GO.doc.shtml',NULL,NULL,NULL,1,NULL),(620,30555,'Mammalian phenotype','OBO','JAX phenotype list','pheno@informatics.jax.org','http://www.informatics.jax.org/searches/MP_form.shtml',NULL,NULL,'urn:lsid:bioontology.org:MPheno.ontology|UNASSIGNED',NULL,0,NULL),(621,30558,'Mosquito insecticide resistance','OBO','C. Louis','louis@imbb.forth.gr','http://www.anobase.org',NULL,NULL,'urn:lsid:bioontology.org:mosquito_insecticide_resistance_ontology|UNASSIGNED',NULL,0,NULL),(622,30564,'Cereal plant trait','OBO','Gramene curators','gramene@gramene.org','http://www.gramene.org/plant_ontology/','http://www.gramene.org/plant_ontology/index.html#to',NULL,'urn:lsid:bioontology.org:plant_trait_ontology|$Revision: 1.60 $',NULL,0,NULL),(623,30595,'Biological process','OBO','Gene Ontology','go@geneontology.org','http://www.geneontology.org','http://www.geneontology.org/GO.doc.shtml',NULL,NULL,NULL,1,NULL),(624,30600,'Mammalian phenotype','OBO','JAX phenotype list','pheno@informatics.jax.org','http://www.informatics.jax.org/searches/MP_form.shtml',NULL,NULL,'urn:lsid:bioontology.org:MPheno.ontology|UNASSIGNED',NULL,0,NULL),(625,30603,'Mosquito insecticide resistance','OBO','C. Louis','louis@imbb.forth.gr','http://www.anobase.org',NULL,NULL,'urn:lsid:bioontology.org:mosquito_insecticide_resistance_ontology|UNASSIGNED',NULL,0,NULL),(626,30654,'NEMO_ERP','OWL-LITE','Dejing Dou','dou@cs.uoregon.edu','http://nemo.nic.uoregon.edu','http://aimlab.cs.uoregon.edu/NEMO/OWLdoc_ERP/index.html','http://nemo.nic.uoregon.edu',NULL,NULL,0,NULL),(627,30660,'NEMO_Functional','OWL-LITE','Dejing Dou','dou@cs.uoregon.edu','http://nemo.nic.uoregon.edu/','http://aimlab.cs.uoregon.edu/NEMO/OWLdoc_fun/index.html','http://nemo.nic.uoregon.edu',NULL,NULL,0,NULL),(628,30666,'Biological process','OBO','Gene Ontology','go@geneontology.org','http://www.geneontology.org','http://www.geneontology.org/GO.doc.shtml',NULL,NULL,NULL,1,NULL),(629,30671,'Mosquito insecticide resistance','OBO','C. Louis','louis@imbb.forth.gr','http://www.anobase.org',NULL,NULL,'urn:lsid:bioontology.org:mosquito_insecticide_resistance_ontology|UNASSIGNED',NULL,0,NULL),(630,30682,'NEMO_Citation','OWL-LITE','Dejing Dou','dou@cs.uoregon.edu','http://nemo.nic.uoregon.edu/','http://aimlab.cs.uoregon.edu/NEMO/OWLdoc_cite/index.html','http://nemo.nic.uoregon.edu/',NULL,NULL,0,NULL),(631,30814,'Biological process','OBO','Gene Ontology','go@geneontology.org','http://www.geneontology.org','http://www.geneontology.org/GO.doc.shtml',NULL,NULL,NULL,1,NULL),(632,30819,'Mosquito insecticide resistance','OBO','C. Louis','louis@imbb.forth.gr','http://www.anobase.org',NULL,NULL,'urn:lsid:bioontology.org:mosquito_insecticide_resistance_ontology|UNASSIGNED',NULL,0,NULL),(633,30825,'Teleost anatomy and development (TAO)','OBO','obo-teleost','obo-teleost-discuss@lists.sourceforge.net','https://www.nescent.org/phenoscape/Main_Page',NULL,NULL,'urn:lsid:bioontology.org:teleost_anatomy|UNASSIGNED',NULL,1,NULL),(634,30907,'Amphibian gross anatomy','OBO','AmphiAnat mailing list	sbhdbe','mst.edu','www.amphibanat.org',NULL,NULL,'urn:lsid:bioontology.org:amphibanat|UNASSIGNED',NULL,1,NULL),(635,30910,'Biological process','OBO','Gene Ontology','go@geneontology.org','http://www.geneontology.org','http://www.geneontology.org/GO.doc.shtml',NULL,NULL,NULL,1,NULL),(636,30915,'Mosquito insecticide resistance','OBO','C. Louis','louis@imbb.forth.gr','http://www.anobase.org',NULL,NULL,'urn:lsid:bioontology.org:mosquito_insecticide_resistance_ontology|UNASSIGNED',NULL,0,NULL),(637,30921,'Cereal plant trait','OBO','Gramene curators','gramene@gramene.org','http://www.gramene.org/plant_ontology/','http://www.gramene.org/plant_ontology/index.html#to',NULL,'urn:lsid:bioontology.org:plant_trait_ontology|$Revision: 1.60 $',NULL,0,NULL),(638,31010,'Biological process','OBO','Gene Ontology','go@geneontology.org','http://www.geneontology.org','http://www.geneontology.org/GO.doc.shtml',NULL,NULL,NULL,1,NULL),(639,31015,'Mosquito insecticide resistance','OBO','C. Louis','louis@imbb.forth.gr','http://www.anobase.org',NULL,NULL,'urn:lsid:bioontology.org:mosquito_insecticide_resistance_ontology|UNASSIGNED',NULL,0,NULL),(640,31021,'Xenopus anatomy and development','OBO','Erik Segerdell	esegerde','ucalgary.ca','http://www.xenbase.org/anatomy/atlas.do',NULL,NULL,'urn:lsid:bioontology.org:xenopus_anatomy|UNASSIGNED',NULL,1,NULL),(641,31108,'Biological process','OBO','Gene Ontology','go@geneontology.org','http://www.geneontology.org','http://www.geneontology.org/GO.doc.shtml',NULL,NULL,NULL,1,NULL),(642,31113,'Mammalian phenotype','OBO','JAX phenotype list','pheno@informatics.jax.org','http://www.informatics.jax.org/searches/MP_form.shtml',NULL,NULL,'urn:lsid:bioontology.org:MPheno.ontology|UNASSIGNED',NULL,0,NULL),(643,31116,'Mosquito insecticide resistance','OBO','C. Louis','louis@imbb.forth.gr','http://www.anobase.org',NULL,NULL,'urn:lsid:bioontology.org:mosquito_insecticide_resistance_ontology|UNASSIGNED',NULL,0,NULL),(644,31121,'Cereal plant trait','OBO','Gramene curators','gramene@gramene.org','http://www.gramene.org/plant_ontology/','http://www.gramene.org/plant_ontology/index.html#to',NULL,'urn:lsid:bioontology.org:plant_trait_ontology|$Revision: 1.60 $',NULL,0,NULL),(645,31126,'Sequence Ontology','OBO','SONG developers','song-devel@lists.sourceforge.net','http://song.sourceforge.net/',NULL,NULL,'urn:lsid:bioontology.org:sequence|UNASSIGNED',NULL,1,NULL),(646,31130,'Teleost taxonomy','OBO','Peter Midford','peteremidford@yahoo.com','https://www.nescent.org/phenoscape/Main_Page',NULL,NULL,'urn:lsid:bioontology.org:teleost-taxonomy|UNASSIGNED',NULL,1,NULL),(647,31133,'Xenopus anatomy and development','OBO','Erik Segerdell	esegerde','ucalgary.ca','http://www.xenbase.org/anatomy/atlas.do',NULL,NULL,'urn:lsid:bioontology.org:xenopus_anatomy|UNASSIGNED',NULL,1,NULL),(648,31187,'Biological process','OBO','Gene Ontology','go@geneontology.org','http://www.geneontology.org','http://www.geneontology.org/GO.doc.shtml',NULL,NULL,NULL,1,NULL),(649,31192,'Mosquito insecticide resistance','OBO','C. Louis','louis@imbb.forth.gr','http://www.anobase.org',NULL,NULL,'urn:lsid:bioontology.org:mosquito_insecticide_resistance_ontology|UNASSIGNED',NULL,0,NULL),(650,31197,'Cereal plant trait','OBO','Gramene curators','gramene@gramene.org','http://www.gramene.org/plant_ontology/','http://www.gramene.org/plant_ontology/index.html#to',NULL,'urn:lsid:bioontology.org:plant_trait_ontology|$Revision: 1.60 $',NULL,0,NULL),(651,31231,'African Traditional Medicine','OBO','Ghislain Atemezing','atemezing@yahoo.com',NULL,NULL,NULL,NULL,NULL,0,NULL),(652,31259,'Biological process','OBO','Gene Ontology','go@geneontology.org','http://www.geneontology.org','http://www.geneontology.org/GO.doc.shtml',NULL,NULL,NULL,1,NULL),(653,31264,'Mosquito insecticide resistance','OBO','C. Louis','louis@imbb.forth.gr','http://www.anobase.org',NULL,NULL,'urn:lsid:bioontology.org:mosquito_insecticide_resistance_ontology|UNASSIGNED',NULL,0,NULL),(654,31335,'Biological process','OBO','Gene Ontology','go@geneontology.org','http://www.geneontology.org','http://www.geneontology.org/GO.doc.shtml',NULL,NULL,NULL,1,NULL),(655,31340,'Mosquito insecticide resistance','OBO','C. Louis','louis@imbb.forth.gr','http://www.anobase.org',NULL,NULL,'urn:lsid:bioontology.org:mosquito_insecticide_resistance_ontology|UNASSIGNED',NULL,0,NULL),(656,31456,'Biological process','OBO','Gene Ontology','go@geneontology.org','http://www.geneontology.org','http://www.geneontology.org/GO.doc.shtml',NULL,NULL,NULL,1,NULL),(657,31460,'Environment Ontology','OBO','Norman Morrison','morrison@cs.man.ac.uk',NULL,'http://www.envoc.org',NULL,'urn:lsid:bioontology.org:ENVO|$Revision 1.34$',NULL,1,NULL),(658,31464,'Mammalian phenotype','OBO','JAX phenotype list','pheno@informatics.jax.org','http://www.informatics.jax.org/searches/MP_form.shtml',NULL,NULL,'urn:lsid:bioontology.org:MPheno.ontology|UNASSIGNED',NULL,0,NULL),(659,31467,'Mosquito insecticide resistance','OBO','C. Louis','louis@imbb.forth.gr','http://www.anobase.org',NULL,NULL,'urn:lsid:bioontology.org:mosquito_insecticide_resistance_ontology|UNASSIGNED',NULL,0,NULL),(660,31576,'Biological process','OBO','Gene Ontology','go@geneontology.org','http://www.geneontology.org','http://www.geneontology.org/GO.doc.shtml',NULL,NULL,NULL,1,NULL),(661,31582,'Mosquito insecticide resistance','OBO','C. Louis','louis@imbb.forth.gr','http://www.anobase.org',NULL,NULL,'urn:lsid:bioontology.org:mosquito_insecticide_resistance_ontology|UNASSIGNED',NULL,0,NULL),(662,31761,'Biological process','OBO','Gene Ontology','go@geneontology.org','http://www.geneontology.org','http://www.geneontology.org/GO.doc.shtml',NULL,NULL,NULL,1,NULL),(663,31766,'Mosquito insecticide resistance','OBO','C. Louis','louis@imbb.forth.gr','http://www.anobase.org',NULL,NULL,'urn:lsid:bioontology.org:mosquito_insecticide_resistance_ontology|UNASSIGNED',NULL,0,NULL),(664,31827,'PATO','OBO','OBO phenotype group','obo-phenotype@lists.sourceforge.net','http://www.bioontology.org/wiki/index.php/PATO:Main_Page',NULL,NULL,'urn:lsid:bioontology.org:quality|UNASSIGNED',NULL,1,NULL),(665,31830,'Biological process','OBO','Gene Ontology','go@geneontology.org','http://www.geneontology.org','http://www.geneontology.org/GO.doc.shtml',NULL,NULL,NULL,1,NULL),(666,31835,'Mammalian phenotype','OBO','JAX phenotype list','pheno@informatics.jax.org','http://www.informatics.jax.org/searches/MP_form.shtml',NULL,NULL,'urn:lsid:bioontology.org:MPheno.ontology|UNASSIGNED',NULL,0,NULL),(667,31839,'Mosquito insecticide resistance','OBO','C. Louis','louis@imbb.forth.gr','http://www.anobase.org',NULL,NULL,'urn:lsid:bioontology.org:mosquito_insecticide_resistance_ontology|UNASSIGNED',NULL,0,NULL),(668,31845,'Xenopus anatomy and development','OBO','Erik Segerdell	esegerde','ucalgary.ca','http://www.xenbase.org/anatomy/atlas.do',NULL,NULL,'urn:lsid:bioontology.org:xenopus_anatomy|UNASSIGNED',NULL,1,NULL),(669,31923,'Biological process','OBO','Gene Ontology','go@geneontology.org','http://www.geneontology.org','http://www.geneontology.org/GO.doc.shtml',NULL,NULL,NULL,1,NULL),(670,31927,'Evidence codes','OBO','Michael Ashburner','ma11@gen.cam.ac.uk',NULL,NULL,NULL,'urn:lsid:bioontology.org:evidence_code2.obo|UNASSIGNED',NULL,0,NULL),(671,31931,'Mosquito insecticide resistance','OBO','C. Louis','louis@imbb.forth.gr','http://www.anobase.org',NULL,NULL,'urn:lsid:bioontology.org:mosquito_insecticide_resistance_ontology|UNASSIGNED',NULL,0,NULL),(672,31937,'Sequence Ontology','OBO','SONG developers','song-devel@lists.sourceforge.net','http://song.sourceforge.net/',NULL,NULL,'urn:lsid:bioontology.org:sequence|UNASSIGNED',NULL,1,NULL),(673,31941,'Teleost anatomy and development (TAO)','OBO','obo-teleost','obo-teleost-discuss@lists.sourceforge.net','https://www.nescent.org/phenoscape/Main_Page',NULL,NULL,'urn:lsid:bioontology.org:teleost_anatomy|UNASSIGNED',NULL,1,NULL),(674,31944,'Teleost taxonomy','OBO','Peter Midford','peteremidford@yahoo.com','https://www.nescent.org/phenoscape/Main_Page',NULL,NULL,'urn:lsid:bioontology.org:teleost-taxonomy|UNASSIGNED',NULL,1,NULL),(675,31999,'Biological process','OBO','Gene Ontology','go@geneontology.org','http://www.geneontology.org','http://www.geneontology.org/GO.doc.shtml',NULL,NULL,NULL,1,NULL),(676,32004,'Mosquito insecticide resistance','OBO','C. Louis','louis@imbb.forth.gr','http://www.anobase.org',NULL,NULL,'urn:lsid:bioontology.org:mosquito_insecticide_resistance_ontology|UNASSIGNED',NULL,0,NULL),(677,32063,'Biological process','OBO','Gene Ontology','go@geneontology.org','http://www.geneontology.org','http://www.geneontology.org/GO.doc.shtml',NULL,NULL,NULL,1,NULL),(678,32067,'Environment Ontology','OBO','Norman Morrison','morrison@cs.man.ac.uk',NULL,'http://www.envoc.org',NULL,'urn:lsid:bioontology.org:ENVO|$Revision 1.34$',NULL,1,NULL),(679,32070,'Evidence codes','OBO','Michael Ashburner','ma11@gen.cam.ac.uk',NULL,NULL,NULL,'urn:lsid:bioontology.org:evidence_code2.obo|UNASSIGNED',NULL,0,NULL),(680,32074,'Mosquito insecticide resistance','OBO','C. Louis','louis@imbb.forth.gr','http://www.anobase.org',NULL,NULL,'urn:lsid:bioontology.org:mosquito_insecticide_resistance_ontology|UNASSIGNED',NULL,0,NULL),(681,32145,'African Traditional Medicine','OBO','Ghislain Atemezing','atemezing@yahoo.com',NULL,NULL,NULL,NULL,NULL,0,NULL),(682,32159,'Biological process','OBO','Gene Ontology','go@geneontology.org','http://www.geneontology.org','http://www.geneontology.org/GO.doc.shtml',NULL,NULL,NULL,1,NULL),(683,32164,'Mosquito insecticide resistance','OBO','C. Louis','louis@imbb.forth.gr','http://www.anobase.org',NULL,NULL,'urn:lsid:bioontology.org:mosquito_insecticide_resistance_ontology|UNASSIGNED',NULL,0,NULL),(684,32170,'Teleost anatomy and development (TAO)','OBO','obo-teleost','obo-teleost-discuss@lists.sourceforge.net','https://www.nescent.org/phenoscape/Main_Page',NULL,NULL,'urn:lsid:bioontology.org:teleost_anatomy|UNASSIGNED',NULL,1,NULL),(685,32275,'Biological process','OBO','Gene Ontology','go@geneontology.org','http://www.geneontology.org','http://www.geneontology.org/GO.doc.shtml',NULL,NULL,NULL,1,NULL),(686,32279,'Environment Ontology','OBO','Norman Morrison','morrison@cs.man.ac.uk',NULL,'http://www.envoc.org',NULL,'urn:lsid:bioontology.org:ENVO|$Revision 1.34$',NULL,1,NULL),(687,32283,'Mammalian phenotype','OBO','JAX phenotype list','pheno@informatics.jax.org','http://www.informatics.jax.org/searches/MP_form.shtml',NULL,NULL,'urn:lsid:bioontology.org:MPheno.ontology|UNASSIGNED',NULL,0,NULL),(688,32286,'Mosquito insecticide resistance','OBO','C. Louis','louis@imbb.forth.gr','http://www.anobase.org',NULL,NULL,'urn:lsid:bioontology.org:mosquito_insecticide_resistance_ontology|UNASSIGNED',NULL,0,NULL),(689,32293,'Teleost taxonomy','OBO','Peter Midford','peteremidford@yahoo.com','https://www.nescent.org/phenoscape/Main_Page',NULL,NULL,'urn:lsid:bioontology.org:teleost-taxonomy|UNASSIGNED',NULL,1,NULL),(690,32472,'Biological process','OBO','Gene Ontology','go@geneontology.org','http://www.geneontology.org','http://www.geneontology.org/GO.doc.shtml',NULL,NULL,NULL,1,NULL),(691,32477,'Mammalian phenotype','OBO','JAX phenotype list','pheno@informatics.jax.org','http://www.informatics.jax.org/searches/MP_form.shtml',NULL,NULL,'urn:lsid:bioontology.org:MPheno.ontology|UNASSIGNED',NULL,0,NULL),(692,32480,'Mosquito gross anatomy','OBO','C. Louis','louis@imbb.forth.gr','http://www.anobase.org',NULL,NULL,'urn:lsid:bioontology.org:default_namespace|UNASSIGNED',NULL,0,NULL),(693,32483,'Mosquito insecticide resistance','OBO','C. Louis','louis@imbb.forth.gr','http://www.anobase.org',NULL,NULL,'urn:lsid:bioontology.org:mosquito_insecticide_resistance_ontology|UNASSIGNED',NULL,0,NULL),(694,32490,'Teleost anatomy and development (TAO)','OBO','obo-teleost','obo-teleost-discuss@lists.sourceforge.net','https://www.nescent.org/phenoscape/Main_Page',NULL,NULL,'urn:lsid:bioontology.org:teleost_anatomy|UNASSIGNED',NULL,1,NULL),(695,32624,'PATO','OBO','OBO phenotype group','obo-phenotype@lists.sourceforge.net','http://www.bioontology.org/wiki/index.php/PATO:Main_Page',NULL,NULL,'urn:lsid:bioontology.org:quality|UNASSIGNED',NULL,1,NULL),(696,32627,'Biological process','OBO','Gene Ontology','go@geneontology.org','http://www.geneontology.org','http://www.geneontology.org/GO.doc.shtml',NULL,NULL,NULL,1,NULL),(697,32632,'Mosquito gross anatomy','OBO','C. Louis','louis@imbb.forth.gr','http://www.anobase.org',NULL,NULL,'urn:lsid:bioontology.org:default_namespace|UNASSIGNED',NULL,0,NULL),(698,32635,'Mosquito insecticide resistance','OBO','C. Louis','louis@imbb.forth.gr','http://www.anobase.org',NULL,NULL,'urn:lsid:bioontology.org:mosquito_insecticide_resistance_ontology|UNASSIGNED',NULL,0,NULL),(699,32642,'Teleost anatomy and development (TAO)','OBO','obo-teleost','obo-teleost-discuss@lists.sourceforge.net','https://www.nescent.org/phenoscape/Main_Page',NULL,NULL,'urn:lsid:bioontology.org:teleost_anatomy|UNASSIGNED',NULL,1,NULL),(700,32731,'Biological process','OBO','Gene Ontology','go@geneontology.org','http://www.geneontology.org','http://www.geneontology.org/GO.doc.shtml',NULL,NULL,NULL,1,NULL),(701,32736,'Mosquito insecticide resistance','OBO','C. Louis','louis@imbb.forth.gr','http://www.anobase.org',NULL,NULL,'urn:lsid:bioontology.org:mosquito_insecticide_resistance_ontology|UNASSIGNED',NULL,0,NULL),(702,32742,'Teleost taxonomy','OBO','Peter Midford','peteremidford@yahoo.com','https://www.nescent.org/phenoscape/Main_Page',NULL,NULL,'urn:lsid:bioontology.org:teleost-taxonomy|UNASSIGNED',NULL,1,NULL),(703,32814,'Biological process','OBO','Gene Ontology','go@geneontology.org','http://www.geneontology.org','http://www.geneontology.org/GO.doc.shtml',NULL,NULL,NULL,1,NULL),(704,32819,'Mammalian phenotype','OBO','JAX phenotype list','pheno@informatics.jax.org','http://www.informatics.jax.org/searches/MP_form.shtml',NULL,NULL,'urn:lsid:bioontology.org:MPheno.ontology|UNASSIGNED',NULL,0,NULL),(705,32822,'Mosquito insecticide resistance','OBO','C. Louis','louis@imbb.forth.gr','http://www.anobase.org',NULL,NULL,'urn:lsid:bioontology.org:mosquito_insecticide_resistance_ontology|UNASSIGNED',NULL,0,NULL),(706,32905,'Biological process','OBO','Gene Ontology','go@geneontology.org','http://www.geneontology.org','http://www.geneontology.org/GO.doc.shtml',NULL,NULL,NULL,1,NULL),(707,32910,'Mosquito insecticide resistance','OBO','C. Louis','louis@imbb.forth.gr','http://www.anobase.org',NULL,NULL,'urn:lsid:bioontology.org:mosquito_insecticide_resistance_ontology|UNASSIGNED',NULL,0,NULL),(708,32939,'Ontology of Glucose Metabolism Disorder','OWL-DL','Yu Lin','linikujp@gmail.com',NULL,NULL,NULL,'http://www.owl-ontologies.com/GlucoseMetabolismDisorder.owl#|??',NULL,0,NULL),(709,32947,'Ontology of Genetic Susceptibility Factors','OWL-DL','Yu Lin','linikujp@gmail.com',NULL,NULL,NULL,NULL,NULL,0,NULL),(710,32991,'Biological process','OBO','Gene Ontology','go@geneontology.org','http://www.geneontology.org','http://www.geneontology.org/GO.doc.shtml',NULL,NULL,NULL,1,NULL),(711,32996,'Mosquito insecticide resistance','OBO','C. Louis','louis@imbb.forth.gr','http://www.anobase.org',NULL,NULL,'urn:lsid:bioontology.org:mosquito_insecticide_resistance_ontology|UNASSIGNED',NULL,0,NULL),(712,33002,'Sequence Ontology','OBO','SONG developers','song-devel@lists.sourceforge.net','http://song.sourceforge.net/',NULL,NULL,'urn:lsid:bioontology.org:sequence|UNASSIGNED',NULL,1,NULL),(713,33376,'Biological process','OBO','Gene Ontology','go@geneontology.org','http://www.geneontology.org','http://www.geneontology.org/GO.doc.shtml',NULL,NULL,NULL,1,NULL),(714,33381,'Mosquito insecticide resistance','OBO','C. Louis','louis@imbb.forth.gr','http://www.anobase.org',NULL,NULL,'urn:lsid:bioontology.org:mosquito_insecticide_resistance_ontology|UNASSIGNED',NULL,0,NULL),(715,33494,'Biological process','OBO','Gene Ontology','go@geneontology.org','http://www.geneontology.org','http://www.geneontology.org/GO.doc.shtml',NULL,NULL,NULL,1,NULL),(716,33499,'Mosquito insecticide resistance','OBO','C. Louis','louis@imbb.forth.gr','http://www.anobase.org',NULL,NULL,'urn:lsid:bioontology.org:mosquito_insecticide_resistance_ontology|UNASSIGNED',NULL,0,NULL),(717,33505,'Teleost taxonomy','OBO','Peter Midford','peteremidford@yahoo.com','https://www.nescent.org/phenoscape/Main_Page',NULL,NULL,'urn:lsid:bioontology.org:teleost-taxonomy|UNASSIGNED',NULL,1,NULL),(718,33625,'Amphibian gross anatomy','OBO','AmphiAnat mailing list	sbhdbe','mst.edu','www.amphibanat.org',NULL,NULL,'urn:lsid:bioontology.org:amphibanat|UNASSIGNED',NULL,1,NULL),(719,33628,'Biological process','OBO','Gene Ontology','go@geneontology.org','http://www.geneontology.org','http://www.geneontology.org/GO.doc.shtml',NULL,NULL,NULL,1,NULL),(720,33633,'Mammalian phenotype','OBO','JAX phenotype list','pheno@informatics.jax.org','http://www.informatics.jax.org/searches/MP_form.shtml',NULL,NULL,'urn:lsid:bioontology.org:MPheno.ontology|UNASSIGNED',NULL,0,NULL),(721,33637,'Mosquito insecticide resistance','OBO','C. Louis','louis@imbb.forth.gr','http://www.anobase.org',NULL,NULL,'urn:lsid:bioontology.org:mosquito_insecticide_resistance_ontology|UNASSIGNED',NULL,0,NULL),(722,33685,'Biological process','OBO','Gene Ontology','go@geneontology.org','http://www.geneontology.org','http://www.geneontology.org/GO.doc.shtml',NULL,NULL,NULL,1,NULL),(723,33690,'Mosquito insecticide resistance','OBO','C. Louis','louis@imbb.forth.gr','http://www.anobase.org',NULL,NULL,'urn:lsid:bioontology.org:mosquito_insecticide_resistance_ontology|UNASSIGNED',NULL,0,NULL),(724,33696,'Sequence Ontology','OBO','SONG developers','song-devel@lists.sourceforge.net','http://song.sourceforge.net/',NULL,NULL,'urn:lsid:bioontology.org:sequence|UNASSIGNED',NULL,1,NULL),(725,33719,'Mouse adult gross anatomy','OBO','Anatomy at JAX','anatomy@informatics.jax.org','http://www.informatics.jax.org/searches/AMA_form.shtml',NULL,NULL,'urn:lsid:bioontology.org:adult_mouse_anatomy.gxd|UNASSIGNED',NULL,0,NULL),(726,33722,'Biological process','OBO','Gene Ontology','go@geneontology.org','http://www.geneontology.org','http://www.geneontology.org/GO.doc.shtml',NULL,NULL,NULL,1,NULL),(727,33727,'Mosquito insecticide resistance','OBO','C. Louis','louis@imbb.forth.gr','http://www.anobase.org',NULL,NULL,'urn:lsid:bioontology.org:mosquito_insecticide_resistance_ontology|UNASSIGNED',NULL,0,NULL),(728,33785,'Biological process','OBO','Gene Ontology','go@geneontology.org','http://www.geneontology.org','http://www.geneontology.org/GO.doc.shtml',NULL,NULL,NULL,1,NULL),(729,33790,'Mosquito insecticide resistance','OBO','C. Louis','louis@imbb.forth.gr','http://www.anobase.org',NULL,NULL,'urn:lsid:bioontology.org:mosquito_insecticide_resistance_ontology|UNASSIGNED',NULL,0,NULL),(730,33977,'Amphibian gross anatomy','OBO','AmphiAnat mailing list	sbhdbe','mst.edu','www.amphibanat.org',NULL,NULL,'urn:lsid:bioontology.org:amphibanat|UNASSIGNED',NULL,1,NULL),(731,33980,'Biological process','OBO','Gene Ontology','go@geneontology.org','http://www.geneontology.org','http://www.geneontology.org/GO.doc.shtml',NULL,NULL,NULL,1,NULL),(732,33985,'Mammalian phenotype','OBO','JAX phenotype list','pheno@informatics.jax.org','http://www.informatics.jax.org/searches/MP_form.shtml',NULL,NULL,'urn:lsid:bioontology.org:MPheno.ontology|UNASSIGNED',NULL,0,NULL),(733,33989,'Mosquito insecticide resistance','OBO','C. Louis','louis@imbb.forth.gr','http://www.anobase.org',NULL,NULL,'urn:lsid:bioontology.org:mosquito_insecticide_resistance_ontology|UNASSIGNED',NULL,0,NULL),(734,33995,'Sequence Ontology','OBO','SONG developers','song-devel@lists.sourceforge.net','http://song.sourceforge.net/',NULL,NULL,'urn:lsid:bioontology.org:sequence|UNASSIGNED',NULL,1,NULL),(735,33999,'Teleost anatomy and development (TAO)','OBO','obo-teleost','obo-teleost-discuss@lists.sourceforge.net','https://www.nescent.org/phenoscape/Main_Page',NULL,NULL,'urn:lsid:bioontology.org:teleost_anatomy|UNASSIGNED',NULL,1,NULL),(736,34125,'Biological process','OBO','Gene Ontology','go@geneontology.org','http://www.geneontology.org','http://www.geneontology.org/GO.doc.shtml',NULL,NULL,NULL,1,NULL),(737,34128,'Spider Ontology','OBO','Martin Ramirez	ramirez','macn.gov.ar','http://research.amnh.org/atol/files/','http://research.amnh.org/atol/files/Content/SVsManual/',NULL,'urn:lsid:bioontology.org:spider_behavior|0.8',NULL,1,NULL),(738,34133,'Mammalian phenotype','OBO','JAX phenotype list','pheno@informatics.jax.org','http://www.informatics.jax.org/searches/MP_form.shtml',NULL,NULL,'urn:lsid:bioontology.org:MPheno.ontology|UNASSIGNED',NULL,0,NULL),(739,34136,'Mosquito insecticide resistance','OBO','C. Louis','louis@imbb.forth.gr','http://www.anobase.org',NULL,NULL,'urn:lsid:bioontology.org:mosquito_insecticide_resistance_ontology|UNASSIGNED',NULL,0,NULL),(740,34143,'Zebrafish anatomy and development','OBO','ZFIN administrators','zfinadmin@zfin.org','http://zfin.org/zf_info/anatomy/dict/sum.html',NULL,NULL,'urn:lsid:bioontology.org:zebrafish_anatomical_ontology|UNASSIGNED',NULL,0,NULL),(741,34226,'Biological process','OBO','Gene Ontology','go@geneontology.org','http://www.geneontology.org','http://www.geneontology.org/GO.doc.shtml',NULL,NULL,NULL,1,NULL),(742,34229,'Chemical entities of biological interest','OBO','ChEBI help','chebi-help@ebi.ac.uk','http://www.ebi.ac.uk/chebi','http://www.ebi.ac.uk/chebi/init.do?toolBarForward=userManual',NULL,'urn:lsid:bioontology.org:chebi_ontology|UNASSIGNED',NULL,1,NULL),(743,34234,'Mammalian phenotype','OBO','JAX phenotype list','pheno@informatics.jax.org','http://www.informatics.jax.org/searches/MP_form.shtml',NULL,NULL,'urn:lsid:bioontology.org:MPheno.ontology|UNASSIGNED',NULL,0,NULL),(744,34237,'Mosquito insecticide resistance','OBO','C. Louis','louis@imbb.forth.gr','http://www.anobase.org',NULL,NULL,'urn:lsid:bioontology.org:mosquito_insecticide_resistance_ontology|UNASSIGNED',NULL,0,NULL);

/*Data for the table `ncbo_ontology_version` */

insert  into `ncbo_ontology_version`(`id`,`ontology_id`,`parent_id`,`user_id`,`internal_version_number`,`version_number`,`version_status`,`file_path`,`is_current`,`is_remote`,`is_reviewed`,`date_released`,`date_created`,`status_id`) values (2854,1057,0,2852,1,'2.222222','retired','/1057/1',0,0,1,'2006-12-07 00:00:00','2006-12-08 15:45:15',1),(2861,1020,0,2859,1,'1.56','retired','/1020/1',0,0,1,'2006-12-07 00:00:00','2006-12-08 15:45:22',1),(2868,1004,0,2866,1,'See Remote Site','production','http://animaldiversity.ummz.umich.edu/site/about/technology/ADW_ontology_protege.zip/view.html',1,1,1,'2006-12-08 00:00:00','2006-12-08 15:45:28',5),(2882,1076,0,2880,1,'1.107','retired','/1076/1',0,0,1,'2006-12-07 00:00:00','2006-12-08 15:45:41',1),(2890,1039,0,2888,1,'1.444','production','/1039/1',0,0,1,'2006-12-07 00:00:00','2006-12-08 15:45:47',1),(2899,1010,0,2897,1,'1.295','production','/1010/1',0,0,1,'2006-12-07 00:00:00','2006-12-08 15:45:54',1),(2908,1018,0,2906,1,'1.26','pre_production','/1018/1',0,0,1,'2006-12-07 00:00:00','2006-12-08 15:46:00',1),(2916,1022,0,2914,1,'1.40','retired','/1022/1',0,0,1,'2006-12-07 00:00:00','2006-12-08 15:46:07',1),(2927,1024,0,2925,1,'1.8','retired','/1024/1',0,0,1,'2006-12-07 00:00:00','2006-12-08 15:46:13',1),(2935,1045,0,2933,1,'1.6','retired','/1045/1',0,0,1,'2006-12-07 00:00:00','2006-12-08 15:46:19',1),(2944,1058,0,2942,1,'1.2','production','/1058/1',0,0,1,'2006-12-07 00:00:00','2006-12-08 15:46:25',1),(2952,1029,0,2950,1,'1.6','production','/1029/1',0,0,1,'2006-12-07 00:00:00','2006-12-08 15:46:32',1),(2961,1030,0,2959,1,'1.16','retired','/1030/1',0,0,1,'2006-12-07 00:00:00','2006-12-08 15:46:38',1),(2970,1031,0,2968,1,'1.1','production','/1031/1',1,0,1,'2006-12-07 00:00:00','2006-12-08 15:46:44',1),(2991,1077,0,2989,1,'1.2','pre_production','/1077/1',1,0,1,'2006-12-07 00:00:00','2006-12-08 15:46:50',1),(2996,1026,0,2959,1,'1.22','production','/1026/1',0,0,1,'2006-12-07 00:00:00','2006-12-08 15:46:56',1),(3004,1025,0,2959,1,'1.9','production','/1025/1',0,0,1,'2006-12-07 00:00:00','2006-12-08 15:47:03',1),(3011,1033,0,2959,1,'1.12','production','/1033/1',0,0,1,'2006-12-07 00:00:00','2006-12-08 15:47:09',1),(3020,1035,0,3018,1,'See Remote Site','production','http://obo.svn.sourceforge.net/viewvc/*checkout*/obo/fma-conversion/trunk/fma_obo.obo',1,1,1,'2006-12-08 00:00:00','2006-12-08 15:47:15',5),(3026,1037,0,3024,1,'1.1','production','/1037/1',1,0,1,'2006-12-07 00:00:00','2006-12-08 15:47:21',1),(3036,1042,0,3034,1,'See Remote Site','production','http://www.mesquiteproject.org/ontology/Habronattus/Protege_source/',1,1,1,'2006-12-08 00:00:00','2006-12-08 15:47:28',5),(3041,1043,0,2942,1,'1.3','production','/1043/1',0,0,1,'2006-12-07 00:00:00','2006-12-08 15:47:34',1),(3049,1044,0,2942,1,'1.3','production','/1044/1',0,0,1,'2006-12-07 00:00:00','2006-12-08 15:47:40',1),(3057,1006,0,3055,1,'1.1','production','/1006/1',1,0,1,'2006-12-07 00:00:00','2006-12-08 15:47:47',1),(3066,1048,0,3034,1,'See Remote Site','production','http://www.mesquiteproject.org/ontology/OBO/B8467OBO',1,1,1,'2006-12-08 00:00:00','2006-12-08 15:47:53',5),(3074,1050,0,3072,1,'1.173','retired','/1050/1',0,0,1,'2006-12-07 15:45:14','2006-12-08 15:47:59',1),(3083,1060,0,3081,1,'1.1','production','/1060/1',1,0,1,'2006-12-07 00:00:00','2006-12-08 15:48:05',1),(3093,1051,0,3091,1,'1.1','pre_production','/1051/1',1,0,1,'2006-12-07 00:00:00','2006-12-08 15:48:12',1),(3110,1053,0,3108,1,'See Remote Site','pre_production','http://mged.sourceforge.net/ontologies/MGEDOntology.owl',1,1,1,'2006-12-08 00:00:00','2006-12-08 15:48:24',5),(3116,1054,0,2950,1,'1.7','production','/1054/1',0,0,1,'2006-12-07 00:00:00','2006-12-08 15:48:31',1),(3125,1055,0,3123,1,'1.8','retired','/1055/1',0,0,1,'2006-12-07 00:00:00','2006-12-08 15:48:37',1),(3134,1059,0,3132,1,'1.1','production','/1059/1',1,0,1,'2006-12-07 00:00:00','2006-12-08 15:48:43',1),(3145,1062,0,3143,1,'7.06D','production','/1062/1',0,0,1,'2006-12-08 00:00:00','2006-12-08 15:48:50',1),(3155,1067,0,3153,1,'See Remote Site','pre_production','https://svn.sourceforge.net/svnroot/msi-workgroups/ontology/NMR.owl',1,1,1,'2006-12-08 00:00:00','2006-12-08 15:48:56',5),(3164,1069,0,3162,1,'See Remote Site','pre_production','http://obi.svn.sourceforge.net/viewvc/*checkout*/obi/ontology/trunk/OBI.owl',1,1,1,'2006-12-08 00:00:00','2006-12-08 15:49:02',5),(3171,1075,0,3169,1,'1.42','pre_production','/1075/1',0,0,1,'2006-12-07 00:00:00','2006-12-08 15:49:08',1),(3180,1079,0,3178,1,'1.5','retired','/1079/1',0,0,1,'2006-12-07 00:00:00','2006-12-08 15:49:14',1),(3186,1021,0,2859,1,'1.60','production','/1021/1',0,0,1,'2006-12-07 00:00:00','2006-12-08 15:49:20',1),(3198,1080,0,3196,1,'1.32','production','/1080/1',0,0,1,'2006-12-07 00:00:00','2006-12-08 15:49:27',1),(3205,1086,0,3203,1,'1.1','production','/1086/1',0,0,1,'2006-12-07 00:00:00','2006-12-08 15:49:33',1),(3215,1085,0,3213,1,'1.425','retired','/1085/1',0,0,1,'2006-12-07 15:45:14','2006-12-08 15:49:39',1),(3222,1082,0,3220,1,'1.317','retired','/1082/1',0,0,1,'2006-12-07 00:00:00','2006-12-08 15:49:45',1),(3231,1068,0,3229,1,'1.16','production','/1068/1',1,0,1,'2006-12-07 00:00:00','2006-12-08 15:49:51',1),(3238,1078,0,2989,1,'1.13','pre_production','/1078/1',0,0,1,'2006-12-07 00:00:00','2006-12-08 15:49:57',1),(3247,1088,0,3245,1,'See Remote Site','production','http://psidev.sourceforge.net/gps/CV/sep.obo',1,1,1,'2006-12-08 00:00:00','2006-12-08 15:50:04',5),(3254,1089,0,3252,1,'1.102','retired','/1089/1',0,0,1,'2006-12-07 00:00:00','2006-12-08 15:50:10',1),(3263,1097,0,3261,1,'See Remote Site','production','http://www.ebi.ac.uk/compneur-srv/sbo-main/download.do',1,1,1,'2006-12-08 00:00:00','2006-12-08 15:50:16',5),(3269,1019,0,2859,1,'1.6','production','/1019/1',0,0,1,'2006-12-07 00:00:00','2006-12-08 15:50:22',1),(3278,1012,0,3276,1,'See Remote Site','pre_production','http://brebiou.cshl.edu/viewcvs/*checkout*/Wao/WBbt.obo',1,1,1,'2006-12-08 00:00:00','2006-12-08 15:50:28',5),(3285,1011,0,3283,1,'1.3','production','/1011/1',0,0,1,'2006-12-07 00:00:00','2006-12-08 15:50:35',1),(3294,1049,0,3292,1,'1.1','pre_production','/1049/1',1,0,1,'2006-12-07 00:00:00','2006-12-08 15:50:41',1),(3303,1103,0,3301,1,'1.15','retired','/1103/1',0,0,1,'2006-12-07 00:00:00','2006-12-08 15:50:48',1),(3576,1039,2890,2888,2,'1.444','production','/1039/2',0,0,1,'2006-12-12 15:22:14','2006-12-12 15:22:16',1),(3579,1010,2899,2897,2,'1.295','production','/1010/2',0,0,1,'2006-12-12 15:22:14','2006-12-12 15:22:22',1),(3582,1050,3074,3072,2,'1.173','retired','/1050/2',0,0,1,'2006-12-12 15:22:14','2006-12-12 15:22:30',1),(3586,1085,3215,3213,2,'1.425','retired','/1085/2',0,0,1,'2006-12-12 15:22:14','2006-12-12 15:22:38',1),(3589,1082,3222,3220,2,'1.317','retired','/1082/2',0,0,1,'2006-12-12 15:22:14','2006-12-12 15:22:44',1),(3593,1089,3254,3252,2,'1.102','retired','/1089/2',0,0,1,'2006-12-12 15:22:14','2006-12-12 15:22:51',1),(3905,1083,0,3830,1,'2.0','production','/1083/1',1,0,1,'2006-12-22 00:00:00','2006-12-21 15:26:25',1),(4513,1034,0,2850,1,'1.4','production','/1034/1',1,0,1,'2007-01-03 00:00:00','2007-01-16 11:14:19',1),(4519,1002,0,2850,1,'1.2','production','/1002/1',1,0,1,'2007-01-10 00:00:00','2007-01-16 13:51:11',1),(4525,1038,0,2850,1,'1.1','production','/1038/1',1,0,1,'2007-01-09 00:00:00','2007-01-16 13:51:57',1),(4531,1005,0,2850,1,'1.1','production','/1005/1',1,0,1,'2007-01-10 00:00:00','2007-01-16 13:52:55',1),(4537,1087,0,2850,1,'2.0','production','/1087/1',0,0,1,'2007-01-04 00:00:00','2007-01-16 13:53:39',1),(4545,1076,2882,2880,2,'1.107','retired','/1076/2',0,0,1,'2007-01-16 15:24:36','2007-01-16 15:24:38',1),(4548,1039,3576,2888,3,'1.444','production','/1039/3',0,0,1,'2007-01-16 15:24:36','2007-01-16 15:24:44',1),(4551,1010,3579,2897,3,'1.295','production','/1010/3',0,0,1,'2007-01-16 15:24:36','2007-01-16 15:24:50',1),(4554,1022,2916,2914,2,'1.40','retired','/1022/2',0,0,1,'2007-01-16 15:24:36','2007-01-16 15:24:57',1),(4558,1024,2927,2925,2,'1.8','retired','/1024/2',0,0,1,'2007-01-16 15:24:36','2007-01-16 15:25:03',1),(4561,1033,3011,2959,2,'1.12','production','/1033/2',0,0,1,'2007-01-16 15:24:36','2007-01-16 15:25:09',1),(4564,1050,3582,3072,3,'1.173','retired','/1050/3',0,0,1,'2007-01-16 15:24:36','2007-01-16 15:25:16',1),(4568,1075,3171,3169,2,'1.42','pre_production','/1075/2',0,0,1,'2007-01-16 15:24:36','2007-01-16 15:25:23',1),(4571,1085,3586,3213,3,'1.425','retired','/1085/3',0,0,1,'2007-01-16 15:24:36','2007-01-16 15:25:29',1),(4574,1082,3589,3220,3,'1.317','retired','/1082/3',0,0,1,'2007-01-16 15:24:36','2007-01-16 15:25:35',1),(4578,1078,3238,2989,2,'1.13','pre_production','/1078/2',0,0,1,'2007-01-16 15:24:36','2007-01-16 15:25:42',1),(4581,1089,3593,3252,3,'1.102','retired','/1089/3',0,0,1,'2007-01-16 00:00:00','2007-01-16 15:25:48',1),(4584,1103,3303,3301,2,'1.15','retired','/1103/2',0,0,1,'2007-01-16 15:24:36','2007-01-16 15:25:54',1),(4877,1090,0,4875,1,'1.4','production','/1090/1',0,0,1,'2006-10-19 00:00:00','2007-01-17 02:29:17',1),(4886,1062,3145,2850,2,'7.06D','production','/1062/2',0,0,1,'2007-01-16 00:00:00','2007-01-17 07:03:59',1),(4949,1081,0,4943,1,'0.75','pre_production','/1081/1',0,0,1,'2007-01-18 00:00:00','2007-01-17 20:29:55',1),(5249,1046,0,2850,1,'9','production','/1046/1',1,0,1,'2007-01-17 00:00:00','2007-01-24 13:12:59',1),(5958,1057,2854,2852,2,'1.185','retired','/1057/2',0,0,1,'2007-01-29 21:35:55','2007-01-29 21:35:57',1),(5961,1020,2861,2859,2,'1.56','retired','/1020/2',0,0,1,'2007-01-29 21:35:55','2007-01-29 21:36:03',1),(5964,1076,4545,2880,3,'1.107','retired','/1076/3',0,0,1,'2007-01-29 21:35:55','2007-01-29 21:36:09',1),(5967,1039,4548,2888,4,'1.444','production','/1039/4',0,0,1,'2007-01-29 21:35:55','2007-01-29 21:36:15',1),(5971,1010,4551,2897,4,'1.295','production','/1010/4',0,0,1,'2007-01-29 21:35:55','2007-01-29 21:36:22',1),(5974,1033,4561,2959,3,'1.12','production','/1033/3',0,0,1,'2007-01-29 21:35:55','2007-01-29 21:36:28',1),(5978,1050,4564,3072,4,'1.173','retired','/1050/4',0,0,1,'2007-01-29 21:35:55','2007-01-29 21:36:35',1),(6676,1090,4877,4875,2,'1.4','production','/1090/2',0,0,1,'2007-02-13 00:00:00','2007-02-13 06:45:14',1),(6723,1090,6676,4875,3,'1.4','production','/1090/3',0,0,1,'2007-02-14 00:00:00','2007-02-14 02:18:02',1),(8056,1028,0,8048,1,'0.9','production','/1028/1',1,0,0,'2007-03-20 00:00:00','2007-03-20 11:47:37',1),(8102,1091,0,4875,1,'2.0 alpha','pre_production','/1091/1',0,0,0,'2007-03-21 00:00:00','2007-03-21 03:56:00',1),(12547,1090,6723,4875,4,'1.4','production','/1090/4',1,0,1,'2007-07-18 00:00:00','2007-07-18 07:57:37',1),(12848,1086,3205,3203,2,'1.1','production','/1086/2',0,0,1,'2007-08-07 00:00:00','2007-08-08 07:17:45',1),(12909,1084,0,11586,1,'1.0','pre_production','ftp://ftp.pir.georgetown.edu/databases/ontology/pro_obo/',1,1,1,'2007-08-10 00:00:00','2007-08-10 14:07:33',5),(13209,1091,8102,4875,2,'2.0 alpha','pre_production','/1091/2',1,0,1,'2007-08-21 00:00:00','2007-08-22 02:29:02',1),(13287,1057,5958,2852,3,'1.185','retired','/1057/3',0,0,1,'2007-08-24 09:16:40','2007-08-24 09:16:40',1),(13290,1020,5961,2859,3,'1.56','retired','/1020/3',0,0,1,'2007-08-24 09:16:40','2007-08-24 09:16:46',1),(13293,1076,5964,2880,4,'1.107','retired','/1076/4',0,0,1,'2007-08-24 09:16:40','2007-08-24 09:16:53',1),(13296,1039,5967,2888,5,'1.444','production','/1039/5',0,0,1,'2007-08-24 09:16:40','2007-08-24 09:16:59',1),(13300,1010,5971,2897,5,'1.295','production','/1010/5',0,0,1,'2007-08-24 09:16:40','2007-08-24 09:17:05',1),(13305,1023,0,13303,1,'1.3','pre_production','/1023/1',1,0,1,'2007-08-24 09:16:40','2007-08-24 09:17:11',1),(13312,1018,2908,2906,2,'1.26','pre_production','/1018/2',1,0,1,'2007-08-24 09:16:40','2007-08-24 09:17:18',1),(13315,1022,4554,2914,3,'1.40','retired','/1022/3',0,0,1,'2007-08-24 09:16:40','2007-08-24 09:17:24',1),(13320,1024,4558,2925,3,'1.8','retired','/1024/3',0,0,1,'2007-08-24 09:16:40','2007-08-24 09:17:32',1),(13323,1058,2944,2942,2,'1.2','production','/1058/2',1,0,1,'2007-08-24 09:16:40','2007-08-24 09:17:38',1),(13327,1029,2952,2950,2,'1.6','production','/1029/2',0,0,1,'2007-08-24 09:16:40','2007-08-24 09:17:44',1),(13330,1030,2961,2959,2,'1.16','retired','/1030/2',0,0,1,'2007-08-24 09:16:40','2007-08-24 09:17:50',1),(13334,1026,2996,2959,2,'1.22','production','/1026/2',0,0,1,'2007-08-24 09:16:40','2007-08-24 09:17:56',1),(13338,1025,3004,2959,2,'1.9','production','/1025/2',1,0,1,'2007-08-24 09:16:40','2007-08-24 09:18:03',1),(13342,1032,0,2959,1,'1.1','production','/1032/1',1,0,1,'2007-08-24 09:16:40','2007-08-24 09:18:09',1),(13348,1033,5974,2959,4,'1.12','production','/1033/4',1,0,1,'2007-08-24 09:16:40','2007-08-24 09:18:15',1),(13352,1043,3041,2942,2,'1.3','production','/1043/2',1,0,1,'2007-08-24 09:16:40','2007-08-24 09:18:21',1),(13356,1044,3049,2942,2,'1.3','production','/1044/2',1,0,1,'2007-08-24 09:16:40','2007-08-24 09:18:28',1),(13361,1050,5978,3072,5,'1.173','retired','/1050/5',0,0,1,'2007-08-24 09:16:40','2007-08-24 09:18:34',1),(13364,1054,3116,2950,2,'1.7','production','/1054/2',0,0,1,'2007-08-24 09:16:40','2007-08-24 09:18:40',1),(13369,1075,4568,3169,3,'1.42','pre_production','/1075/3',0,0,1,'2007-08-24 09:16:40','2007-08-24 09:18:47',1),(13374,1021,3186,2859,2,'1.60','production','/1021/2',0,0,1,'2007-08-24 09:16:40','2007-08-24 09:18:53',1),(13379,1080,3198,3196,2,'1.32','production','/1080/2',1,0,1,'2007-08-24 09:16:40','2007-08-24 09:19:00',1),(13386,1086,12848,13384,3,'1.1','production','/1086/3',1,0,1,'2007-08-24 09:16:40','2007-08-24 09:19:06',1),(13389,1085,4571,3213,4,'1.425','retired','/1085/4',0,0,1,'2007-08-24 09:16:40','2007-08-24 09:19:12',1),(13394,1082,4574,3220,4,'1.317','retired','/1082/4',0,0,1,'2007-08-24 09:16:40','2007-08-24 09:19:18',1),(13397,1078,4578,2989,3,'1.13','pre_production','/1078/3',1,0,1,'2007-08-24 09:16:40','2007-08-24 09:19:24',1),(13400,1089,4581,3252,4,'1.102','retired','/1089/4',0,0,1,'2007-08-24 09:16:40','2007-08-24 09:19:31',1),(13404,1019,3269,2859,2,'1.6','production','/1019/2',1,0,1,'2007-08-24 09:16:40','2007-08-24 09:19:37',1),(13410,1100,0,13408,1,'See Remote Site','production','http://www.anobase.org',1,1,1,'2007-08-24 00:00:00','2007-08-24 09:19:43',5),(13418,1101,0,13416,1,'1.15','production','/1101/1',0,0,1,'2007-08-24 09:16:40','2007-08-24 09:19:49',1),(13426,1013,0,13424,1,'See Remote Site','pre_production','http://www.wormbase.org/',1,1,1,'2007-08-24 00:00:00','2007-08-24 09:19:55',5),(13578,1062,4886,7296,3,'7.06D','production','/1062/3',1,0,1,'2007-08-22 00:00:00','2007-08-24 10:24:22',1),(14016,1039,13296,2888,6,'1.444','production','/1039/6',1,0,1,'2007-08-27 11:44:14','2007-08-27 11:44:14',1),(14021,1050,13361,3072,6,'1.173','retired','/1050/6',0,0,1,'2007-08-27 11:44:14','2007-08-27 11:44:22',1),(14026,1075,13369,3169,4,'1.42','pre_production','/1075/4',0,0,1,'2007-08-27 11:44:14','2007-08-27 11:44:28',1),(14031,1085,13389,3213,5,'1.425','retired','/1085/5',0,0,1,'2007-08-27 11:44:14','2007-08-27 11:44:35',1),(14035,1089,13400,3252,5,'1.102','retired','/1089/5',0,0,1,'2007-08-27 11:44:14','2007-08-27 11:44:41',1),(14174,1081,4949,4943,2,'0.75','pre_production','/1081/2',1,0,1,'2007-08-30 00:00:00','2007-08-31 11:56:56',1),(14391,1095,0,7296,1,'1.2.5','production','/1095/1',1,0,1,'2007-08-21 00:00:00','2007-09-17 11:00:41',1),(15726,1057,13287,2852,4,'1.185','retired','/1057/4',0,0,1,'2007-10-09 14:45:34','2007-10-09 14:45:35',1),(15729,1076,13293,2880,5,'1.107','retired','/1076/5',0,0,1,'2007-10-09 14:45:34','2007-10-09 14:45:42',1),(15732,1010,13300,2897,6,'1.295','production','/1010/6',1,0,1,'2007-10-09 14:45:34','2007-10-09 14:45:48',1),(15735,1022,13315,2914,4,'1.40','retired','/1022/4',0,0,1,'2007-10-09 14:45:34','2007-10-09 14:45:54',1),(15740,1024,13320,2925,4,'1.8','retired','/1024/4',0,0,1,'2007-10-09 14:45:34','2007-10-09 14:46:01',1),(15745,1027,0,15743,1,'1.37','retired','/1027/1',0,0,1,'2007-10-09 14:45:34','2007-10-09 14:46:07',1),(15751,1029,13327,2950,3,'1.6','production','/1029/3',1,0,1,'2007-10-09 14:45:34','2007-10-09 14:46:14',1),(15756,1030,13330,15754,3,'1.16','retired','/1030/3',0,0,1,'2007-10-09 14:45:34','2007-10-09 14:46:20',1),(15761,1050,14021,3072,7,'1.173','retired','/1050/7',0,0,1,'2007-10-09 14:45:34','2007-10-09 14:46:27',1),(15764,1054,13364,2950,3,'1.7','production','/1054/3',1,0,1,'2007-10-09 14:45:34','2007-10-09 14:46:33',1),(15768,1055,3125,3123,2,'1.8','retired','/1055/2',0,0,1,'2007-10-09 14:45:34','2007-10-09 14:46:39',1),(15773,1075,14026,3169,5,'1.42','pre_production','/1075/5',0,0,1,'2007-10-09 14:45:34','2007-10-09 14:46:46',1),(15778,1085,14031,3213,6,'1.425','retired','/1085/6',0,0,1,'2007-10-09 14:45:34','2007-10-09 14:46:53',1),(15782,1089,14035,3252,6,'1.102','retired','/1089/6',0,0,1,'2007-10-09 14:45:34','2007-10-09 14:46:59',1),(15792,1103,4584,3301,3,'1.15','retired','/1103/3',0,0,1,'2007-10-09 14:45:34','2007-10-09 14:47:12',1),(15986,1085,15778,3213,7,'1.425','retired','/1085/7',0,0,1,'2007-10-10 15:43:00','2007-10-10 15:43:01',1),(16022,1050,15761,3072,8,'1.173','retired','/1050/8',0,0,1,'2007-10-11 15:41:36','2007-10-11 15:41:38',1),(16029,1085,15986,3213,8,'1.425','retired','/1085/8',0,0,1,'2007-10-11 15:41:36','2007-10-11 15:41:45',1),(16032,1089,15782,3252,7,'1.102','retired','/1089/7',0,0,1,'2007-10-11 15:41:36','2007-10-11 15:41:51',1),(16080,1076,15729,2880,6,'1.107','retired','/1076/6',0,0,1,'2007-10-12 15:41:20','2007-10-12 15:41:20',1),(16089,1085,16029,3213,9,'1.425','retired','/1085/9',0,0,1,'2007-10-12 15:41:20','2007-10-12 15:41:28',1),(16092,1089,16032,3252,8,'1.102','retired','/1089/8',0,0,1,'2007-10-12 15:41:20','2007-10-12 15:41:34',1),(16190,1050,16022,3072,9,'1.173','retired','/1050/9',0,0,1,'2007-10-13 15:43:45','2007-10-13 15:43:46',1),(16195,1075,15773,3169,6,'1.42','pre_production','/1075/6',0,0,1,'2007-10-13 15:43:45','2007-10-13 15:43:53',1),(16198,1021,13374,2859,3,'1.60','production','/1021/3',0,0,1,'2007-10-13 15:43:45','2007-10-13 15:44:00',1),(16203,1085,16089,3213,10,'1.425','retired','/1085/10',0,0,1,'2007-10-13 15:43:45','2007-10-13 15:44:06',1),(16207,1089,16092,3252,9,'1.102','retired','/1089/9',0,0,1,'2007-10-13 15:43:45','2007-10-13 15:44:12',1),(16240,1050,16190,3072,10,'1.173','retired','/1050/10',0,0,1,'2007-10-14 15:41:08','2007-10-14 15:41:09',1),(16247,1085,16203,3213,11,'1.425','retired','/1085/11',0,0,1,'2007-10-14 15:41:08','2007-10-14 15:41:16',1),(16274,1085,16247,3213,12,'1.425','retired','/1085/12',0,0,1,'2007-10-15 15:44:15','2007-10-15 15:44:16',1),(16329,1085,16274,3213,13,'1.425','retired','/1085/13',0,0,1,'2007-10-16 15:45:08','2007-10-16 15:45:10',1),(16347,1027,15745,15743,2,'1.37','retired','/1027/2',0,0,1,'2007-10-17 15:47:11','2007-10-17 15:47:11',1),(16355,1085,16329,3213,14,'1.425','retired','/1085/14',0,0,1,'2007-10-17 15:47:11','2007-10-17 15:47:19',1),(16358,1089,16207,3252,10,'1.102','retired','/1089/10',0,0,1,'2007-10-17 15:47:11','2007-10-17 15:47:25',1),(16402,1027,16347,15743,3,'1.37','retired','/1027/3',0,0,1,'2007-10-18 15:41:51','2007-10-18 15:41:52',1),(16410,1085,16355,3213,15,'1.425','retired','/1085/15',0,0,1,'2007-10-18 15:41:51','2007-10-18 15:41:59',1),(16413,1089,16358,3252,11,'1.102','retired','/1089/11',0,0,1,'2007-10-18 15:41:51','2007-10-18 15:42:05',1),(16513,1085,16410,3213,16,'1.425','retired','/1085/16',0,0,1,'2007-10-19 15:42:52','2007-10-19 15:42:54',1),(16551,1085,16513,3213,17,'1.425','retired','/1085/17',0,0,1,'2007-10-20 15:43:14','2007-10-20 15:43:16',1),(16554,1089,16413,3252,12,'1.102','retired','/1089/12',0,0,1,'2007-10-20 15:43:14','2007-10-20 15:43:22',1),(16587,1085,16551,3213,18,'1.425','retired','/1085/18',0,0,1,'2007-10-21 15:41:05','2007-10-21 15:41:07',1),(16605,1085,16587,3213,19,'1.425','retired','/1085/19',0,0,1,'2007-10-22 15:42:54','2007-10-22 15:42:55',1),(16624,1085,16605,3213,20,'1.425','retired','/1085/20',0,0,1,'2007-10-23 15:41:37','2007-10-23 15:41:39',1),(16627,1089,16554,3252,13,'1.102','retired','/1089/13',0,0,1,'2007-10-23 15:41:37','2007-10-23 15:41:46',1),(16674,1075,16195,3169,7,'1.42','pre_production','/1075/7',0,0,1,'2007-10-24 15:41:59','2007-10-24 15:42:00',1),(16679,1085,16624,3213,21,'1.425','retired','/1085/21',0,0,1,'2007-10-24 15:41:59','2007-10-24 15:42:07',1),(16736,1085,16679,3213,22,'1.425','retired','/1085/22',0,0,1,'2007-10-25 15:42:53','2007-10-25 15:42:54',1),(16739,1103,15792,3301,4,'1.15','retired','/1103/4',0,0,1,'2007-10-25 15:42:53','2007-10-25 15:43:01',1),(16777,1076,16080,2880,7,'1.107','retired','/1076/7',0,0,1,'2007-10-26 15:52:29','2007-10-26 15:52:29',1),(16786,1085,16736,3213,23,'1.425','retired','/1085/23',0,0,1,'2007-10-26 15:52:29','2007-10-26 15:52:37',1),(16866,1085,16786,3213,24,'1.425','retired','/1085/24',0,0,1,'2007-10-27 15:51:25','2007-10-27 15:51:27',1),(16889,1085,16866,3213,25,'1.425','retired','/1085/25',0,0,1,'2007-10-28 15:42:23','2007-10-28 15:42:25',1),(16957,1085,16889,3213,26,'1.425','retired','/1085/26',0,0,1,'2007-10-29 15:49:55','2007-10-29 15:49:56',1),(17055,1027,16402,15743,4,'1.37','retired','/1027/4',0,0,1,'2007-10-30 16:07:58','2007-10-30 16:07:58',1),(17063,1085,16957,3213,27,'1.425','retired','/1085/27',0,0,1,'2007-10-30 16:07:58','2007-10-30 16:08:06',1),(17098,1024,15740,2925,5,'1.8','retired','/1024/5',0,0,1,'2007-10-31 15:54:28','2007-10-31 15:54:30',1),(17501,1076,16777,2880,8,'1.107','retired','/1076/8',0,0,1,'2007-11-05 14:41:29','2007-11-05 14:41:29',1),(17929,1022,15735,2914,5,'1.40','retired','/1022/5',0,0,1,'2007-11-12 14:41:17','2007-11-12 14:41:18',1),(17933,1045,2935,2933,2,'1.6','retired','/1045/2',0,0,1,'2007-11-12 14:41:17','2007-11-12 14:41:24',1),(17939,1075,16674,3169,8,'1.42','pre_production','/1075/8',0,0,1,'2007-11-12 14:41:17','2007-11-12 14:41:31',1),(17942,1021,16198,2859,4,'1.60','production','/1021/4',0,0,1,'2007-11-12 14:41:17','2007-11-12 14:41:37',1),(17948,1085,17063,3213,28,'1.425','retired','/1085/28',0,0,1,'2007-11-12 14:41:17','2007-11-12 14:41:44',1),(17951,1089,16627,3252,14,'1.102','retired','/1089/14',0,0,1,'2007-11-12 14:41:17','2007-11-12 14:41:50',1),(18023,1085,17948,3213,29,'1.425','retired','/1085/29',0,0,1,'2007-11-13 14:41:10','2007-11-13 14:41:12',1),(18085,1021,17942,2859,5,'1.60','production','/1021/5',0,0,1,'2007-11-14 14:41:35','2007-11-14 14:41:37',1),(18090,1085,18023,3213,30,'1.425','retired','/1085/30',0,0,1,'2007-11-14 14:41:35','2007-11-14 14:41:43',1),(18134,1076,17501,2880,9,'1.107','retired','/1076/9',0,0,1,'2007-11-15 14:42:06','2007-11-15 14:42:07',1),(18143,1085,18090,3213,31,'1.425','retired','/1085/31',0,0,1,'2007-11-15 14:42:06','2007-11-15 14:42:15',1),(18186,1027,17055,15743,5,'1.37','retired','/1027/5',0,0,1,'2007-11-16 14:41:56','2007-11-16 14:41:57',1),(18194,1085,18143,3213,32,'1.425','retired','/1085/32',0,0,1,'2007-11-16 14:41:56','2007-11-16 14:42:04',1),(18197,1089,17951,3252,15,'1.102','retired','/1089/15',0,0,1,'2007-11-16 14:41:56','2007-11-16 14:42:11',1),(18241,1085,18194,3213,33,'1.425','retired','/1085/33',0,0,1,'2007-11-17 14:40:50','2007-11-17 14:40:52',1),(18284,1085,18241,3213,34,'1.425','retired','/1085/34',0,0,1,'2007-11-18 14:40:49','2007-11-18 14:40:52',1),(18472,1085,18284,3213,35,'1.425','retired','/1085/35',0,0,1,'2007-11-19 14:42:01','2007-11-19 14:42:03',1),(18550,1085,18472,3213,36,'1.425','retired','/1085/36',0,0,1,'2007-11-20 14:41:52','2007-11-20 14:41:54',1),(18615,1007,0,2888,1,'1.168','retired','/1007/1',0,0,1,'2007-11-21 14:43:24','2007-11-21 14:43:25',1),(18622,1027,18186,15743,6,'1.37','retired','/1027/6',0,0,1,'2007-11-21 14:43:24','2007-11-21 14:43:31',1),(18630,1085,18550,3213,37,'1.425','retired','/1085/37',0,0,1,'2007-11-21 14:43:24','2007-11-21 14:43:40',1),(18678,1076,18134,2880,10,'1.107','retired','/1076/10',0,0,1,'2007-11-22 14:41:02','2007-11-22 14:41:02',1),(18681,1007,18615,2888,2,'1.168','retired','/1007/2',0,0,1,'2007-11-22 14:41:02','2007-11-22 14:41:09',1),(18690,1085,18630,3213,38,'1.425','retired','/1085/38',0,0,1,'2007-11-22 14:41:02','2007-11-22 14:41:17',1),(18694,1089,18197,3252,16,'1.102','retired','/1089/16',0,0,1,'2007-11-22 14:41:02','2007-11-22 14:41:24',1),(18746,1076,18678,2880,11,'1.107','retired','/1076/11',0,0,1,'2007-11-23 14:41:05','2007-11-23 14:41:06',1),(18749,1007,18681,2888,3,'1.168','retired','/1007/3',0,0,1,'2007-11-23 14:41:05','2007-11-23 14:41:12',1),(18758,1085,18690,3213,39,'1.425','retired','/1085/39',0,0,1,'2007-11-23 14:41:05','2007-11-23 14:41:21',1),(18793,1007,18749,2888,4,'1.168','retired','/1007/4',0,0,1,'2007-11-24 14:41:01','2007-11-24 14:41:01',1),(18802,1085,18758,3213,40,'1.425','retired','/1085/40',0,0,1,'2007-11-24 14:41:01','2007-11-24 14:41:10',1),(18815,1007,18793,2888,5,'1.168','retired','/1007/5',0,0,1,'2007-11-25 14:41:02','2007-11-25 14:41:02',1),(18824,1085,18802,3213,41,'1.425','retired','/1085/41',0,0,1,'2007-11-25 14:41:02','2007-11-25 14:41:10',1),(18883,1007,18815,2888,6,'1.168','retired','/1007/6',0,0,1,'2007-11-26 14:42:38','2007-11-26 14:42:39',1),(18887,1036,0,3018,1,'See Remote Site','production','http://sig.biostr.washington.edu/projects/fm/index.html',1,1,1,'2007-11-26 00:00:00','2007-11-26 14:42:46',5),(18897,1085,18824,3213,42,'1.425','retired','/1085/42',0,0,1,'2007-11-26 14:42:38','2007-11-26 14:42:54',1),(18948,1007,18883,2888,7,'1.168','retired','/1007/7',0,0,1,'2007-11-27 14:43:01','2007-11-27 14:43:01',1),(18957,1085,18897,3213,43,'1.425','retired','/1085/43',0,0,1,'2007-11-27 14:43:01','2007-11-27 14:43:09',1),(18960,1082,13394,3220,5,'1.317','retired','/1082/5',1,0,1,'2007-11-27 14:43:01','2007-11-27 14:43:15',1),(19153,1076,18746,2880,12,'1.107','retired','/1076/12',0,0,1,'2007-11-28 14:46:22','2007-11-28 14:46:22',1),(19156,1007,18948,2888,8,'1.168','retired','/1007/8',0,0,1,'2007-11-28 14:46:22','2007-11-28 14:46:29',1),(19161,1050,16240,3072,11,'1.173','retired','/1050/11',0,0,1,'2007-11-28 14:46:22','2007-11-28 14:46:36',1),(19168,1085,18957,3213,44,'1.425','retired','/1085/44',0,0,1,'2007-11-28 14:46:22','2007-11-28 14:46:43',1),(19256,1007,19156,2888,9,'1.168','retired','/1007/9',0,0,1,'2007-11-29 14:54:57','2007-11-29 14:54:57',1),(19259,1022,17929,2914,6,'1.40','retired','/1022/6',0,0,1,'2007-11-29 14:54:57','2007-11-29 14:55:04',1),(19264,1050,19161,3072,12,'1.173','retired','/1050/12',0,0,1,'2007-11-29 14:54:57','2007-11-29 14:55:11',1),(19271,1085,19168,3213,45,'1.425','retired','/1085/45',0,0,1,'2007-11-29 14:54:57','2007-11-29 14:55:18',1),(19275,1089,18694,3252,17,'1.102','retired','/1089/17',0,0,1,'2007-11-29 14:54:57','2007-11-29 14:55:24',1),(19393,1007,19256,2888,10,'1.168','retired','/1007/10',0,0,1,'2007-11-30 14:58:44','2007-11-30 14:58:44',1),(19398,1050,19264,3072,13,'1.173','retired','/1050/13',0,0,1,'2007-11-30 14:58:44','2007-11-30 14:58:51',1),(19407,1085,19271,3213,46,'1.425','retired','/1085/46',0,0,1,'2007-11-30 14:58:44','2007-11-30 14:58:59',1),(19482,1007,19393,2888,11,'1.168','retired','/1007/11',0,0,1,'2007-12-01 15:05:40','2007-12-01 15:05:40',1),(19491,1085,19407,3213,47,'1.425','retired','/1085/47',0,0,1,'2007-12-01 15:05:40','2007-12-01 15:05:48',1),(19518,1007,19482,2888,12,'1.168','retired','/1007/12',0,0,1,'2007-12-02 15:00:58','2007-12-02 15:00:59',1),(19523,1050,19398,3072,14,'1.173','retired','/1050/14',0,0,1,'2007-12-02 15:00:58','2007-12-02 15:01:06',1),(19530,1085,19491,3213,48,'1.425','retired','/1085/48',0,0,1,'2007-12-02 15:00:58','2007-12-02 15:01:13',1),(19644,1007,19518,2888,13,'1.168','retired','/1007/13',0,0,1,'2007-12-03 14:57:17','2007-12-03 14:57:17',1),(19653,1085,19530,3213,49,'1.425','retired','/1085/49',0,0,1,'2007-12-03 14:57:17','2007-12-03 14:57:25',1),(19692,1076,19153,2880,13,'1.107','retired','/1076/13',0,0,1,'2007-12-04 15:04:17','2007-12-04 15:04:17',1),(19695,1007,19644,2888,14,'1.168','retired','/1007/14',0,0,1,'2007-12-04 15:04:17','2007-12-04 15:04:24',1),(19704,1085,19653,3213,50,'1.425','retired','/1085/50',0,0,1,'2007-12-04 15:04:17','2007-12-04 15:04:32',1),(19708,1089,19275,3252,18,'1.102','retired','/1089/18',0,0,1,'2007-12-04 15:04:17','2007-12-04 15:04:38',1),(19818,1007,19695,2888,15,'1.168','retired','/1007/15',0,0,1,'2007-12-05 15:11:34','2007-12-05 15:11:35',1),(19827,1085,19704,3213,51,'1.425','retired','/1085/51',0,0,1,'2007-12-05 15:11:34','2007-12-05 15:11:43',1),(19955,1007,19818,2888,16,'1.168','retired','/1007/16',0,0,1,'2007-12-06 14:45:26','2007-12-06 14:45:26',1),(19964,1085,19827,3213,52,'1.425','retired','/1085/52',0,0,1,'2007-12-06 14:45:26','2007-12-06 14:45:34',1),(20014,1007,19955,2888,17,'1.168','retired','/1007/17',0,0,1,'2007-12-07 14:42:32','2007-12-07 14:42:33',1),(20023,1085,19964,3213,53,'1.425','retired','/1085/53',0,0,1,'2007-12-07 14:42:32','2007-12-07 14:42:41',1),(20120,1007,20014,2888,18,'1.168','retired','/1007/18',0,0,1,'2007-12-08 14:45:31','2007-12-08 14:45:31',1),(20129,1085,20023,3213,54,'1.425','retired','/1085/54',0,0,1,'2007-12-08 14:45:31','2007-12-08 14:45:40',1),(20163,1007,20120,2888,19,'1.168','retired','/1007/19',0,0,1,'2007-12-09 14:41:13','2007-12-09 14:41:13',1),(20168,1050,19523,3072,15,'1.173','retired','/1050/15',0,0,1,'2007-12-09 14:41:13','2007-12-09 14:41:20',1),(20175,1085,20129,3213,55,'1.425','retired','/1085/55',0,0,1,'2007-12-09 14:41:13','2007-12-09 14:41:28',1),(20260,1007,20163,2888,20,'1.168','retired','/1007/20',0,0,1,'2007-12-10 14:46:04','2007-12-10 14:46:05',1),(20269,1085,20175,3213,56,'1.425','retired','/1085/56',0,0,1,'2007-12-10 14:46:04','2007-12-10 14:46:13',1),(20328,1007,20260,2888,21,'1.168','retired','/1007/21',0,0,1,'2007-12-11 14:41:48','2007-12-11 14:41:48',1),(20332,1026,13334,2959,3,'1.22','production','/1026/3',1,0,1,'2007-12-11 14:41:48','2007-12-11 14:41:56',1),(20340,1085,20269,3213,57,'1.425','retired','/1085/57',0,0,1,'2007-12-11 14:41:48','2007-12-11 14:42:03',1),(20402,1007,20328,2888,22,'1.168','retired','/1007/22',0,0,1,'2007-12-12 14:42:08','2007-12-12 14:42:08',1),(20411,1085,20340,3213,58,'1.425','retired','/1085/58',0,0,1,'2007-12-12 14:42:08','2007-12-12 14:42:17',1),(20608,1076,19692,2880,14,'1.107','retired','/1076/14',0,0,1,'2007-12-13 14:42:59','2007-12-13 14:42:59',1),(20611,1007,20402,2888,23,'1.168','retired','/1007/23',0,0,1,'2007-12-13 14:42:59','2007-12-13 14:43:06',1),(20620,1085,20411,3213,59,'1.425','retired','/1085/59',0,0,1,'2007-12-13 14:42:59','2007-12-13 14:43:14',1),(20624,1089,19708,3252,19,'1.102','retired','/1089/19',0,0,1,'2007-12-13 14:42:59','2007-12-13 14:43:20',1),(20724,1007,20611,2888,24,'1.168','retired','/1007/24',0,0,1,'2007-12-14 14:41:47','2007-12-14 14:41:47',1),(20733,1085,20620,3213,60,'1.425','retired','/1085/60',0,0,1,'2007-12-14 14:41:47','2007-12-14 14:41:55',1),(20736,1089,20624,3252,20,'1.102','retired','/1089/20',0,0,1,'2007-12-14 14:41:47','2007-12-14 14:42:02',1),(20766,1007,20724,2888,25,'1.168','retired','/1007/25',0,0,1,'2007-12-15 14:43:08','2007-12-15 14:43:09',1),(20775,1085,20733,3213,61,'1.425','retired','/1085/61',0,0,1,'2007-12-15 14:43:08','2007-12-15 14:43:17',1),(20801,1007,20766,2888,26,'1.168','retired','/1007/26',0,0,1,'2007-12-16 14:41:22','2007-12-16 14:41:23',1),(20810,1085,20775,3213,62,'1.425','retired','/1085/62',0,0,1,'2007-12-16 14:41:22','2007-12-16 14:41:31',1),(20845,1014,0,5913,1,'0.9.9','production','/1014/1',0,0,1,'2007-12-04 00:00:00','2007-12-17 09:45:30',1),(20855,1017,0,5913,1,'0.9.9','production','/1017/1',0,0,1,'2007-12-04 00:00:00','2007-12-17 09:48:54',1),(20867,1016,0,5913,1,'0.9.9','production','/1016/1',0,0,1,'2007-12-04 00:00:00','2007-12-17 09:53:17',1),(20875,1015,0,5913,1,'0.9.9','production','/1015/1',0,0,1,'2007-12-04 00:00:00','2007-12-17 09:57:04',1),(21038,1007,20801,2888,27,'1.168','retired','/1007/27',0,0,1,'2007-12-17 14:42:23','2007-12-17 14:42:24',1),(21047,1085,20810,3213,63,'1.425','retired','/1085/63',0,0,1,'2007-12-17 14:42:23','2007-12-17 14:42:32',1),(21134,1007,21038,2888,28,'1.168','retired','/1007/28',0,0,1,'2007-12-18 14:45:10','2007-12-18 14:45:10',1),(21138,1030,15756,15754,4,'1.16','retired','/1030/4',0,0,1,'2007-12-18 14:45:10','2007-12-18 14:45:17',1),(21146,1085,21047,3213,64,'1.425','retired','/1085/64',0,0,1,'2007-12-18 14:45:10','2007-12-18 14:45:25',1),(21237,1007,21134,2888,29,'1.168','retired','/1007/29',0,0,1,'2007-12-19 14:42:12','2007-12-19 14:42:13',1),(21246,1085,21146,3213,65,'1.425','retired','/1085/65',0,0,1,'2007-12-19 14:42:12','2007-12-19 14:42:21',1),(21249,1089,20736,3252,21,'1.102','retired','/1089/21',0,0,1,'2007-12-19 14:42:12','2007-12-19 14:42:28',1),(21275,1087,4537,7296,2,'2.0','production','/1087/2',1,0,1,'2007-12-04 00:00:00','2007-12-19 14:51:14',1),(21393,1017,20855,5913,2,'0.9.9','production','/1017/2',0,0,1,'2007-12-22 00:00:00','2007-12-21 08:37:57',1),(21401,1016,20867,5913,2,'0.9.9','production','/1016/2',0,0,1,'2007-12-22 00:00:00','2007-12-21 08:41:16',1),(21409,1015,20875,5913,2,'0.9.9','production','/1015/2',0,0,1,'2007-12-22 00:00:00','2007-12-21 08:43:20',1),(21415,1014,20845,5913,2,'0.9.9','production','/1014/2',0,0,1,'2007-12-22 00:00:00','2007-12-21 08:44:22',1),(21722,1014,21415,5913,3,'0.9.9','production','/1014/3',0,0,1,'2008-01-10 00:00:00','2008-01-09 09:58:12',1),(21729,1015,21409,5913,3,'0.9.9','production','/1015/3',0,0,1,'2008-01-10 00:00:00','2008-01-09 10:00:10',1),(21736,1016,21401,5913,3,'0.9.9','production','/1016/3',0,0,1,'2008-01-10 00:00:00','2008-01-09 10:02:57',1),(21743,1017,21393,5913,3,'0.9.9','production','/1017/3',0,0,1,'2008-01-10 00:00:00','2008-01-09 10:04:05',1),(21979,1015,21729,5913,4,'0.9.9','production','/1015/4',0,0,1,'2008-01-12 00:00:00','2008-01-11 13:59:19',1),(21987,1014,21722,5913,4,'0.9.9','production','/1014/4',0,0,1,'2008-01-12 00:00:00','2008-01-11 14:02:07',1),(21992,1016,21736,5913,4,'0.9.9','production','/1016/4',0,0,1,'2008-01-12 00:00:00','2008-01-11 14:04:14',1),(21997,1017,21743,5913,4,'0.9.9','production','/1017/4',0,0,1,'2008-01-12 00:00:00','2008-01-11 14:07:11',1),(22796,1076,20608,2880,15,'1.107','retired','/1076/15',0,0,1,'2008-01-18 13:39:23','2008-01-18 13:39:24',1),(22798,1007,21237,2888,30,'1.168','retired','/1007/30',0,0,1,'2008-01-18 13:39:25','2008-01-18 13:39:26',1),(22801,1022,19259,2914,7,'1.40','retired','/1022/7',0,0,1,'2008-01-18 13:39:27','2008-01-18 13:39:27',1),(22807,1027,18622,15743,7,'1.37','retired','/1027/7',0,0,1,'2008-01-18 13:39:29','2008-01-18 13:39:30',1),(22809,1030,21138,15754,5,'1.16','retired','/1030/5',0,0,1,'2008-01-18 13:39:29','2008-01-18 13:39:31',1),(22815,1050,20168,3072,16,'1.173','retired','/1050/16',0,0,1,'2008-01-18 13:39:31','2008-01-18 13:39:33',1),(22824,1075,17939,3169,9,'1.42','pre_production','/1075/9',1,0,1,'2008-01-18 13:39:23','2008-01-18 13:39:35',1),(22840,1085,21246,3213,66,'1.425','retired','/1085/66',0,0,1,'2008-01-18 13:39:25','2008-01-18 13:39:38',1),(22863,1089,21249,3252,22,'1.102','retired','/1089/22',0,0,1,'2008-01-18 13:39:35','2008-01-18 13:39:42',1),(22870,1101,13418,13416,2,'1.15','production','/1101/2',1,0,1,'2008-01-18 13:39:29','2008-01-18 13:39:43',1),(22871,1101,13418,13416,2,'1.15','production','/1101/2',1,0,1,'2008-01-18 13:39:27','2008-01-18 13:39:43',1),(22873,1101,13418,13416,2,'1.15','production','/1101/2',0,0,1,'2008-01-18 13:39:29','2008-01-18 13:39:43',1),(22967,1007,22798,2888,31,'1.168','retired','/1007/31',1,0,1,'2008-01-19 13:35:47','2008-01-19 13:35:48',1),(22969,1007,22798,2888,31,'1.168','retired','/1007/31',0,0,1,'2008-01-19 13:35:48','2008-01-19 13:35:49',1),(22985,1085,22840,3213,67,'1.425','retired','/1085/67',0,0,1,'2008-01-19 13:35:53','2008-01-19 13:35:56',1),(22993,1089,22863,3252,23,'1.102','retired','/1089/23',1,0,1,'2008-01-19 13:35:47','2008-01-19 13:35:58',1),(22995,1089,22863,3252,23,'1.102','retired','/1089/23',0,0,1,'2008-01-19 13:35:48','2008-01-19 13:35:58',1),(23079,1007,22969,2888,33,'1.168','retired','/1007/33',0,0,1,'2008-01-20 13:34:31','2008-01-20 13:34:32',1),(23082,1027,22807,15743,8,'1.37','retired','/1027/8',0,0,1,'2008-01-20 13:34:33','2008-01-20 13:34:33',1),(23087,1050,22815,3072,17,'1.173','retired','/1050/17',0,0,1,'2008-01-20 13:34:33','2008-01-20 13:34:34',1),(23106,1085,22985,3213,68,'1.425','retired','/1085/68',0,0,1,'2008-01-20 13:34:31','2008-01-20 13:34:43',1),(23345,1007,23079,2888,34,'1.168','retired','/1007/34',0,0,1,'2008-01-21 13:35:46','2008-01-21 13:35:47',1),(23360,1085,23106,3213,69,'1.425','retired','/1085/69',1,0,1,'2008-01-21 13:35:50','2008-01-21 13:35:54',1),(23363,1085,23106,3213,69,'1.425','retired','/1085/69',0,0,1,'2008-01-21 13:35:51','2008-01-21 13:35:54',1),(23466,1070,0,22641,1,'0.9','pre_production','/1070/1',1,0,1,'2008-01-22 00:00:00','2008-01-22 08:59:39',1),(23532,1007,23345,2888,35,'1.168','retired','/1007/35',0,0,1,'2008-01-22 13:40:32','2008-01-22 13:40:33',1),(23536,1027,23082,15743,9,'1.37','retired','/1027/9',0,0,1,'2008-01-22 13:40:37','2008-01-22 13:40:38',1),(23553,1085,23363,3213,71,'1.425','retired','/1085/71',1,0,1,'2008-01-22 13:40:38','2008-01-22 13:40:42',1),(23556,1085,23363,3213,71,'1.425','retired','/1085/71',0,0,1,'2008-01-22 13:40:38','2008-01-22 13:40:42',1),(23751,1007,23532,2888,36,'1.168','retired','/1007/36',0,0,1,'2008-01-23 13:40:03','2008-01-23 13:40:04',1),(23755,1027,23536,15743,10,'1.37','retired','/1027/10',0,0,1,'2008-01-23 13:40:08','2008-01-23 13:40:08',1),(23770,1085,23556,3213,73,'1.425','retired','/1085/73',0,0,1,'2008-01-23 13:40:10','2008-01-23 13:40:13',1),(23774,1089,22995,3252,25,'1.102','retired','/1089/25',0,0,1,'2008-01-23 13:40:03','2008-01-23 13:40:14',1),(23882,1007,23751,2888,37,'1.168','retired','/1007/37',0,0,1,'2008-01-24 13:38:40','2008-01-24 13:38:41',1),(23885,1027,23755,15743,11,'1.37','retired','/1027/11',0,0,1,'2008-01-24 13:38:42','2008-01-24 13:38:42',1),(23891,1050,23087,3072,18,'1.173','retired','/1050/18',0,0,1,'2008-01-24 13:38:43','2008-01-24 13:38:44',1),(23903,1085,23770,3213,74,'1.425','retired','/1085/74',0,0,1,'2008-01-24 13:38:43','2008-01-24 13:38:47',1),(23908,1089,23774,3252,26,'1.102','retired','/1089/26',0,0,1,'2008-01-24 13:38:45','2008-01-24 13:38:47',1),(24085,1007,23882,2888,38,'1.168','retired','/1007/38',0,0,1,'2008-01-25 15:31:26','2008-01-25 15:31:26',1),(24090,1050,23891,3072,19,'1.173','retired','/1050/19',0,0,1,'2008-01-25 15:31:26','2008-01-25 15:31:34',1),(24101,1085,23903,3213,75,'1.425','retired','/1085/75',0,0,1,'2008-01-25 15:31:36','2008-01-25 15:31:40',1),(24185,1020,13290,2859,4,'1.56','retired','/1020/4',0,0,1,'2008-01-26 15:29:31','2008-01-26 15:29:31',1),(24187,1007,24085,2888,39,'1.168','retired','/1007/39',0,0,1,'2008-01-26 15:29:33','2008-01-26 15:29:34',1),(24194,1056,0,3123,1,'1.97','retired','/1056/1',0,0,1,'2008-01-26 15:29:34','2008-01-26 15:29:36',1),(24213,1085,24101,3213,76,'1.425','retired','/1085/76',1,0,1,'2008-01-26 15:29:35','2008-01-26 15:29:39',1),(24227,1085,24101,3213,76,'1.425','retired','/1085/76',0,0,1,'2008-01-26 15:29:36','2008-01-26 15:29:41',1),(24302,1007,24187,2888,40,'1.168','retired','/1007/40',0,0,1,'2008-01-27 15:28:59','2008-01-27 15:29:00',1),(24309,1050,24090,3072,20,'1.173','retired','/1050/20',0,0,1,'2008-01-27 15:29:06','2008-01-27 15:29:08',1),(24311,1050,24090,3072,20,'1.173','retired','/1050/20',1,0,1,'2008-01-27 15:28:59','2008-01-27 15:29:08',1),(24324,1085,24227,3213,78,'1.425','retired','/1085/78',0,0,1,'2008-01-27 15:29:08','2008-01-27 15:29:11',1),(24468,1076,22796,2880,16,'1.107','retired','/1076/16',0,0,1,'2008-01-28 15:37:22','2008-01-28 15:37:23',1),(24471,1007,24302,2888,41,'1.168','retired','/1007/41',0,0,1,'2008-01-28 15:37:22','2008-01-28 15:37:29',1),(24482,1085,24324,3213,79,'1.425','retired','/1085/79',0,0,1,'2008-01-28 15:37:22','2008-01-28 15:37:39',1),(24581,1007,24471,2888,42,'1.168','retired','/1007/42',1,0,1,'2008-01-29 15:24:01','2008-01-29 15:24:02',1),(24585,1007,24471,2888,42,'1.168','retired','/1007/42',0,0,1,'2008-01-29 15:24:01','2008-01-29 15:24:03',1),(24588,1030,22809,15754,6,'1.16','retired','/1030/6',0,0,1,'2008-01-29 15:24:01','2008-01-29 15:24:04',1),(24601,1085,24482,3213,80,'1.425','retired','/1085/80',0,0,1,'2008-01-29 15:24:04','2008-01-29 15:24:08',1),(24607,1089,23908,3252,27,'1.102','retired','/1089/27',0,0,1,'2008-01-29 15:24:06','2008-01-29 15:24:09',1),(24801,1007,24585,2888,44,'1.168','retired','/1007/44',0,0,1,'2008-01-30 15:34:36','2008-01-30 15:34:36',1),(24814,1085,24601,3213,81,'1.425','retired','/1085/81',1,0,1,'2008-01-30 15:34:36','2008-01-30 15:34:52',1),(24819,1089,24607,3252,28,'1.102','retired','/1089/28',0,0,1,'2008-01-30 15:34:45','2008-01-30 15:34:58',1),(24823,1011,3285,3283,2,'1.3','production','/1011/2',0,0,1,'2008-01-30 15:34:36','2008-01-30 15:35:04',1),(24903,1092,0,24901,1,'1.7','retired','/1092/1',0,0,1,'2008-01-30 19:02:31','2008-01-30 19:02:34',1),(24922,1096,0,24920,1,'See Remote Site','retired',NULL,1,1,1,'2008-01-30 00:00:00','2008-01-30 19:02:51',5),(24941,1098,0,20813,1,'1.32','retired','/1098/1',0,0,1,'2008-01-30 00:00:00','2008-01-30 19:03:00',1),(24948,1099,0,3034,1,'1.15','retired','/1099/1',0,0,1,'2008-01-30 19:02:47','2008-01-30 19:03:00',1),(25088,1007,24801,2888,45,'1.168','retired','/1007/45',0,0,1,'2008-01-31 19:05:48','2008-01-31 19:05:50',1),(25090,1007,24801,2888,45,'1.168','retired','/1007/45',0,0,1,'2008-01-31 19:05:50','2008-01-31 19:05:51',1),(25092,1022,22801,2914,8,'1.40','retired','/1022/8',0,0,1,'2008-01-31 19:05:51','2008-01-31 19:05:52',1),(25094,1022,22801,2914,8,'1.40','retired','/1022/8',0,0,1,'2008-01-31 19:05:51','2008-01-31 19:05:52',1),(25100,1056,24194,3123,2,'1.97','retired','/1056/2',0,0,1,'2008-01-31 19:05:51','2008-01-31 19:05:54',1),(25122,1089,24819,3252,29,'1.102','retired','/1089/29',0,0,1,'2008-01-31 19:05:55','2008-01-31 19:06:01',1),(25130,1098,24941,20813,2,'1.32','retired','/1098/2',0,0,1,'2008-01-31 19:05:55','2008-01-31 19:06:01',1),(25148,1011,24823,3283,3,'1.3','production','/1011/3',1,0,1,'2008-01-31 19:05:57','2008-01-31 19:06:05',1),(25244,1076,24468,2880,17,'1.107','retired','/1076/17',0,0,1,'2008-02-01 19:00:06','2008-02-01 19:00:06',1),(25247,1007,25090,2888,47,'1.168','retired','/1007/47',0,0,1,'2008-02-01 19:00:09','2008-02-01 19:00:10',1),(25251,1030,24588,15754,7,'1.16','retired','/1030/7',0,0,1,'2008-02-01 19:00:06','2008-02-01 19:00:13',1),(25256,1056,25100,3123,3,'1.97','retired','/1056/3',0,0,1,'2008-02-01 19:00:09','2008-02-01 19:00:19',1),(25272,1099,24948,3034,2,'1.15','retired','/1099/2',0,0,1,'2008-02-01 19:00:19','2008-02-01 19:00:23',1),(25361,1007,25247,2888,48,'1.168','retired','/1007/48',0,0,1,'2008-02-02 19:01:28','2008-02-02 19:01:29',1),(25366,1056,25256,3123,4,'1.97','retired','/1056/4',0,0,1,'2008-02-02 19:01:28','2008-02-02 19:01:37',1),(25471,1007,25361,2888,49,'1.168','retired','/1007/49',0,0,1,'2008-02-03 18:59:49','2008-02-03 18:59:49',1),(25477,1056,25366,3123,5,'1.97','retired','/1056/5',0,0,1,'2008-02-03 18:59:55','2008-02-03 18:59:56',1),(26107,1008,0,13269,1,'1.0','production','/1008/1',1,0,1,'2008-02-08 00:00:00','2008-02-08 11:22:24',1),(26136,1041,0,13269,1,'0.2','pre_production','/1041/1',1,0,1,'2007-12-20 00:00:00','2008-02-08 17:31:39',1),(26952,1061,0,26181,1,'0.9.3','pre_production','/1061/1',0,0,1,'2008-02-13 00:00:00','2008-02-13 10:26:58',1),(27483,1014,21987,5913,5,'0.9.9','production','/1014/5',0,0,1,'2008-02-20 00:00:00','2008-02-19 13:52:45',1),(27491,1015,21979,5913,5,'0.9.9','production','/1015/5',0,0,1,'2008-02-20 00:00:00','2008-02-19 13:57:43',1),(27496,1016,21992,5913,5,'0.9.9','production','/1016/5',0,0,1,'2008-02-20 00:00:00','2008-02-19 14:05:43',1),(27518,1017,21997,5913,5,'0.9.9','production','/1017/5',0,0,1,'2008-02-20 00:00:00','2008-02-19 14:18:37',1),(28096,1066,0,28094,1,'0.5','production','/1066/1',1,0,1,'2007-09-04 00:00:00','2008-02-26 20:31:08',1),(28560,1073,0,28535,1,'1.2','pre_production','/1073/1',0,0,1,'2008-03-05 00:00:00','2008-03-05 08:40:12',1),(28672,1014,27483,5913,6,'0.9.9','production','/1014/6',1,0,1,'2008-03-06 00:00:00','2008-03-06 04:37:45',1),(28683,1015,27491,5913,6,'0.9.9','production','/1015/6',1,0,1,'2008-03-06 00:00:00','2008-03-06 04:45:26',1),(28691,1016,27496,5913,6,'0.9.9','production','/1016/6',1,0,1,'2008-03-06 00:00:00','2008-03-06 04:48:25',1),(28699,1017,27518,5913,6,'0.9.9','production','/1017/6',1,0,1,'2008-03-06 00:00:00','2008-03-06 04:50:25',1),(28826,1071,0,28535,1,'0.7.1','pre_production','/1071/1',0,0,1,'2008-03-08 00:00:00','2008-03-07 02:33:15',1),(28837,1072,0,28535,1,'1.1','production','/1072/1',1,0,1,'2008-03-08 00:00:00','2008-03-07 02:38:00',1),(29169,1052,0,28854,1,'1.0','production','http://purl.org/stemnet/MHC',1,1,1,'2008-03-12 00:00:00','2008-03-11 12:09:53',5),(29373,1069,3164,3162,2,'See Remote Site','pre_production','http://purl.org/obo/2008-03-10/obi.owl',0,1,1,'2008-03-10 00:00:00','2008-03-17 14:48:40',5),(29531,1061,26952,17927,2,'0.9.3','pre_production','/1061/2',1,0,1,'2008-03-20 00:00:00','2008-03-20 15:01:48',1),(29684,1009,0,29682,1,'1.3.1','production','/1009/1',1,0,1,'2007-08-08 00:00:00','2008-03-24 17:39:39',1),(29930,1057,15726,29928,5,'1.185','retired','/1057/5',0,0,1,'2008-03-26 17:14:49','2008-03-26 17:14:51',1),(29935,1003,0,29933,1,'1.4','retired','/1003/1',0,0,1,'2008-03-26 17:14:49','2008-03-26 17:14:58',1),(29943,1076,25244,2880,18,'1.107','retired','/1076/18',0,0,1,'2008-03-26 17:14:49','2008-03-26 17:15:05',1),(29948,1007,25471,29946,50,'1.168','retired','/1007/50',0,0,1,'2008-03-26 17:14:49','2008-03-26 17:15:12',1),(29952,1092,24903,3018,2,'1.7','retired','/1092/2',1,0,1,'2008-03-26 17:14:49','2008-03-26 17:15:19',1),(29957,1093,0,29955,1,'1.3','retired','/1093/1',0,0,1,'2008-03-26 17:14:49','2008-03-26 17:15:26',1),(29966,1022,25094,2914,10,'1.40','retired','/1022/10',0,0,1,'2008-03-26 17:14:49','2008-03-26 17:15:32',1),(29972,1024,17098,29970,6,'1.8','retired','/1024/6',1,0,1,'2008-03-26 17:14:49','2008-03-26 17:15:40',1),(29976,1045,17933,2933,3,'1.6','retired','/1045/3',1,0,1,'2008-03-26 17:14:49','2008-03-26 17:15:47',1),(29981,1047,0,29979,1,'1.1','retired','/1047/1',1,0,1,'2008-03-26 17:14:49','2008-03-26 17:15:54',1),(29988,1027,23885,24910,12,'1.37','retired','/1027/12',0,0,1,'2008-03-26 17:14:49','2008-03-26 17:16:01',1),(30003,1040,0,30001,1,'See Remote Site','retired',NULL,1,1,1,'2008-03-26 00:00:00','2008-03-26 17:16:08',5),(30014,1050,24309,29928,22,'1.173','retired','/1050/22',0,0,1,'2008-03-26 17:14:49','2008-03-26 17:16:16',1),(30017,1055,15768,29991,3,'1.8','retired','/1055/3',0,0,1,'2008-03-26 17:14:49','2008-03-26 17:16:22',1),(30021,1056,25477,29991,6,'1.97','retired','/1056/6',0,0,1,'2008-03-26 17:14:49','2008-03-26 17:16:31',1),(30037,1079,3180,30035,2,'1.5','retired','/1079/2',1,0,1,'2008-03-26 17:14:49','2008-03-26 17:16:39',1),(30042,1021,18085,30040,6,'1.60','production','/1021/6',0,0,1,'2008-03-26 17:14:49','2008-03-26 17:16:47',1),(30049,1020,24185,3196,5,'1.56','retired','/1020/5',0,0,1,'2008-03-26 17:14:49','2008-03-26 17:16:53',1),(30061,1094,0,30059,1,'See Remote Site','retired',NULL,1,1,1,'2008-03-26 00:00:00','2008-03-26 17:17:01',5),(30067,1089,25122,3252,30,'1.102','retired','/1089/30',0,0,1,'2008-03-26 17:14:49','2008-03-26 17:17:07',1),(30073,1098,25130,24920,3,'1.32','retired','/1098/3',0,0,1,'2008-03-26 17:14:49','2008-03-26 17:17:14',1),(30077,1099,25272,30008,3,'1.15','retired','/1099/3',0,0,1,'2008-03-26 17:14:49','2008-03-26 17:17:20',1),(30081,1074,0,2933,1,'1.1','retired','/1074/1',1,0,1,'2008-03-26 17:14:49','2008-03-26 17:17:27',1),(30096,1102,0,30094,1,'1.10','retired','/1102/1',0,0,1,'2008-03-26 17:14:49','2008-03-26 17:17:34',1),(30308,1007,29948,29946,51,'1.168','retired','/1007/51',0,0,1,'2008-03-27 14:00:17','2008-03-27 14:00:20',1),(30311,1022,29966,2914,11,'1.40','retired','/1022/11',0,0,1,'2008-03-27 14:00:17','2008-03-27 14:00:28',1),(30322,1050,30014,29928,23,'1.173','retired','/1050/23',0,0,1,'2008-03-27 14:04:07','2008-03-27 14:04:12',1),(30327,1056,30021,29991,7,'1.97','retired','/1056/7',0,0,1,'2008-03-27 14:04:14','2008-03-27 14:04:16',1),(30332,1021,30042,30040,7,'1.60','production','/1021/7',0,0,1,'2008-03-27 14:04:07','2008-03-27 14:04:20',1),(30338,1020,30049,3196,6,'1.56','retired','/1020/6',1,0,1,'2008-03-27 14:04:14','2008-03-27 14:04:23',1),(30342,1089,30067,3252,31,'1.102','retired','/1089/31',0,0,1,'2008-03-27 14:04:07','2008-03-27 14:04:28',1),(30487,1007,30308,29946,52,'1.168','retired','/1007/52',0,0,1,'2008-03-28 18:09:52','2008-03-28 18:09:53',1),(30492,1056,30327,29991,8,'1.97','retired','/1056/8',0,0,1,'2008-03-28 18:09:52','2008-03-28 18:10:01',1),(30497,1021,30332,30040,8,'1.60','production','/1021/8',0,0,1,'2008-03-28 18:09:52','2008-03-28 18:10:08',1),(30501,1089,30342,3252,32,'1.102','retired','/1089/32',0,0,1,'2008-03-28 18:09:52','2008-03-28 18:10:16',1),(30547,1076,29943,2880,19,'1.107','retired','/1076/19',0,0,1,'2008-03-29 18:10:12','2008-03-29 18:10:12',1),(30550,1007,30487,29946,53,'1.168','retired','/1007/53',0,0,1,'2008-03-29 18:10:12','2008-03-29 18:10:20',1),(30555,1050,30322,29928,24,'1.173','retired','/1050/24',0,0,1,'2008-03-29 18:10:12','2008-03-29 18:10:28',1),(30558,1056,30492,29991,9,'1.97','retired','/1056/9',0,0,1,'2008-03-29 18:10:12','2008-03-29 18:10:34',1),(30564,1021,30497,30040,9,'1.60','production','/1021/9',0,0,1,'2008-03-29 18:10:12','2008-03-29 18:10:41',1),(30595,1007,30550,29946,54,'1.168','retired','/1007/54',0,0,1,'2008-03-30 18:11:05','2008-03-30 18:11:06',1),(30600,1050,30555,29928,25,'1.173','retired','/1050/25',0,0,1,'2008-03-30 18:11:05','2008-03-30 18:11:14',1),(30603,1056,30558,29991,10,'1.97','retired','/1056/10',0,0,1,'2008-03-30 18:11:05','2008-03-30 18:11:21',1),(30654,1064,0,27978,1,'0.5','pre_production','http://aimlab.cs.uoregon.edu/NEMO/NEMO_ERP.owl',1,1,1,'2008-03-31 00:00:00','2008-03-31 17:58:19',5),(30660,1065,0,27978,1,'0.5','pre_production','http://aimlab.cs.uoregon.edu/NEMO/NEMO_Functional.owl',1,1,1,'2008-03-31 00:00:00','2008-03-31 18:03:14',5),(30666,1007,30595,29946,55,'1.168','retired','/1007/55',0,0,1,'2008-03-31 18:10:24','2008-03-31 18:10:25',1),(30671,1056,30603,29991,11,'1.97','retired','/1056/11',0,0,1,'2008-03-31 18:10:24','2008-03-31 18:10:33',1),(30682,1063,0,27978,1,'0.5','pre_production','http://aimlab.cs.uoregon.edu/NEMO/NEMO_Citation.owl',1,1,1,'2008-03-31 00:00:00','2008-03-31 18:11:47',5),(30814,1007,30666,29946,56,'1.168','retired','/1007/56',0,0,1,'2008-04-01 18:11:29','2008-04-01 18:11:30',1),(30819,1056,30671,29991,12,'1.97','retired','/1056/12',0,0,1,'2008-04-01 18:11:29','2008-04-01 18:11:38',1),(30825,1098,30073,24920,4,'1.32','retired','/1098/4',0,0,1,'2008-04-01 18:11:29','2008-04-01 18:11:46',1),(30907,1003,29935,29933,2,'1.4','retired','/1003/2',0,0,1,'2008-04-02 18:09:38','2008-04-02 18:09:39',1),(30910,1007,30814,29946,57,'1.168','retired','/1007/57',0,0,1,'2008-04-02 18:09:38','2008-04-02 18:09:46',1),(30915,1056,30819,29991,13,'1.97','retired','/1056/13',0,0,1,'2008-04-02 18:09:38','2008-04-02 18:09:54',1),(30921,1021,30564,30040,10,'1.60','production','/1021/10',0,0,1,'2008-04-02 18:09:38','2008-04-02 18:10:00',1),(31010,1007,30910,29946,58,'1.168','retired','/1007/58',0,0,1,'2008-04-03 16:41:37','2008-04-03 16:41:40',1),(31015,1056,30915,29991,14,'1.97','retired','/1056/14',0,0,1,'2008-04-03 16:41:37','2008-04-03 16:41:52',1),(31021,1102,30096,30094,2,'1.10','retired','/1102/2',0,0,1,'2008-04-03 16:41:37','2008-04-03 16:42:02',1),(31108,1007,31010,29946,59,'1.168','retired','/1007/59',0,0,1,'2008-04-04 16:39:12','2008-04-04 16:39:13',1),(31113,1050,30600,29928,26,'1.173','retired','/1050/26',0,0,1,'2008-04-04 16:39:12','2008-04-04 16:39:21',1),(31116,1056,31015,29991,15,'1.97','retired','/1056/15',0,0,1,'2008-04-04 16:39:12','2008-04-04 16:39:28',1),(31121,1021,30921,30040,11,'1.60','production','/1021/11',0,0,1,'2008-04-04 16:39:12','2008-04-04 16:39:35',1),(31126,1089,30501,3252,33,'1.102','retired','/1089/33',0,0,1,'2008-04-04 16:39:12','2008-04-04 16:39:42',1),(31130,1099,30077,30008,4,'1.15','retired','/1099/4',0,0,1,'2008-04-04 16:39:12','2008-04-04 16:39:49',1),(31133,1102,31021,30094,3,'1.10','retired','/1102/3',0,0,1,'2008-04-04 16:39:12','2008-04-04 16:39:55',1),(31187,1007,31108,29946,60,'1.168','retired','/1007/60',0,0,1,'2008-04-05 18:41:11','2008-04-05 18:41:13',1),(31192,1056,31116,29991,16,'1.97','retired','/1056/16',0,0,1,'2008-04-05 18:41:11','2008-04-05 18:41:22',1),(31197,1021,31121,30040,12,'1.60','production','/1021/12',1,0,1,'2008-04-05 18:41:11','2008-04-05 18:41:29',1),(31231,1001,0,31229,1,'1.0.1','production','/1001/1',0,0,1,'2008-04-06 00:00:00','2008-04-06 05:59:30',1),(31259,1007,31187,29946,61,'1.168','retired','/1007/61',0,0,1,'2008-04-06 18:41:08','2008-04-06 18:41:09',1),(31264,1056,31192,29991,17,'1.97','retired','/1056/17',0,0,1,'2008-04-06 18:41:08','2008-04-06 18:41:18',1),(31335,1007,31259,29946,62,'1.168','retired','/1007/62',0,0,1,'2008-04-07 19:00:51','2008-04-07 19:00:54',1),(31340,1056,31264,29991,18,'1.97','retired','/1056/18',0,0,1,'2008-04-07 19:00:51','2008-04-07 19:01:05',1),(31456,1007,31335,29946,63,'1.168','retired','/1007/63',0,0,1,'2008-04-08 16:10:32','2008-04-08 16:10:35',1),(31460,1027,29988,24910,13,'1.37','retired','/1027/13',0,0,1,'2008-04-08 16:10:32','2008-04-08 16:10:44',1),(31464,1050,31113,29928,27,'1.173','retired','/1050/27',0,0,1,'2008-04-08 16:10:32','2008-04-08 16:10:53',1),(31467,1056,31340,29991,19,'1.97','retired','/1056/19',0,0,1,'2008-04-08 16:10:32','2008-04-08 16:11:00',1),(31576,1007,31456,29946,64,'1.168','retired','/1007/64',0,0,1,'2008-04-09 12:03:23','2008-04-09 12:03:25',1),(31582,1056,31467,29991,20,'1.97','retired','/1056/20',0,0,1,'2008-04-09 12:03:23','2008-04-09 12:03:39',1),(31761,1007,31576,29946,65,'1.168','retired','/1007/65',0,0,1,'2008-04-10 12:06:23','2008-04-10 12:06:24',1),(31766,1056,31582,29991,21,'1.97','retired','/1056/21',0,0,1,'2008-04-10 12:06:23','2008-04-10 12:06:32',1),(31827,1076,30547,2880,20,'1.107','retired','/1076/20',0,0,1,'2008-04-11 12:04:30','2008-04-11 12:04:30',1),(31830,1007,31761,29946,66,'1.168','retired','/1007/66',0,0,1,'2008-04-11 12:04:30','2008-04-11 12:04:37',1),(31835,1050,31464,29928,28,'1.173','retired','/1050/28',0,0,1,'2008-04-11 12:04:30','2008-04-11 12:04:45',1),(31839,1056,31766,29991,22,'1.97','retired','/1056/22',0,0,1,'2008-04-11 12:04:30','2008-04-11 12:04:51',1),(31845,1102,31133,30094,4,'1.10','retired','/1102/4',1,0,1,'2008-04-11 12:04:30','2008-04-11 12:05:00',1),(31923,1007,31830,29946,67,'1.168','retired','/1007/67',0,0,1,'2008-04-12 12:02:32','2008-04-12 12:02:33',1),(31927,1030,25251,29993,8,'1.16','retired','/1030/8',0,0,1,'2008-04-12 12:02:32','2008-04-12 12:02:40',1),(31931,1056,31839,29991,23,'1.97','retired','/1056/23',0,0,1,'2008-04-12 12:02:32','2008-04-12 12:02:47',1),(31937,1089,31126,3252,34,'1.102','retired','/1089/34',0,0,1,'2008-04-12 12:02:32','2008-04-12 12:02:54',1),(31941,1098,30825,24920,5,'1.32','retired','/1098/5',0,0,1,'2008-04-12 12:02:32','2008-04-12 12:03:01',1),(31944,1099,31130,30008,5,'1.15','retired','/1099/5',0,0,1,'2008-04-12 12:02:32','2008-04-12 12:03:07',1),(31999,1007,31923,29946,68,'1.168','retired','/1007/68',0,0,1,'2008-04-13 12:02:21','2008-04-13 12:02:22',1),(32004,1056,31931,29991,24,'1.97','retired','/1056/24',0,0,1,'2008-04-13 12:02:21','2008-04-13 12:02:31',1),(32063,1007,31999,29946,69,'1.168','retired','/1007/69',0,0,1,'2008-04-14 12:02:29','2008-04-14 12:02:29',1),(32067,1027,31460,24910,14,'1.37','retired','/1027/14',0,0,1,'2008-04-14 12:02:29','2008-04-14 12:02:37',1),(32070,1030,31927,29993,9,'1.16','retired','/1030/9',1,0,1,'2008-04-14 12:02:29','2008-04-14 12:02:43',1),(32074,1056,32004,29991,25,'1.97','retired','/1056/25',0,0,1,'2008-04-14 12:02:29','2008-04-14 12:02:51',1),(32145,1001,31231,31229,2,'1.0.1','production','/1001/2',1,0,1,'2008-04-16 00:00:00','2008-04-15 08:40:46',1),(32159,1007,32063,29946,70,'1.168','retired','/1007/70',0,0,1,'2008-04-15 12:03:35','2008-04-15 12:03:36',1),(32164,1056,32074,29991,26,'1.97','retired','/1056/26',0,0,1,'2008-04-15 12:03:35','2008-04-15 12:03:44',1),(32170,1098,31941,24920,6,'1.32','retired','/1098/6',0,0,1,'2008-04-15 12:03:35','2008-04-15 12:03:52',1),(32275,1007,32159,29946,71,'1.168','retired','/1007/71',0,0,1,'2008-04-16 12:04:59','2008-04-16 12:05:00',1),(32279,1027,32067,24910,15,'1.37','retired','/1027/15',1,0,1,'2008-04-16 12:04:59','2008-04-16 12:05:07',1),(32283,1050,31835,29928,29,'1.173','retired','/1050/29',0,0,1,'2008-04-16 12:04:59','2008-04-16 12:05:14',1),(32286,1056,32164,29991,27,'1.97','retired','/1056/27',0,0,1,'2008-04-16 12:04:59','2008-04-16 12:05:20',1),(32293,1099,31944,30008,6,'1.15','retired','/1099/6',0,0,1,'2008-04-16 12:04:59','2008-04-16 12:05:28',1),(32472,1007,32275,29946,72,'1.168','retired','/1007/72',0,0,1,'2008-04-17 12:03:19','2008-04-17 12:03:20',1),(32477,1050,32283,29928,30,'1.173','retired','/1050/30',0,0,1,'2008-04-17 12:03:19','2008-04-17 12:03:29',1),(32480,1055,30017,29991,4,'1.8','retired','/1055/4',0,0,1,'2008-04-17 12:03:19','2008-04-17 12:03:35',1),(32483,1056,32286,29991,28,'1.97','retired','/1056/28',0,0,1,'2008-04-17 12:03:19','2008-04-17 12:03:42',1),(32490,1098,32170,24920,7,'1.32','retired','/1098/7',0,0,1,'2008-04-17 12:03:19','2008-04-17 12:03:49',1),(32624,1076,31827,2880,21,'1.107','retired','/1076/21',1,0,1,'2008-04-18 12:03:08','2008-04-18 12:03:09',1),(32627,1007,32472,29946,73,'1.168','retired','/1007/73',0,0,1,'2008-04-18 12:03:08','2008-04-18 12:03:16',1),(32632,1055,32480,29991,5,'1.8','retired','/1055/5',1,0,1,'2008-04-18 12:03:08','2008-04-18 12:03:23',1),(32635,1056,32483,29991,29,'1.97','retired','/1056/29',0,0,1,'2008-04-18 12:03:08','2008-04-18 12:03:30',1),(32642,1098,32490,24920,8,'1.32','retired','/1098/8',0,0,1,'2008-04-18 12:03:08','2008-04-18 12:03:38',1),(32731,1007,32627,29946,74,'1.168','retired','/1007/74',0,0,1,'2008-04-19 12:02:39','2008-04-19 12:02:40',1),(32736,1056,32635,29991,30,'1.97','retired','/1056/30',0,0,1,'2008-04-19 12:02:39','2008-04-19 12:02:49',1),(32742,1099,32293,30008,7,'1.15','retired','/1099/7',0,0,1,'2008-04-19 12:02:39','2008-04-19 12:02:57',1),(32814,1007,32731,29946,75,'1.168','retired','/1007/75',0,0,1,'2008-04-20 12:02:05','2008-04-20 12:02:06',1),(32819,1050,32477,29928,31,'1.173','retired','/1050/31',0,0,1,'2008-04-20 12:02:05','2008-04-20 12:02:14',1),(32822,1056,32736,29991,31,'1.97','retired','/1056/31',0,0,1,'2008-04-20 12:02:05','2008-04-20 12:02:21',1),(32905,1007,32814,29946,76,'1.168','retired','/1007/76',0,0,1,'2008-04-21 12:04:01','2008-04-21 12:04:02',1),(32910,1056,32822,29991,32,'1.97','retired','/1056/32',0,0,1,'2008-04-21 12:04:01','2008-04-21 12:04:10',1),(32939,1073,28560,28535,2,'1.2','pre_production','/1073/2',1,0,1,'2008-04-22 00:00:00','2008-04-21 22:08:09',1),(32947,1071,28826,28535,2,'0.7.1','pre_production','/1071/2',1,0,1,'2008-04-22 00:00:00','2008-04-21 22:57:43',1),(32991,1007,32905,29946,77,'1.168','retired','/1007/77',0,0,1,'2008-04-22 12:07:49','2008-04-22 12:07:50',1),(32996,1056,32910,29991,33,'1.97','retired','/1056/33',0,0,1,'2008-04-22 12:07:49','2008-04-22 12:07:58',1),(33002,1089,31937,3252,35,'1.102','retired','/1089/35',0,0,1,'2008-04-22 12:07:49','2008-04-22 12:08:06',1),(33376,1007,32991,29946,78,'1.168','retired','/1007/78',0,0,1,'2008-04-23 12:03:47','2008-04-23 12:03:48',1),(33381,1056,32996,29991,34,'1.97','retired','/1056/34',0,0,1,'2008-04-23 12:03:47','2008-04-23 12:03:57',1),(33494,1007,33376,29946,79,'1.168','retired','/1007/79',0,0,1,'2008-04-24 12:15:43','2008-04-24 12:15:44',1),(33499,1056,33381,29991,35,'1.97','retired','/1056/35',0,0,1,'2008-04-24 12:15:43','2008-04-24 12:15:53',1),(33505,1099,32742,30008,8,'1.15','retired','/1099/8',1,0,1,'2008-04-24 12:15:43','2008-04-24 12:16:01',1),(33625,1003,30907,29933,3,'1.4','retired','/1003/3',0,0,1,'2008-04-25 12:04:04','2008-04-25 12:04:04',1),(33628,1007,33494,29946,80,'1.168','retired','/1007/80',0,0,1,'2008-04-25 12:04:04','2008-04-25 12:04:12',1),(33633,1050,32819,29928,32,'1.173','retired','/1050/32',0,0,1,'2008-04-25 12:04:04','2008-04-25 12:04:20',1),(33637,1056,33499,29991,36,'1.97','retired','/1056/36',0,0,1,'2008-04-25 12:04:04','2008-04-25 12:04:27',1),(33685,1007,33628,29946,81,'1.168','retired','/1007/81',0,0,1,'2008-04-26 12:03:55','2008-04-26 12:03:56',1),(33690,1056,33637,29991,37,'1.97','retired','/1056/37',0,0,1,'2008-04-26 12:03:55','2008-04-26 12:04:04',1),(33696,1089,33002,3252,36,'1.102','retired','/1089/36',0,0,1,'2008-04-26 12:03:55','2008-04-26 12:04:12',1),(33719,1057,29930,29928,6,'1.185','retired','/1057/6',1,0,1,'2008-04-27 12:03:23','2008-04-27 12:03:23',1),(33722,1007,33685,29946,82,'1.168','retired','/1007/82',0,0,1,'2008-04-27 12:03:23','2008-04-27 12:03:30',1),(33727,1056,33690,29991,38,'1.97','retired','/1056/38',0,0,1,'2008-04-27 12:03:23','2008-04-27 12:03:38',1),(33785,1007,33722,29946,83,'1.168','retired','/1007/83',0,0,1,'2008-04-28 12:03:11','2008-04-28 12:03:12',1),(33790,1056,33727,29991,39,'1.97','retired','/1056/39',0,0,1,'2008-04-28 12:03:11','2008-04-28 12:03:21',1),(33977,1003,33625,29933,4,'1.4','retired','/1003/4',1,0,1,'2008-04-29 12:03:05','2008-04-29 12:03:05',1),(33980,1007,33785,29946,84,'1.168','retired','/1007/84',0,0,1,'2008-04-29 12:03:05','2008-04-29 12:03:12',1),(33985,1050,33633,29928,33,'1.173','retired','/1050/33',0,0,1,'2008-04-29 12:03:05','2008-04-29 12:03:20',1),(33989,1056,33790,29991,40,'1.97','retired','/1056/40',0,0,1,'2008-04-29 12:03:05','2008-04-29 12:03:27',1),(33995,1089,33696,3252,37,'1.102','retired','/1089/37',1,0,1,'2008-04-29 12:03:05','2008-04-29 12:03:34',1),(33999,1098,32642,24920,9,'1.32','retired','/1098/9',1,0,1,'2008-04-29 12:03:05','2008-04-29 12:03:41',1),(34125,1007,33980,29946,85,'1.168','retired','/1007/85',0,0,1,'2008-04-30 12:02:57','2008-04-30 12:02:58',1),(34128,1093,29957,29955,2,'1.3','retired','/1093/2',1,0,1,'2008-04-30 12:02:57','2008-04-30 12:03:05',1),(34133,1050,33985,29928,34,'1.173','retired','/1050/34',0,0,1,'2008-04-30 12:02:57','2008-04-30 12:03:12',1),(34136,1056,33989,29991,41,'1.97','retired','/1056/41',0,0,1,'2008-04-30 12:02:57','2008-04-30 12:03:19',1),(34143,1103,16739,30104,5,'1.15','retired','/1103/5',1,0,1,'2008-04-30 12:02:57','2008-04-30 12:03:27',1),(34226,1007,34125,29946,86,'1.168','retired','/1007/86',1,0,1,'2008-05-01 12:02:53','2008-05-01 12:02:54',1),(34229,1022,30311,2914,12,'1.40','retired','/1022/12',1,0,1,'2008-05-01 12:02:53','2008-05-01 12:03:01',1),(34234,1050,34133,29928,35,'1.173','retired','/1050/35',1,0,1,'2008-05-01 12:02:53','2008-05-01 12:03:09',1),(34237,1056,34136,29991,42,'1.97','retired','/1056/42',1,0,1,'2008-05-01 12:02:53','2008-05-01 12:03:16',1);

/*Data for the table `ncbo_seq_ontology_id` */

insert  into `ncbo_seq_ontology_id`(`id`) values (1103);

/*Data for the table `ncbo_user` */

insert  into `ncbo_user`(`id`,`username`,`password`,`email`,`firstname`,`lastname`,`phone`,`date_created`) values (2850,'vembakam','yQ1zLMOEFdSusmVnJ9G9dw==','alexskr@stanford.edu','Archana','Vembakam',NULL,'2008-05-01 15:39:00'),(2852,'anatomy@informatics.jax.org','2pBf5nzmJVaELtv/Gxv7uw==','anatomy@informatics.jax.org','Adult_mouse_anatomy','Administrators',NULL,'2008-05-01 15:39:00'),(2859,'gramene@gramene.org','2pBf5nzmJVaELtv/Gxv7uw==','gramene@gramene.org','Po_anatomy','Administrators',NULL,'2008-05-01 15:39:00'),(2866,'adw_geeks@umich.edu','2pBf5nzmJVaELtv/Gxv7uw==','adw_geeks@umich.edu','Http://animaldiversity','Administrators',NULL,'2008-05-01 15:39:00'),(2872,'curator@arabidopsis.org','2pBf5nzmJVaELtv/Gxv7uw==','curator@arabidopsis.org','Po_anatomy','Administrators',NULL,'2008-05-01 15:39:00'),(2880,'obo-phenotype@lists.sourceforge.net','2pBf5nzmJVaELtv/Gxv7uw==','obo-phenotype@lists.sourceforge.net','Quality','Administrators',NULL,'2008-05-01 15:39:00'),(2888,'go@geneontology.org','2pBf5nzmJVaELtv/Gxv7uw==','go@geneontology.org','Gene_ontology','Administrators',NULL,'2008-05-01 15:39:00'),(2897,'marion.gremse@uni-koeln.de','2pBf5nzmJVaELtv/Gxv7uw==','marion.gremse@uni-koeln.de','BrendaTissue','Administrators',NULL,'2008-05-01 15:39:00'),(2906,'oliver@sanbi.ac.za','2pBf5nzmJVaELtv/Gxv7uw==','oliver@sanbi.ac.za','Cell','Administrators',NULL,'2008-05-01 15:39:00'),(2914,'chebi-help@ebi.ac.uk','2pBf5nzmJVaELtv/Gxv7uw==','chebi-help@ebi.ac.uk','Chebi','Administrators',NULL,'2008-05-01 15:39:00'),(2923,'john.garavelli@ebi.ac.uk','2pBf5nzmJVaELtv/Gxv7uw==','john.garavelli@ebi.ac.uk','','Administrators',NULL,'2008-05-01 15:39:00'),(2925,'r-chisholm@northwestern.edu','2pBf5nzmJVaELtv/Gxv7uw==','r-chisholm@northwestern.edu','Dictyostelium_anatomy','Administrators',NULL,'2008-05-01 15:39:00'),(2933,'diseaseontology-discussion@lists.sourceforge.net','2pBf5nzmJVaELtv/Gxv7uw==','diseaseontology-discussion@lists.sourceforge.net','Human_disease','Administrators',NULL,'2008-05-01 15:39:00'),(2942,'J.Bard@ed.ac.uk','2pBf5nzmJVaELtv/Gxv7uw==','J.Bard@ed.ac.uk','EMAP','Administrators',NULL,'2008-05-01 15:39:00'),(2950,'curator@inoh.org','2pBf5nzmJVaELtv/Gxv7uw==','curator@inoh.org','Event','Administrators',NULL,'2008-05-01 15:39:00'),(2959,'ma11@gen.cam.ac.uk','2pBf5nzmJVaELtv/Gxv7uw==','ma11@gen.cam.ac.uk','Evidence_code','Administrators',NULL,'2008-05-01 15:39:00'),(2968,'evoc@sanbi.ac.za','2pBf5nzmJVaELtv/Gxv7uw==','evoc@sanbi.ac.za','Evoc','Administrators',NULL,'2008-05-01 15:39:00'),(2989,'kirill@ebi.ac.uk','2pBf5nzmJVaELtv/Gxv7uw==','kirill@ebi.ac.uk','Fix','Administrators',NULL,'2008-05-01 15:39:00'),(3018,'obo-anatomy@lists.sourceforge.net','2pBf5nzmJVaELtv/Gxv7uw==','obo-anatomy@lists.sourceforge.net','Http://obo','Administrators',NULL,'2008-05-01 15:39:00'),(3024,'maria@genome.stanford.edu','2pBf5nzmJVaELtv/Gxv7uw==','maria@genome.stanford.edu','Fungal_anatomy','Administrators',NULL,'2008-05-01 15:39:00'),(3034,'peteremidford@yahoo.com','2pBf5nzmJVaELtv/Gxv7uw==','peteremidford@yahoo.com','Http://www','Administrators',NULL,'2008-05-01 15:39:00'),(3055,'matthewk@indiana.edu','2pBf5nzmJVaELtv/Gxv7uw==','matthewk@indiana.edu','Image','Administrators',NULL,'2008-05-01 15:39:00'),(3064,'interhelp@ebi.ac.uk','2pBf5nzmJVaELtv/Gxv7uw==','interhelp@ebi.ac.uk','Ftp://ftp','Administrators',NULL,'2008-05-01 15:39:00'),(3072,'pheno@informatics.jax.org','2pBf5nzmJVaELtv/Gxv7uw==','pheno@informatics.jax.org','Mammalian_phenotype','Administrators',NULL,'2008-05-01 15:39:00'),(3081,'julie.thompson@igbmc.u-strasbg.fr','2pBf5nzmJVaELtv/Gxv7uw==','julie.thompson@igbmc.u-strasbg.fr','Mao','Administrators',NULL,'2008-05-01 15:39:00'),(3091,'Thorsten.Henrich@embl-heidelberg.de','2pBf5nzmJVaELtv/Gxv7uw==','Thorsten.Henrich@embl-heidelberg.de','Medaka_ontology','Administrators',NULL,'2008-05-01 15:39:00'),(3100,'dstates@bioinformatics.med.umich.edu','2pBf5nzmJVaELtv/Gxv7uw==','dstates@bioinformatics.med.umich.edu','Mesh','Administrators',NULL,'2008-05-01 15:39:00'),(3108,'mged-ontologies@lists.sourceforge.net','2pBf5nzmJVaELtv/Gxv7uw==','mged-ontologies@lists.sourceforge.net','Http://mged','Administrators',NULL,'2008-05-01 15:39:00'),(3123,'louis@imbb.forth.gr','2pBf5nzmJVaELtv/Gxv7uw==','louis@imbb.forth.gr','Mosquito_anatomy','Administrators',NULL,'2008-05-01 15:39:00'),(3132,'PS@mole.bio.cam.ac.uk','2pBf5nzmJVaELtv/Gxv7uw==','PS@mole.bio.cam.ac.uk','Mouse_pathology','Administrators',NULL,'2008-05-01 15:39:00'),(3141,'info@ncbi.nlm.nih.gov','2pBf5nzmJVaELtv/Gxv7uw==','info@ncbi.nlm.nih.gov','Ftp://ftp','Administrators',NULL,'2008-05-01 15:39:00'),(3143,'ncicb@pop.nci.nih.gov','2pBf5nzmJVaELtv/Gxv7uw==','ncicb@pop.nci.nih.gov','Ftp://ftp1','Administrators',NULL,'2008-05-01 15:39:00'),(3151,'sandrine.pilbout@isb-sib.ch','2pBf5nzmJVaELtv/Gxv7uw==','sandrine.pilbout@isb-sib.ch','Ftp://ftp','Administrators',NULL,'2008-05-01 15:39:00'),(3153,'msi-workgroups-ontology@lists.sourceforge.net','2pBf5nzmJVaELtv/Gxv7uw==','msi-workgroups-ontology@lists.sourceforge.net','Https://svn','Administrators',NULL,'2008-05-01 15:39:00'),(3162,'obi-devel@lists.sourceforge.net','a6MHWExC74rgv/kC4dbImA==','obi-devel@lists.sourceforge.net','Alan','Ruttenberg','781-248-1480','2008-05-01 15:39:00'),(3169,'vpetri@mcw.edu','w3VkyU1DGWsSmJac92lQWw==','vpetri@mcw.edu','Victoria','Petri','(414) 456-8871','2008-05-01 15:39:00'),(3178,'pj37@cornell.edu','2pBf5nzmJVaELtv/Gxv7uw==','pj37@cornell.edu','Environment_ontology','Administrators',NULL,'2008-05-01 15:39:00'),(3194,'mb4@sanger.ac.uk','2pBf5nzmJVaELtv/Gxv7uw==','mb4@sanger.ac.uk','PLO','Administrators',NULL,'2008-05-01 15:39:00'),(3196,'po-dev@plantontology.org','2pBf5nzmJVaELtv/Gxv7uw==','po-dev@plantontology.org','Po_anatomy','Administrators',NULL,'2008-05-01 15:39:00'),(3203,'satya','4w8LvkzUTrQAgqhr5qqJJg==','satya_sanket@hotmail.com','ProPreO','Administrators',NULL,'2008-05-01 15:39:00'),(3213,'Henning.Hermjakob@ebi.ac.uk','2pBf5nzmJVaELtv/Gxv7uw==','Henning.Hermjakob@ebi.ac.uk','Psi-mi','Administrators',NULL,'2008-05-01 15:39:00'),(3220,'luisa@ebi.ac.uk','2pBf5nzmJVaELtv/Gxv7uw==','luisa@ebi.ac.uk','Psi-mod','Administrators',NULL,'2008-05-01 15:39:00'),(3229,'cjm@fruitfly.org','2pBf5nzmJVaELtv/Gxv7uw==','cjm@fruitfly.org','Relationship','Administrators',NULL,'2008-05-01 15:39:00'),(3245,'psidev-gps-dev@lists.sourceforge.net','2pBf5nzmJVaELtv/Gxv7uw==','psidev-gps-dev@lists.sourceforge.net','Http://psidev','Administrators',NULL,'2008-05-01 15:39:00'),(3252,'song-devel@lists.sourceforge.net','2pBf5nzmJVaELtv/Gxv7uw==','song-devel@lists.sourceforge.net','So','Administrators',NULL,'2008-05-01 15:39:00'),(3261,'lenov@ebi.ac.uk','2pBf5nzmJVaELtv/Gxv7uw==','lenov@ebi.ac.uk','Http://www','Administrators',NULL,'2008-05-01 15:39:00'),(3276,'raymond@caltech.edu','2pBf5nzmJVaELtv/Gxv7uw==','raymond@caltech.edu','Http://brebiou','Administrators',NULL,'2008-05-01 15:39:00'),(3283,'wchen@its.caltech.edu','2pBf5nzmJVaELtv/Gxv7uw==','wchen@its.caltech.edu','Worm_development','Administrators',NULL,'2008-05-01 15:39:00'),(3292,'Leszek@missouri.edu','2pBf5nzmJVaELtv/Gxv7uw==','Leszek@missouri.edu','Zea_mays_anatomy','Administrators',NULL,'2008-05-01 15:39:00'),(3301,'zfinadmin@zfin.org','2pBf5nzmJVaELtv/Gxv7uw==','zfinadmin@zfin.org','Zebrafish_anatomy','Administrators',NULL,'2008-05-01 15:39:00'),(3518,'avembakam','2t544Md1jQyizGOwmpAuLQ==','avembakam@yahoo.com','ugugug','gfcf',NULL,'2008-05-01 15:39:00'),(3574,'rchakra','s4vm5HS2jx1SgHnb9bYGVQ==','raghuramcs@yahoo.com','Raghuram','Chakravarthi',NULL,'2008-05-01 15:39:00'),(3690,'dlrubin','PeByyE+yC3y+OZGvpXNoJQ==','dlrubin@yahoo.com','Daniel','Rubin',NULL,'2008-05-01 15:39:00'),(3755,'IgorToujilov','50cd8nEzTwqYwr7rqoiW3A==','i.toujilov@medsch.ucl.ac.uk','Igor','Toujilov','+44 (0)20 7830 2297','2008-05-01 15:39:00'),(3761,'lmmurphy','EmoNt2YQolrQMy1cE+eXDw==','lmmurphy@stanford.edu','Lynn ','Murphy',NULL,'2008-05-01 15:39:00'),(3763,'LFAGAN','xDU7YMJN4p9PkZFY8NIyOg==','lfagan@stanford.edu','Larry','Fagan','650-725-3386','2008-05-01 15:39:00'),(3765,'lfagan','spuTd+yK0VZCcXX3DwVezA==','lfagan@stanford.edu','Lawrence','fagan','650-725-3386','2008-05-01 15:39:00'),(3803,'nwashing','yMI6Vhm+ZP8KCAijs0WUhg==','NLWashington@lbl.gov','Nicole','W',NULL,'2008-05-01 15:39:00'),(3830,'asidhu','TO+7Zo+eUzZ6Lus7p4hPWQ==','asidhu@mac.com','Amandeep','Sidhu','+61 448897900','2008-05-01 15:39:00'),(3956,'m029206','RXAiXHKO5nLOh6LslKkY0g==','bauer.scott@mayo.edu','Scott','Bauer',NULL,'2008-05-01 15:39:00'),(4080,'nicole4','5+fSFeHX07/5RJ9tZift9w==','NLWashington@lbl.gov','N','L',NULL,'2008-05-01 15:39:00'),(4082,'nicole5','5+fSFeHX07/5RJ9tZift9w==','NLWashington@lbl.gov','N','L',NULL,'2008-05-01 15:39:00'),(4096,'aditya','fAtrdPr39cABgwTmJmF/yw==','vembakam@stanford.edu','Aditya','Chakravarthi',NULL,'2008-05-01 15:39:00'),(4149,'mmabery','0p9a54geoUueZXIRmbJK+Q==','zvt9@cdc.gov','M','Mabery',NULL,'2008-05-01 15:39:00'),(4208,'bchruszc','zyFKSFy0NmqJ5MXzngp8aA==','bchruszc@uoguelph.ca','Bradley','Chruszcz',NULL,'2008-05-01 15:39:00'),(4245,'alanr','wCmT6Ycx23FFrnBovkHzMQ==','alanruttenberg@gmail.com','Alan','Ruttenberg','781-248-1480','2008-05-01 15:39:00'),(4247,'helenagfa','Gv8D6X5xgmBqYJDu+Vdmrg==','helen.chen@agfa.com','Helen','Chen','5197462900','2008-05-01 15:39:00'),(4269,'josd','DhMtLjjOKlyyzWJgKgNmYA==','jos.deroo@agfa.com','Jos','De Roo',NULL,'2008-05-01 15:39:00'),(4276,'whetzel','RNZYqy03392STm2UdH68Yw==','whetzel@pcbi.upenn.edu','Trish','Whetzel',NULL,'2008-05-01 15:39:00'),(4291,'tedslater','1riUv2IVDqd8RUDzeAgytg==','ted.slater@pfizer.com','Ted','Slater','+1-734-622-2958','2008-05-01 15:39:00'),(4384,'mhaendel','kWeU2tbcWgEHjtt+YoRo/w==','mhaendel@uoneuro.uoregon.edu','Melissa','Haendel',NULL,'2008-05-01 15:39:00'),(4466,'jaslam','T7bjDhrDrrRhN7brD9qHEw==','jaslam@kpmg.com','javaid','aslam','650-404-3751','2008-05-01 15:39:00'),(4470,'mitchellkj','TGR907J/MWxpiPfx14sN2cZboZzX2po7','mitchellkj@upmc.edu','Kevin','Mitchell','4126476601','2008-05-01 15:39:00'),(4511,'Isaac','Q98vxEGb3xemCGqZjNQV8w==','isaackunz@gmail.com','Isaac','Kunz','801-641-4498','2008-05-01 15:39:00'),(4875,'coulet','aT+htMqy5xBwxVTB5ql34g==','adrien.coulet@loria.fr','adrien','coulet','+33383592055','2008-05-01 15:39:00'),(4913,'clynch','gbvDHgxADLd/bsBKra+5qQ==','colynch@ucdavis.edu','Cecil','Lynch','916-412-5504','2008-05-01 15:39:00'),(4943,'chimezie','ZyyONjqCQvHTH86n5H2YXw==','chimezie@gmail.com','Chimezie','Ogbuji',NULL,'2008-05-01 15:39:00'),(4955,'Ustun','1sgm91t3itprhs38xW/FsQ==','ustunb@who.int','Bedirhan','Ustun','+41227913609','2008-05-01 15:39:00'),(5019,'ananya','Hx7fCKwLEMXlNs9fHo+gAw==','vembakam@stanford.edu','Ananya','Chakravarthi',NULL,'2008-05-01 15:39:00'),(5048,'seannos','z3UjoInBnT/tuN6P0s0sWQ==','seannos.style@gmail.com','Sean','Nos',NULL,'2008-05-01 15:39:00'),(5088,'terry','mOlGysjcvzEfpSAsH7apmg==','lynn.murphy@stanford.edu','Terry','Jue',NULL,'2008-05-01 15:39:00'),(5114,'stconnolly','rVbioktEXa/ZjrPhf0tVzQ==','steven.connolly@waycraftbio.com','Steve','Connolly','720-887-0252','2008-05-01 15:39:00'),(5135,'nigam','Ifj4d8jK7IKu3C0x+m9kfw==','drnigam@gmail.com','Nigam','Shah',NULL,'2008-05-01 15:39:00'),(5137,'nigam2','bvb0y9Y4V30sMxzWOIGWvw==','nigam@stanford.edu','Nigam','Shah',NULL,'2008-05-01 15:39:00'),(5244,'newnicole2','Hf7AIa65gJym5t79VtavVg==','notreal@somedomain.com','Wahoo!','Washington',NULL,'2008-05-01 15:39:00'),(5246,'rubin','Rg0CTNrJxjZ90DOQyuvrUw==','rubin@med.stanford.edu','Daniel','Rubin',NULL,'2008-05-01 15:39:00'),(5500,'nicolewashington','5+fSFeHX07/5RJ9tZift9w==','oops@doesnt.exist','Cherry','Pie',NULL,'2008-05-01 15:39:00'),(5902,'NLWashington','5+fSFeHX07/5RJ9tZift9w==','NLWashington@lbl.gov','N','L',NULL,'2008-05-01 15:39:00'),(5913,'easr','L2KYPt1FDb/pXoZ1DD07Pw==','erant@psb.ugent.be','Erick','Antezana','+32 (0) 9 3313824','2008-05-01 15:39:00'),(6152,'helenp','2p/7Vjw/lfIRZNUVE+pv1Q==','parkinson@ebi.ac.uk','Helen','Parkinson','+44 1223 494672','2008-05-01 15:39:00'),(6204,'rdi2007','sTwkOtJBGC16rFV3tJ87yQ==','raphael.isokpehi@jsums.edu','Raphael','Isokpehi','601-979-1678','2008-05-01 15:39:00'),(6413,'penwilcx','YIYZGCgeWMMd5KnNyv1AJQ==','charles.penwill@postgrad.manchester.ac.uk','Charles','Penwill',NULL,'2008-05-01 15:39:00'),(6926,'SvenVanPoucke','sUwsODIqccc4q7oLhQIYhA==','svanpoucke@zeelandnet.nl','Sven','Van Poucke',NULL,'2008-05-01 15:39:00'),(6943,'balajis','Jt/dnPSj7xldDx6cQjekbQ==','balajis@stanford.edu','Balaji','Srinivasan','6503800695','2008-05-01 15:39:00'),(6946,'bkirschn','e7FzvNlOTvSQzDH05SBoKg==','bkirschn@umich.edu','Beth','Kirschner',NULL,'2008-05-01 15:39:00'),(7031,'amarnathgupta','TUQzM7hT9q53VjmXoEQi4g==','gupta@sdsc.edu','Amarnath','Gupta','(858)822-0994','2008-05-01 15:39:00'),(7296,'admin','v+mp9ZxbQndrlgi8to/WFw==','admin@bioontology.org','admin','admin',NULL,'2008-05-01 15:39:00'),(7435,'taltman','kyk/jAM/7RMi9PinERMqvg==','taltman@llnl.gov','Tomer','Altman',NULL,'2008-05-01 15:39:00'),(7772,'cs01js','xrjMYcELv2g04K8Ukep/xQ==','cs01js@csd.abdn.ac.uk','Jacques-Yves','Silvia',NULL,'2008-05-01 15:39:00'),(7824,'rwynne','WiMBZpoWwmz8lK14dofB2A==','wynner@mail.nih.gov','Rob','Wynne','301-402-3782','2008-05-01 15:39:00'),(8048,'rshankar','S2smHpuo0HbV06kfNnKb4A==','rshankar@stanford.edu','Ravi','Shankar','(650) 724-9933','2008-05-01 15:39:00'),(8123,'Xenbase','CRST0XDih5OxcQjFqhQsuw==','esegerde@ucalgary.ca','Erik','Segerdell',NULL,'2008-05-01 15:39:00'),(8373,'scynar','qcngpiEmsD5hIVh3AX182w==','scynar@ncmir.ucsd.edu','Skip','Cynar','858 822 0738','2008-05-01 15:39:00'),(8976,'rector@cs.man.ac.uk','WXxRpJ6Zt4utic7N10VMWw==','rector@cs.man.ac.uk','Alan','Rector','+44 161 275 6149','2008-05-01 15:39:00'),(10111,'amarch','O5tjYi3T9045O8DDO8d5ig==','amarch@infosalud.org.ar','Alan','March','+5411-47062321','2008-05-01 15:39:00'),(10307,'eduardom','tmo3znjszSZnHebPFrHDeA==','mendoza@lmu.de','Eduardo ','Mendoza',NULL,'2008-05-01 15:39:00'),(10678,'pavlidis','iZdZiJCK66g8VNOV57edsw==','paul@bioinformatics.ubc.ca','Paul','Pavlidis','604-827-4157','2008-05-01 15:39:00'),(10964,'mcummens','gPoT4eiWPgadCuBkyRYNuw==','mcummens@gmail.com','Mike','Cummens','262-352-8292','2008-05-01 15:39:00'),(11083,'dnatale','4aIzqdJKkX8zH9qKBdggtQ==','dan5@georgetown.edu','Darren','Natale','202-687-1790','2008-05-01 15:39:00'),(11275,'dobson_sp','XQT3W6HUZPfG6U1mwUgHug==','stephen.dobson@pfizer.com','stephen','dobson','8607153128','2008-05-01 15:39:00'),(11356,'mt','pFJNGImLMUwLI8l0LBKcVw==','mt@alum.mit.edu','Mike','Travers',NULL,'2008-05-01 15:39:00'),(11548,'nsklyar','cyS+MIzSmGgYj9BCM5Semw==','nsklyar@ebi.ac.uk','Nataliya','Sklyar',NULL,'2008-05-01 15:39:00'),(11586,'huzz','N18RnKDDVCdInRJHk3g9Rw==','zh9@georgetown.edu','Zhang-Zhi','Hu','202-687-1255','2008-05-01 15:39:00'),(11652,'gorlitsky','a2JQgz9wUDhOYTjd06iHYA==','robert.gorlitsky@gmail.com','Robert','Gorlitsky',NULL,'2008-05-01 15:39:00'),(11668,'dlmcshan','4epBXgbFkwjtF15356X6vA==','dlmcshan@umich.edu','Daniel','McShan','734-936-4290','2008-05-01 15:39:00'),(12379,'khazanov','1zRmT8fb3rL2d4DhxDwbIQ==','nkhazanov@rockefeller.edu','Nickolay','Khazanov','212-327-7633','2008-05-01 15:39:00'),(12384,'skiadeli','Rg0CTNrJxjZhvVAvZaVvEg==','maria_2sk@yahoo.gr','maria','skaideli',NULL,'2008-05-01 15:39:00'),(12544,'sajjad','Z7fMLF/BtqxhzFHdXt3+iQ==','sajjadhk@yahoo.com','sajjad','moravveji',NULL,'2008-05-01 15:39:00'),(12564,'mdorf','zZpaYEmp+BFnNfcVTNdLGA==','mdorf@stanford.edu','Michael','Dorf',NULL,'2008-05-01 15:39:00'),(12885,'ewagubb','tER6vQLaWQ+JAV4UgJVSRg==','egubb@cicbiogune.es','Ewa','Gubb','0034944061300','2008-05-01 15:39:00'),(12889,'hlewen','qt/fFi3nCl/CfiMnbbgq3w==','holger@lewen.net','Holger','LEwen',NULL,'2008-05-01 15:39:00'),(13269,'alexskr','KJB7McbYborSWzfGu6nuwQ==','alexskr@stanford.edu','alex','skrenchuk',NULL,'2008-05-01 15:39:00'),(13303,'mhaendel@uoneuro.uoregon.edu','2pBf5nzmJVaELtv/Gxv7uw==','mhaendel@uoneuro.uoregon.edu','Caro','Administrators',NULL,'2008-05-01 15:39:00'),(13384,'satya30@uga.edu','2pBf5nzmJVaELtv/Gxv7uw==','satya30@uga.edu','ProPreO','Administrators',NULL,'2008-05-01 15:39:00'),(13408,'dsonensh@odu.edu','2pBf5nzmJVaELtv/Gxv7uw==','dsonensh@odu.edu','Http://www','Administrators',NULL,'2008-05-01 15:39:00'),(13416,'obo-unit@lists.sourceforge.net','2pBf5nzmJVaELtv/Gxv7uw==','obo-unit@lists.sourceforge.net','Unit','Administrators',NULL,'2008-05-01 15:39:00'),(13424,'garys@caltech.edu','2pBf5nzmJVaELtv/Gxv7uw==','garys@caltech.edu','Http://tazendra','Administrators',NULL,'2008-05-01 15:39:00'),(13433,'esegerde@ucalgary.ca','2pBf5nzmJVaELtv/Gxv7uw==','esegerde@ucalgary.ca','Xenopus_anatomy','Administrators',NULL,'2008-05-01 15:39:00'),(14091,'machi','vhU3nEmavS7Ep0yWyCIHug==','machihk@naver.com','hokyung ','Lee','82-31-277-0476','2008-05-01 15:39:00'),(14229,'hqyone','X8S0/FZGSEnZZuhoyJoJJg==','hqyone@163.com','QuanYuan','He',NULL,'2008-05-01 15:39:00'),(14233,'jonquet','jtXeDf18LIxdCUxx69Fsuw==','jonquet@lirmm.fr','Clement','Jonquet',NULL,'2008-05-01 15:39:00'),(14309,'beisswanger','elLOLtIhaaRsdan5UV90kA==','elena.beisswanger@uni-jena.de','Elena','Beisswanger',NULL,'2008-05-01 15:39:00'),(14311,'jrlpartners','1vK1nIW+Rl0rHhjLpBTU1w==','jrlpartners@comcast.net','Jeffrey','Lapides','410-303-3363','2008-05-01 15:39:00'),(14336,'primoto','DIu/ZFrm9mCh8xHtvAMbAg==','primoto@gmail.com','primoto','primoto',NULL,'2008-05-01 15:39:00'),(15079,'jammigum','RaEQZnYOPeUQlWoJPJ3bFQ==','jammigum@scs.fsu.edu','Neelima','Jammigumpula','850-644-6217','2008-05-01 15:39:00'),(15151,'wei-nchih.lee','l1pV63CR8EGl63h1jWxCPg==','wei-nchih.lee@stanford.edu','Wei-Nchih','Lee','650 498-8062','2008-05-01 15:39:00'),(15195,'pmabee','wbuivZjunQBS4E99br1hkA==','pmabee@usd.edu','Paula','Mabee','605-677-6171','2008-05-01 15:39:00'),(15418,'albert','Fh+ysZV4kvuHsmHQJcRbGQ==','avsmith@gmail.com','Albert Vernon','Smith',NULL,'2008-05-01 15:39:00'),(15482,'rgreenes','5CRU5gZiCXEpWqAAvYZsAg==','greenes@asu.edu','Robert','Greenes','602-827-2548','2008-05-01 15:39:00'),(15743,'morrison@cs.man.ac.uk','2pBf5nzmJVaELtv/Gxv7uw==','morrison@cs.man.ac.uk','Envo','Administrators',NULL,'2008-05-01 15:39:00'),(15754,'rhee@acoma.stanford.edu','2pBf5nzmJVaELtv/Gxv7uw==','rhee@acoma.stanford.edu','Evidence_code','Administrators',NULL,'2008-05-01 15:39:00'),(16458,'bwong','x6x0J6VITLxFR3hMo/D5Mg==','bwong@genstruct.com','Ben','Wong','617-838-8921','2008-05-01 15:39:00'),(16642,'skraus5389','WPuW8tawHFnzctMLF36pig==','bwx_skraus5389@friendly-email.com','Sally','Kraus','781-658-2687','2008-05-01 15:39:00'),(17171,'lucywebster','1O5edJ+zsw8Vq/4NoOwDgg==','lucywebster@gmail.com','Lucy','Webster',NULL,'2008-05-01 15:39:00'),(17230,'shivamk25','7ZzQqseOjY4hXm3NYXe93w==','shivamk25@yahoo.co.in','Sivakumar','Krishanmoorthy','+91 98423 61378','2008-05-01 15:39:00'),(17639,'sgranite','TcSsTt5GiEYb/T3/Tb4TNA==','sgranite@jhu.edu','Stephen','Granite','410-516-8616','2008-05-01 15:39:00'),(17712,'mshimoyama','AoH+5T1/aDxByr/TX/YiXg==','shimoyama@mcw.edu','Mary','Shimoyama','414-456-7505','2008-05-01 15:39:00'),(17927,'bdai','ui5FkmW1BoRx3VvCa84y7g==','benjamin.dai@stanford.edu','Benjamin','Dai','310-927-1891','2008-05-01 15:39:00'),(19405,'dan5@georgetown.edu','2pBf5nzmJVaELtv/Gxv7uw==','dan5@georgetown.edu','Pro','Administrators',NULL,'2008-05-01 15:39:00'),(19678,'espinoj','4ErfrXcgUlIpSKi7yjtjtg==','juest4@pitt.edu','Jeremy','Espino',NULL,'2008-05-01 15:39:00'),(19947,'bobak','TP65PkmRzmWS5gNLeE2CyA==','michael.bobak@ucsf.edu','Michael','Bobak','415-502-4514','2008-05-01 15:39:00'),(20370,'yancao88','RuNqDa6JXvAiof3VpZubsw==','yangcao88@gmail.com','Yang','Cao','678-907-9988','2008-05-01 15:39:00'),(20703,'dickinsw','gfy0gkzPWrErG/975qR3Dw==','dickinsw@verizon.net','William','Dickinson','715-384-9009','2008-05-01 15:39:00'),(20813,'obo-teleost-discuss@lists.sourceforge.net','2pBf5nzmJVaELtv/Gxv7uw==','obo-teleost-discuss@lists.sourceforge.net','Teleost_anatomy','Administrators',NULL,'2008-05-01 15:39:00'),(21321,'linyi_301','uzqxOwodtJbAF9zGq860wA==','linyi_301@hotmail.com','cui','andy',NULL,'2008-05-01 15:39:00'),(21461,'caozd','NkTT/qDLiO26s4OLCtMnWg==','caozd@lreis.ac.cn','zhidong','cao',NULL,'2008-05-01 15:39:00'),(22318,'ozan','z/ohwG6ohLjdmO0CedaIdw==','ozan.akcay@gmail.com','ozan','akcay',NULL,'2008-05-01 15:39:00'),(22641,'idasim','Ig4jOAQ+TKkl3/EnRqnykw==','ida.sim@ucsf.edu','Ida','Sim',NULL,'2008-05-01 15:39:00'),(24789,'nelsonss','U2R5WWKGyq1+B+P2G41MdA==','nelson.sanchez@utadeo.edu.co','Nelson','Snchez Snchez','571 2427030','2008-05-01 15:39:00'),(24901,'cjm@berkeleybop.org','2pBf5nzmJVaELtv/Gxv7uw==','cjm@berkeleybop.org','Spatial','Administrators',NULL,'2008-05-01 15:39:00'),(24910,'obo-envo@lists.sourceforge.net','2pBf5nzmJVaELtv/Gxv7uw==','obo-envo@lists.sourceforge.net','Envo','Administrators',NULL,'2008-05-01 15:39:00'),(24920,'Adrien.Coulet@loria.fr','2pBf5nzmJVaELtv/Gxv7uw==','Adrien.Coulet@loria.fr','','Administrators',NULL,'2008-05-01 15:39:00'),(25048,'alanruttenberg','GfYEeW2LhC+VVWaPNJQd/g==','alanruttenberg@gmail.com','Alan','Ruttenberg',NULL,'2008-05-01 15:39:00'),(25909,'vlee','14tyUD7qCgYG8X6L0yTgkg==','vlee@ebi.ac.uk','Vivian','Lee',NULL,'2008-05-01 15:39:00'),(26161,'dickinson','casGyFpsLxGXC2OqcxSsbA==','dickinsw@verizon.net','William','Dickinson',NULL,'2008-05-01 15:39:00'),(26181,'sobolevnrm','McJNvk6z4dG9b7HlOnxULA==','baker@ccb.wustl.edu','Nathan','Baker','314 409 8238','2008-05-01 15:39:00'),(26967,'will-moore','lsLMOKkeL7zigHmGDvkCVw==','will@lifesci.dundee.ac.uk','Will','Moore',NULL,'2008-05-01 15:39:00'),(26985,'will_moore','kDYYPaG2mcMyUbSfyaB97Q==','will@lifesci.dundee.ac.uk','Will','Moore',NULL,'2008-05-01 15:39:00'),(27004,'rdibioportal','UsS3RwwvLw6hSmYj/LbzZg==','raphael.isokpehi@jsums.edu','Raphael','Isokpehi','601-979-1678','2008-05-01 15:39:00'),(27063,'pserranob','KpwZt/ZFczd94KSfduPihw==','pserranob@senefro.org','Pablo','Serrano','34916890042','2008-05-01 15:39:00'),(27105,'dgt1','4GI0U1u7oBHMBbsT46MUmQ==','dgthomas78@gmail.com','Dennis','Thomas',NULL,'2008-05-01 15:39:00'),(27978,'ddjncbo','9bdRcGfHZUGRHR9wWH5B6Q==','dou@cs.uoregon.edu','Dejing','Dou','1-541-346-4572','2008-05-01 15:39:00'),(28094,'wjbug','3adI3Uw82WydMeqZSIHXrg==','wbug@ncmir.ucsd.edu','William','Bug',NULL,'2008-05-01 15:39:00'),(28535,'linikujp','TynhLGWdrxlL/Y0t2weUBQ==','linikujp@yahoo.co.jp','Yu','Lin','0081-78-302-5788','2008-05-01 15:39:00'),(28854,'ddeluca','zPR6IzaXnpKivWCJ6oFXmQ==','deluca.david@mh-hannover.de','David S.','DeLuca','+49 511 532 6709','2008-05-01 15:39:00'),(29004,'rdionto','umZKAJcbwyQa2g/xgp0uPg==','raphael.isokpehi@jsums.edu','Raphael','Isokpehi','601-979-1678','2008-05-01 15:39:00'),(29312,'mcourtot','a6MHWExC74rgv/kC4dbImA==','mcourtot@bccrc.ca','Melanie','Courtot',NULL,'2008-05-01 15:39:00'),(29388,'jamesmalone','/QqeKuLwMK8rTC4K+xVPXg==','malone@ebi.ac.uk','James','Malone','+441223494676','2008-05-01 15:39:00'),(29398,'fgibson','c8FXI9AuHCmgUnchwQdTiw==','Frank.Gibson@ncl.ac.uk','Frank','Gibson',NULL,'2008-05-01 15:39:00'),(29682,'natasha','Rg0CTNrJxjYoxSVj08vdfA==','noy@stanford.edu','Natasha','Noy',NULL,'2008-05-01 15:39:00'),(29713,'bodenreider','Wr/b/t7bQPIXQoX2vEkkjw==','olivier@nlm.nih.gov','Olivier','Bodenreider',NULL,'2008-05-01 15:39:00'),(29928,'informatics.jax.org','2pBf5nzmJVaELtv/Gxv7uw==','informatics.jax.org','Adult_mouse_anatomy','Administrators',NULL,'2008-05-01 15:39:00'),(29933,'mst.edu','2pBf5nzmJVaELtv/Gxv7uw==','mst.edu','Amphibian_anatomy','Administrators',NULL,'2008-05-01 15:39:00'),(29941,'umich.edu','2pBf5nzmJVaELtv/Gxv7uw==','umich.edu','','Administrators',NULL,'2008-05-01 15:39:00'),(29946,'geneontology.org','2pBf5nzmJVaELtv/Gxv7uw==','geneontology.org','Gene_ontology_edit','Administrators',NULL,'2008-05-01 15:39:00'),(29955,'macn.gov.ar','2pBf5nzmJVaELtv/Gxv7uw==','macn.gov.ar','Spider_comparative_biology','Administrators',NULL,'2008-05-01 15:39:00'),(29964,'obo-cell-type@lists.sourceforge.net','2pBf5nzmJVaELtv/Gxv7uw==','obo-cell-type@lists.sourceforge.net','Cell','Administrators',NULL,'2008-05-01 15:39:00'),(29970,'northwestern.edu','2pBf5nzmJVaELtv/Gxv7uw==','northwestern.edu','Dictyostelium_anatomy','Administrators',NULL,'2008-05-01 15:39:00'),(29979,'duke.edu','2pBf5nzmJVaELtv/Gxv7uw==','duke.edu','Infectious_disease','Administrators',NULL,'2008-05-01 15:39:00'),(29991,'inoh.org','2pBf5nzmJVaELtv/Gxv7uw==','inoh.org','','Administrators',NULL,'2008-05-01 15:39:00'),(29993,'genome.stanford.edu','2pBf5nzmJVaELtv/Gxv7uw==','genome.stanford.edu','Evidence_code','Administrators',NULL,'2008-05-01 15:39:00'),(29995,'sanbi.ac.za','2pBf5nzmJVaELtv/Gxv7uw==','sanbi.ac.za','','Administrators',NULL,'2008-05-01 15:39:00'),(29997,'Osumi-Sutherland@obo-anatomy','2pBf5nzmJVaELtv/Gxv7uw==','Osumi-Sutherland@obo-anatomy','Fly_anatomy','Administrators',NULL,'2008-05-01 15:39:00'),(29999,'gen.cam.ac.uk','2pBf5nzmJVaELtv/Gxv7uw==','gen.cam.ac.uk','Fly_taxonomy','Administrators',NULL,'2008-05-01 15:39:00'),(30001,'ebi.ac.uk','2pBf5nzmJVaELtv/Gxv7uw==','ebi.ac.uk','','Administrators',NULL,'2008-05-01 15:39:00'),(30008,'yahoo.com','2pBf5nzmJVaELtv/Gxv7uw==','yahoo.com','','Administrators',NULL,'2008-05-01 15:39:00'),(30010,'indiana.edu','2pBf5nzmJVaELtv/Gxv7uw==','indiana.edu','Image','Administrators',NULL,'2008-05-01 15:39:00'),(30025,'mole.bio.cam.ac.uk','2pBf5nzmJVaELtv/Gxv7uw==','mole.bio.cam.ac.uk','Mouse_pathology','Administrators',NULL,'2008-05-01 15:39:00'),(30027,'ncbi.nlm.nih.gov','2pBf5nzmJVaELtv/Gxv7uw==','ncbi.nlm.nih.gov','','Administrators',NULL,'2008-05-01 15:39:00'),(30030,'pop.nci.nih.gov','2pBf5nzmJVaELtv/Gxv7uw==','pop.nci.nih.gov','','Administrators',NULL,'2008-05-01 15:39:00'),(30033,'mcw.edu','2pBf5nzmJVaELtv/Gxv7uw==','mcw.edu','','Administrators',NULL,'2008-05-01 15:39:00'),(30035,'cornell.edu','2pBf5nzmJVaELtv/Gxv7uw==','cornell.edu','Environment_ontology','Administrators',NULL,'2008-05-01 15:39:00'),(30040,'gramene.org','2pBf5nzmJVaELtv/Gxv7uw==','gramene.org','Plant_trait','Administrators',NULL,'2008-05-01 15:39:00'),(30046,'sanger.ac.uk','2pBf5nzmJVaELtv/Gxv7uw==','sanger.ac.uk','','Administrators',NULL,'2008-05-01 15:39:00'),(30053,'georgetown.edu','2pBf5nzmJVaELtv/Gxv7uw==','georgetown.edu','Pro','Administrators',NULL,'2008-05-01 15:39:00'),(30055,'S.@Sahoo','2pBf5nzmJVaELtv/Gxv7uw==','S.@Sahoo','','Administrators',NULL,'2008-05-01 15:39:00'),(30057,'obo-relations@lists.sourceforge.net','2pBf5nzmJVaELtv/Gxv7uw==','obo-relations@lists.sourceforge.net','Ro','Administrators',NULL,'2008-05-01 15:39:00'),(30059,'ncmir.ucsd.edu','2pBf5nzmJVaELtv/Gxv7uw==','ncmir.ucsd.edu','','Administrators',NULL,'2008-05-01 15:39:00'),(30071,'Nov&egrave;re@lenov','2pBf5nzmJVaELtv/Gxv7uw==','Nov&egrave;re@lenov','','Administrators',NULL,'2008-05-01 15:39:00'),(30088,'odu.edu','2pBf5nzmJVaELtv/Gxv7uw==','odu.edu','Tick_anatomy','Administrators',NULL,'2008-05-01 15:39:00'),(30090,'caltech.edu','2pBf5nzmJVaELtv/Gxv7uw==','caltech.edu','WBbt','Administrators',NULL,'2008-05-01 15:39:00'),(30092,'J.@Chen','2pBf5nzmJVaELtv/Gxv7uw==','J.@Chen','Worm_development','Administrators',NULL,'2008-05-01 15:39:00'),(30094,'ucalgary.ca','2pBf5nzmJVaELtv/Gxv7uw==','ucalgary.ca','Xenopus_anatomy','Administrators',NULL,'2008-05-01 15:39:00'),(30102,'missouri.edu','2pBf5nzmJVaELtv/Gxv7uw==','missouri.edu','','Administrators',NULL,'2008-05-01 15:39:00'),(30104,'zfin.org','2pBf5nzmJVaELtv/Gxv7uw==','zfin.org','Zebrafish_anatomy','Administrators',NULL,'2008-05-01 15:39:00'),(30247,'srafatirad','PPoQtQDiZRy7brnZGfL62g==','srafatirad@gmail.com','setareh','rafatirad',NULL,'2008-05-01 15:39:00'),(31067,'epontell','qnnt6RiyVhUUD43q5vYmWQ==','epontell@cs.nmsu.edu','Enrico','Pontelli','575-646-6239','2008-05-01 15:39:00'),(31229,'atemezing','/AP9/Y2YfgjiWCVDkrcf2A==','atemezing@yahoo.com','Ghislain Auguste','ATEMEZING',NULL,'2008-05-01 15:39:00'),(31309,'cytowise','PITEWZxin+PjVdApuJCGQw==','mjohannes@cytowise.com','Mark','Johannes',NULL,'2008-05-01 15:39:00'),(31919,'debsouzac','8MdTyDOsimxBWtFuBS2BaA==','debsouzac@gmail.com','Debora','Constantino','552199777413','2008-05-01 15:39:00'),(32535,'camille','C6TQEZ5kUUN5OtIWihFSSg==','laibe@ebi.ac.uk','Camille','Laibe',NULL,'2008-05-01 15:39:00'),(32564,'Dirk Derom','1dcEF5p4j00FKDOoq+/anRgwX/o1ix+H','dirk.derom@vuw.ac.nz','Dirk','Derom',NULL,'2008-05-01 15:39:00'),(32576,'can','0wvq1VCN0d2SkUxkxdFPIg==','celikc@who.int','Can','Celik',NULL,'2008-05-01 15:39:00'),(33459,'hoganwr','7JaN6B+3nBXZoMl37Aakfw==','hoganwr@upmc.edu','William','Hogan',NULL,'2008-05-01 15:39:00'),(34015,'victorchan','DgcjjND0Y3UFj/7G/LuIBQ==','victor.chan@wpafb.af.mil','Victor','Chan','9379049501','2008-05-01 15:39:00'),(34206,'daniel_schober','mWMKiciQYEsJJUx/6Pws7w==','schober@ebi.ac.uk','Daniel','Schober',NULL,'2008-05-01 15:39:00');

/*Data for the table `ncbo_user_role` */

insert  into `ncbo_user_role`(`id`,`user_id`,`role_id`) values (2851,2850,2822),(3506,2850,2824),(2853,2852,2822),(2860,2859,2822),(2867,2866,2822),(2873,2872,2822),(2881,2880,2822),(2889,2888,2822),(2898,2897,2822),(2907,2906,2822),(2915,2914,2822),(2924,2923,2822),(2926,2925,2822),(2934,2933,2822),(2943,2942,2822),(2951,2950,2822),(2960,2959,2822),(2969,2968,2822),(2990,2989,2822),(3019,3018,2822),(3025,3024,2822),(3035,3034,2822),(3056,3055,2822),(3065,3064,2822),(3073,3072,2822),(3082,3081,2822),(3092,3091,2822),(3101,3100,2822),(3109,3108,2822),(3124,3123,2822),(3133,3132,2822),(3142,3141,2822),(3144,3143,2822),(3152,3151,2822),(3154,3153,2822),(3163,3162,2822),(3170,3169,2822),(3179,3178,2822),(3195,3194,2822),(3197,3196,2822),(3204,3203,2822),(3214,3213,2822),(3221,3220,2822),(3230,3229,2822),(3246,3245,2822),(3253,3252,2822),(3262,3261,2822),(3277,3276,2822),(3284,3283,2822),(3293,3292,2822),(3302,3301,2822),(3519,3518,2822),(3575,3574,2822),(3691,3690,2822),(3756,3755,2822),(3762,3761,2822),(3764,3763,2822),(3766,3765,2822),(3804,3803,2822),(3831,3830,2822),(3957,3956,2822),(4081,4080,2822),(4083,4082,2822),(4097,4096,2822),(4150,4149,2822),(4209,4208,2822),(4246,4245,2822),(4248,4247,2822),(4270,4269,2822),(4277,4276,2822),(4292,4291,2822),(4385,4384,2822),(4467,4466,2822),(4471,4470,2822),(4512,4511,2822),(4876,4875,2822),(4914,4913,2822),(4944,4943,2822),(4956,4955,2822),(5020,5019,2822),(5049,5048,2822),(5089,5088,2822),(5115,5114,2822),(5136,5135,2822),(5138,5137,2822),(5245,5244,2822),(5247,5246,2822),(5248,5246,2824),(5501,5500,2822),(5903,5902,2822),(5914,5913,2822),(6153,6152,2822),(6205,6204,2822),(6414,6413,2822),(6927,6926,2822),(6944,6943,2822),(6947,6946,2822),(7032,7031,2822),(7297,7296,2822),(7298,7296,2824),(7436,7435,2822),(7773,7772,2822),(7825,7824,2822),(8049,8048,2822),(8124,8123,2822),(8374,8373,2822),(8977,8976,2822),(10112,10111,2822),(10308,10307,2822),(10679,10678,2822),(10965,10964,2822),(11084,11083,2822),(11276,11275,2822),(11357,11356,2822),(11549,11548,2822),(11587,11586,2822),(11653,11652,2822),(11669,11668,2822),(12380,12379,2822),(12385,12384,2822),(12545,12544,2822),(12565,12564,2822),(12886,12885,2822),(12890,12889,2822),(13270,13269,2822),(13917,13269,2823),(13916,13269,2824),(13304,13303,2822),(13385,13384,2822),(13409,13408,2822),(13417,13416,2822),(13425,13424,2822),(13434,13433,2822),(14092,14091,2822),(14230,14229,2822),(14234,14233,2822),(14310,14309,2822),(14312,14311,2822),(14337,14336,2822),(15080,15079,2822),(15152,15151,2822),(15196,15195,2822),(15419,15418,2822),(15483,15482,2822),(15744,15743,2822),(15755,15754,2822),(16459,16458,2822),(16643,16642,2822),(17172,17171,2822),(17231,17230,2822),(17640,17639,2822),(17713,17712,2822),(17928,17927,2822),(26296,17927,2824),(19406,19405,2822),(19679,19678,2822),(19948,19947,2822),(20371,20370,2822),(20704,20703,2822),(20814,20813,2822),(21322,21321,2822),(21462,21461,2822),(22319,22318,2822),(22642,22641,2822),(24790,24789,2822),(24902,24901,2822),(24911,24910,2822),(24921,24920,2822),(25049,25048,2822),(25910,25909,2822),(26162,26161,2822),(26182,26181,2822),(26968,26967,2822),(26986,26985,2822),(27005,27004,2822),(27064,27063,2822),(27106,27105,2822),(27979,27978,2822),(28095,28094,2822),(28536,28535,2822),(28855,28854,2822),(29005,29004,2822),(29313,29312,2822),(29389,29388,2822),(29399,29398,2822),(29683,29682,2822),(29714,29713,2822),(29929,29928,2822),(29934,29933,2822),(29942,29941,2822),(29947,29946,2822),(29956,29955,2822),(29965,29964,2822),(29971,29970,2822),(29980,29979,2822),(29992,29991,2822),(29994,29993,2822),(29996,29995,2822),(29998,29997,2822),(30000,29999,2822),(30002,30001,2822),(30009,30008,2822),(30011,30010,2822),(30026,30025,2822),(30028,30027,2822),(30031,30030,2822),(30034,30033,2822),(30036,30035,2822),(30041,30040,2822),(30047,30046,2822),(30054,30053,2822),(30056,30055,2822),(30058,30057,2822),(30060,30059,2822),(30072,30071,2822),(30089,30088,2822),(30091,30090,2822),(30093,30092,2822),(30095,30094,2822),(30103,30102,2822),(30105,30104,2822),(30248,30247,2822),(31068,31067,2822),(31230,31229,2822),(31310,31309,2822),(31920,31919,2822),(32536,32535,2822),(32565,32564,2822),(32577,32576,2822),(33460,33459,2822),(34016,34015,2822),(34207,34206,2822);

/*!40101 SET SQL_MODE=@OLD_SQL_MODE */;
/*!40014 SET FOREIGN_KEY_CHECKS=@OLD_FOREIGN_KEY_CHECKS */;
