/*
SQLyog Enterprise - MySQL GUI v6.1
MySQL - 5.0.45-community-nt-log : Database - bioportal
*********************************************************************
*/

/*!40101 SET NAMES utf8 */;

/*!40101 SET SQL_MODE=''*/;

create database if not exists `bioportal`;

USE `bioportal`;

/*!40014 SET @OLD_FOREIGN_KEY_CHECKS=@@FOREIGN_KEY_CHECKS, FOREIGN_KEY_CHECKS=0 */;
/*!40101 SET @OLD_SQL_MODE=@@SQL_MODE, SQL_MODE='NO_AUTO_VALUE_ON_ZERO' */;

/*Data for the table `ncbo_admin_application` */

insert  into `ncbo_admin_application`(`id`,`application_id`,`application_name`,`application_description`) values (1,'4ea81d74-8960-4525-810b-fa1baab576ff','NcboBioPortal','NCBO Ruby on Rails based BioPortal GUI implementation');

/*Data for the table `ncbo_app_text` */

/*Data for the table `ncbo_app_text_revision` */

/*Data for the table `ncbo_l_additional_metadata` */

/*Data for the table `ncbo_l_app_text_datatype` */

insert  into `ncbo_l_app_text_datatype`(`datatype_code`,`datatype`) values ('DAT','Date'),('LTX','Long Text'),('NUM','Numeric'),('RTX','Rich Text'),('TXT','Short Text (one line)');

/*Data for the table `ncbo_l_category` */

insert  into `ncbo_l_category`(`id`,`name`,`parent_category_id`) values (2801,'Other',NULL),(2802,'Chemical',NULL),(2803,'Development',NULL),(2804,'Ethology',NULL),(2805,'Experimental Conditions',NULL),(2806,'Genomic and Proteomic',NULL),(2807,'Phenotype',NULL),(2808,'Taxonomic Classification',NULL),(2809,'Vocabularies',NULL),(2810,'Anatomy',NULL),(2811,'Gross Anatomy',2810),(2812,'Animal Gross Anatomy',2811),(2813,'Fish Anatomy',2812),(2814,'Human Developmental Anatomy',2812),(2815,'Microbial Anatomy',2811),(2816,'Plant Anatomy',2811),(2817,'Mouse Anatomy',2812),(2818,'Animal Development',2803),(2819,'Plant Development',2803),(2820,'Gene Product',2806),(2821,'Protein',2820),(5057,'Imaging',NULL);

/*Data for the table `ncbo_l_role` */

insert  into `ncbo_l_role`(`id`,`name`,`description`) values (2822,'ROLE_DEVELOPER','Can develop ontologies'),(2823,'ROLE_LIBRARIAN','Can validate Ontologies'),(2824,'ROLE_ADMINISTRATOR','Has administration priveleges');

/*Data for the table `ncbo_l_status` */

insert  into `ncbo_l_status`(`id`,`status`,`description`) values (1,'Waiting','The action has not been taken'),(2,'Parsing','The action is in progress'),(3,'Ready','The action has completed successfully'),(4,'Error','The action has encountered an error while executing');

/*Data for the table `ncbo_ontology_additional_metadata` */

/*Data for the table `ncbo_ontology_category` */

insert  into `ncbo_ontology_category`(`id`,`ontology_version_id`,`category_id`) values (5746,2854,2817),(5672,2861,2816),(5644,2868,2810),(5767,2882,2807),(5805,2890,2806),(5788,2899,2810),(5666,2908,2810),(5679,2916,2802),(5838,2927,2815),(5724,2935,2807),(5749,2944,2817),(5690,2952,2806),(5693,2961,2810),(5695,2970,2807),(5769,2991,2802),(5687,2996,2810),(5684,3004,2818),(5698,3011,2809),(4974,3020,2801),(5707,3026,2815),(5715,3036,2801),(5718,3041,2814),(5721,3049,2814),(5654,3057,2805),(5727,3066,2804),(3077,3074,2807),(5755,3083,2806),(5734,3093,2813),(5737,3110,2805),(5740,3116,2806),(15644,3125,2810),(5752,3134,2807),(13587,3145,2809),(5758,3155,2801),(6475,3164,2805),(5791,3171,2806),(5808,3180,2807),(5675,3186,2807),(5811,3198,2819),(12846,3205,2806),(3218,3215,2821),(5817,3222,2821),(5761,3231,2810),(5771,3238,2802),(5825,3247,2805),(6765,3254,2806),(5831,3263,2802),(5669,3269,2819),(5662,3278,2812),(5663,3278,2818),(15785,3285,2818),(15786,3285,2819),(5729,3294,2816),(5833,3303,2813),(11649,3905,2806),(11650,3905,2821),(5701,4513,2810),(5798,4519,2801),(5710,4525,2801),(5823,4537,5057),(11236,4877,2806),(14183,4949,2801),(14181,4949,2808),(14182,4949,2809),(14180,4949,2810),(5860,5249,2809),(8125,8056,2805),(14237,8102,2802),(14238,8102,2806),(14239,8102,2807),(12912,12909,2821),(13309,13305,2810),(13413,13410,2801),(13422,13418,2807),(13429,13426,2801),(13439,13435,2810),(14395,14391,2810),(15511,15507,2813),(15686,15682,2810),(15798,15794,2813),(15809,15805,2810),(15820,15816,2811);

/*Data for the table `ncbo_ontology_file` */

insert  into `ncbo_ontology_file`(`id`,`ontology_version_id`,`filename`) values (2855,2854,'adult_mouse_anatomy.obo'),(2862,2861,'po_anatomy.obo'),(2883,2882,'quality.obo'),(2891,2890,'gene_ontology.obo'),(2900,2899,'BrendaTissue.obo'),(2909,2908,'cell.obo'),(2917,2916,'chebi.obo'),(2928,2927,'dictyostelium_anatomy.obo'),(2936,2935,'human_disease.obo'),(2945,2944,'EMAP.obo'),(2953,2952,'event.obo'),(2962,2961,'evidence_code.obo'),(2973,2970,'anatomicalsystem.obo'),(2974,2970,'associatedwith.obo'),(2975,2970,'celltype.obo'),(2976,2970,'developmentstage.obo'),(2971,2970,'evoc.obo.tar'),(2977,2970,'experimentaltechnique.obo'),(2978,2970,'microarrayplatform.obo'),(2979,2970,'pathology.obo'),(2980,2970,'pooling.obo'),(2981,2970,'tissuepreparation.obo'),(2982,2970,'treatment.obo'),(2992,2991,'fix.obo'),(2997,2996,'fly_anatomy.obo'),(3005,3004,'fly_development.obo'),(3012,3011,'flybase_controlled_vocabulary.obo'),(3027,3026,'fungal_anatomy.obo'),(3042,3041,'human-dev-anat-abstract.obo'),(3050,3049,'human-dev-anat-staged.obo'),(3058,3057,'image.obo'),(3075,3074,'mammalian_phenotype.obo'),(3084,3083,'mao.obo'),(3094,3093,'medaka_ontology.obo'),(3117,3116,'molecule_role.obo'),(3126,3125,'mosquito_anatomy.obo'),(3135,3134,'mouse_pathology.obo'),(3481,3145,'Thesaurus.owl'),(3172,3171,'pathway.obo'),(3181,3180,'environment_ontology.obo'),(3187,3186,'plant_trait.obo'),(3199,3198,'po_temporal.obo'),(3206,3205,'ProPreO.owl'),(3216,3215,'psi-mi.obo'),(3223,3222,'psi-mod.obo'),(3232,3231,'relationship.obo'),(3239,3238,'rex.obo'),(3255,3254,'so.obo'),(3270,3269,'cereals_development.obo'),(3286,3285,'worm_development.obo'),(3295,3294,'zea_mays_anatomy.obo'),(3304,3303,'zebrafish_anatomy.obo'),(3577,3576,'gene_ontology.obo'),(3580,3579,'BrendaTissue.obo'),(3583,3582,'mammalian_phenotype.obo'),(3587,3586,'psi-mi.obo'),(3590,3589,'psi-mod.obo'),(3594,3593,'so.obo'),(3906,3905,'po.owl'),(4514,4513,'FMA.pprj'),(4520,4519,'amino-acid.owl'),(4526,4525,'galen.owl'),(4539,4537,'radlex.pprj'),(4540,4537,'radlex.xml'),(4538,4537,'radlex_frames.zip'),(4546,4545,'quality.obo'),(4549,4548,'gene_ontology.obo'),(4552,4551,'BrendaTissue.obo'),(4555,4554,'chebi.obo'),(4559,4558,'dictyostelium_anatomy.obo'),(4562,4561,'flybase_controlled_vocabulary.obo'),(4565,4564,'mammalian_phenotype.obo'),(4569,4568,'pathway.obo'),(4572,4571,'psi-mi.obo'),(4575,4574,'psi-mod.obo'),(4579,4578,'rex.obo'),(4582,4581,'so.obo'),(4585,4584,'zebrafish_anatomy.obo'),(4878,4877,'snpontology_full.owl'),(4887,4886,'Thesaurus.owl'),(4950,4949,'problem-oriented-medical-record.owl'),(5268,5249,'icd9.zip'),(5959,5958,'adult_mouse_anatomy.obo'),(5962,5961,'po_anatomy.obo'),(5965,5964,'quality.obo'),(5968,5967,'gene_ontology.obo'),(5972,5971,'BrendaTissue.obo'),(5975,5974,'flybase_controlled_vocabulary.obo'),(5979,5978,'mammalian_phenotype.obo'),(6677,6676,'snpontology_full.owl'),(6724,6723,'snpontology_full.owl'),(8058,8056,'AssayOntology.owl'),(8059,8056,'AssayOntology.owl.forms'),(8060,8056,'AssayOntology.pprj'),(8061,8056,'AssayOntology.repository'),(8062,8056,'ClinicalTrialOntology.owl'),(8063,8056,'ClinicalTrialOntology.owl.forms'),(8064,8056,'ClinicalTrialOntology.pprj'),(8065,8056,'ClinicalTrialOntology.repository'),(8066,8056,'ConstraintExpressionOntology.owl'),(8067,8056,'ConstraintExpressionOntology.owl.forms'),(8068,8056,'ConstraintExpressionOntology.pprj'),(8069,8056,'ConstraintExpressionOntology.repository'),(8057,8056,'Epoch.zip'),(8070,8056,'LabwareOntology.owl'),(8071,8056,'LabwareOntology.owl.forms'),(8072,8056,'LabwareOntology.pprj'),(8073,8056,'LabwareOntology.repository'),(8074,8056,'MeasurementOntology.owl'),(8075,8056,'MeasurementOntology.owl.forms'),(8076,8056,'MeasurementOntology.pprj'),(8077,8056,'MeasurementOntology.repository'),(8078,8056,'OrganizationOntology.owl'),(8079,8056,'OrganizationOntology.owl.forms'),(8080,8056,'OrganizationOntology.pprj'),(8081,8056,'OrganizationOntology.repository'),(8082,8056,'ProtocolOntology.owl'),(8083,8056,'ProtocolOntology.owl.forms'),(8084,8056,'ProtocolOntology.pprj'),(8085,8056,'ProtocolOntology.repository'),(8103,8102,'sopharm.owl'),(12548,12547,'snpontology_full.owl'),(12849,12848,'ProPreO.owl'),(13210,13209,'sopharm.owl'),(13288,13287,'adult_mouse_anatomy.obo'),(13291,13290,'po_anatomy.obo'),(13294,13293,'quality.obo'),(13297,13296,'gene_ontology.obo'),(13301,13300,'BrendaTissue.obo'),(13306,13305,'caro.obo'),(13313,13312,'cell.obo'),(13316,13315,'chebi.obo'),(13321,13320,'dictyostelium_anatomy.obo'),(13324,13323,'EMAP.obo'),(13328,13327,'event.obo'),(13331,13330,'evidence_code.obo'),(13335,13334,'fly_anatomy.obo'),(13339,13338,'fly_development.obo'),(13343,13342,'fly_taxonomy.obo'),(13349,13348,'flybase_controlled_vocabulary.obo'),(13353,13352,'human-dev-anat-abstract.obo'),(13357,13356,'human-dev-anat-staged.obo'),(13362,13361,'mammalian_phenotype.obo'),(13365,13364,'molecule_role.obo'),(13370,13369,'pathway.obo'),(13375,13374,'plant_trait.obo'),(13380,13379,'po_temporal.obo'),(13387,13386,'ProPreO.owl'),(13390,13389,'psi-mi.obo'),(13395,13394,'psi-mod.obo'),(13398,13397,'rex.obo'),(13401,13400,'so.obo'),(13405,13404,'cereals_development.obo'),(13419,13418,'unit.obo'),(13436,13435,'xenopus_anatomy.obo'),(13579,13578,'Thesaurus.owl'),(14017,14016,'gene_ontology.obo'),(14022,14021,'mammalian_phenotype.obo'),(14027,14026,'pathway.obo'),(14032,14031,'psi-mi.obo'),(14036,14035,'so.obo'),(14039,14038,'xenopus_anatomy.obo'),(14175,14174,'problem-oriented-medical-record.owl'),(14392,14391,'SAO.owl'),(15456,15455,'adult_mouse_anatomy.obo'),(15459,15458,'quality.obo'),(15462,15461,'BrendaTissue.obo'),(15465,15464,'chebi.obo'),(15470,15469,'dictyostelium_anatomy.obo'),(15475,15474,'envo.obo'),(15483,15482,'evidence_code.obo'),(15487,15486,'mammalian_phenotype.obo'),(15491,15490,'mosquito_anatomy.obo'),(15496,15495,'pathway.obo'),(15502,15501,'psi-mi.obo'),(15505,15504,'so.obo'),(15508,15507,'teleost_anatomy.obo'),(15515,15514,'zebrafish_anatomy.obo'),(15577,15576,'mammalian_phenotype.obo'),(15584,15583,'psi-mi.obo'),(15587,15586,'so.obo'),(15614,15613,'mosquito_anatomy.obo'),(15624,15623,'mosquito_anatomy.obo'),(15631,15630,'psi-mi.obo'),(15660,15659,'mosquito_anatomy.obo'),(15667,15666,'psi-mi.obo'),(15683,15682,'basic-vertebrate-gross-anatomy.owl'),(15699,15698,'mammalian_phenotype.obo'),(15706,15705,'psi-mi.obo'),(15709,15708,'so.obo'),(15733,15732,'psi-mi.obo'),(15747,15746,'psi-mi.obo'),(15756,15755,'event.obo'),(15760,15759,'molecule_role.obo'),(15767,15766,'psi-mi.obo'),(15795,15794,'OMV_v2.3.owl'),(15806,15805,'galen.owl'),(15817,15816,'fmaOwlDlComponent_2_0.owl');

/*Data for the table `ncbo_ontology_load_queue` */

/*Data for the table `ncbo_ontology_metadata` */

insert  into `ncbo_ontology_metadata`(`id`,`ontology_version_id`,`display_label`,`format`,`contact_name`,`contact_email`,`homepage`,`documentation`,`publication`,`urn`,`is_foundry`) values (1,2854,'Mouse adult gross anatomy','OBO','Anatomy at JAX','anatomy@informatics.jax.org','http://www.informatics.jax.org/searches/AMA_form.shtml',NULL,NULL,'urn:lsid:bioontology.org:adult_mouse_anatomy.gxd|UNASSIGNED',0),(2,2861,'Cereal plant gross anatomy','OBO','Gramene curators','gramene@gramene.org','http://www.gramene.org/plant_ontology/','http://www.gramene.org/plant_ontology/index.html#po',NULL,'urn:lsid:bioontology.org:plant_structure|$Revision: 1.50 $',0),(3,2868,'Animal natural history and life history','PROTEGE','Animal Diversity Web technical staff','adw_geeks@umich.edu','http://www.animaldiversity.org','http://animaldiversity.ummz.umich.edu/site/about/technology/index.html',NULL,NULL,0),(4,2882,'PATO','OBO','OBO phenotype group','obo-phenotype@lists.sourceforge.net','http://www.bioontology.org/wiki/index.php/PATO:Main_Page',NULL,NULL,'urn:lsid:bioontology.org:quality|UNASSIGNED',1),(5,2890,'Gene Ontology','OBO','Gene Ontology','go@geneontology.org','http://www.geneontology.org','http://www.geneontology.org/GO.doc.shtml',NULL,'urn:lsid:bioontology.org:gene_ontology|UNASSIGNED',1),(6,2899,'BRENDA tissue / enzyme source','OBO','BRENDA tissue ontology curators','marion.gremse@uni-koeln.de','http://www.brenda.uni-koeln.de','http://www.brenda.uni-koeln.de',NULL,'urn:lsid:bioontology.org:BrendaTissue510|UNASSIGNED',0),(7,2908,'Cell type','OBO','Oliver Hofmann','oliver@sanbi.ac.za','http://lists.sourceforge.net/lists/listinfo/obo-cell-type',NULL,NULL,'urn:lsid:bioontology.org:cell|UNASSIGNED',1),(8,2916,'Chemical entities of biological interest','OBO','ChEBI help','chebi-help@ebi.ac.uk','http://www.ebi.ac.uk/chebi','http://www.ebi.ac.uk/chebi/init.do?toolBarForward=userManual',NULL,'urn:lsid:bioontology.org:chebi_ontology|UNASSIGNED',1),(9,2927,'Dictyostelium discoideum anatomy','OBO','Rex Chisholm','r-chisholm@northwestern.edu','http://dictybase.org/',NULL,NULL,'urn:lsid:bioontology.org:Dictyostelium_discoideum_anatomy|UNASSIGNED',0),(10,2935,'Human disease','OBO','discussion list','diseaseontology-discussion@lists.sourceforge.net','http://diseaseontology.sourceforge.net/','http://diseaseontology.sourceforge.net/',NULL,'urn:lsid:bioontology.org:mixed_disease_ontology|UNASSIGNED',0),(11,2944,'Mouse gross anatomy and development','OBO','Jonathan Bard','J.Bard@ed.ac.uk','http://genex.hgu.mrc.ac.uk/',NULL,NULL,'urn:lsid:bioontology.org:mouse_anatomy_stages|UNASSIGNED',0),(12,2952,'Event (INOH pathway ontology)','OBO','INOH curators','curator@inoh.org','http://www.inoh.org','http://www.inoh.org/info/ontologies/',NULL,NULL,0),(13,2961,'Evidence codes','OBO','Michael Ashburner','ma11@gen.cam.ac.uk',NULL,NULL,NULL,'urn:lsid:bioontology.org:evidence_code2.obo|UNASSIGNED',0),(14,2970,'eVOC (Expressed Sequence Annotation for Humans)','OBO','eVOC mailing list','evoc@sanbi.ac.za','http://www.evocontology.org/',NULL,NULL,NULL,0),(15,2991,'Physico-chemical methods and properties','OBO','Kirill Degtyarenko','kirill@ebi.ac.uk',NULL,NULL,NULL,'urn:lsid:bioontology.org:fix.ontology|UNASSIGNED',0),(16,2996,'Drosophila gross anatomy','OBO','Michael Ashburner','ma11@gen.cam.ac.uk','http://www.flybase.org/',NULL,NULL,'urn:lsid:bioontology.org:fly_anatomy.ontology|UNASSIGNED',0),(17,3004,'Drosophila development','OBO','Michael Ashburner','ma11@gen.cam.ac.uk','http://www.flybase.org/',NULL,NULL,'urn:lsid:bioontology.org:fly_development.ontology|UNASSIGNED',0),(18,3011,'FlyBase Controlled Vocabulary','OBO','Michael Ashburner','ma11@gen.cam.ac.uk','http://www.flybase.org/','http://flybase.bio.indiana.edu/.data/docs/refman/refman-G.html#G.2',NULL,'urn:lsid:bioontology.org:FlyBase miscellaneous CV|UNASSIGNED',0),(19,3020,'Foundational Model of Anatomy (\"Lite\" version)','OBO','OBO Anatomy','obo-anatomy@lists.sourceforge.net','http://sig.biostr.washington.edu/projects/fm/index.html',NULL,NULL,NULL,1),(20,3026,'Fungal gross anatomy','OBO','Maria Costanzo','maria@genome.stanford.edu','http://www.yeastgenome.org/fungi/fungal_anatomy_ontology/','http://www.yeastgenome.org/fungi/fungal_anatomy_ontology/#description',NULL,'urn:lsid:bioontology.org:fungal_anatomy|UNASSIGNED',0),(21,3036,'Habronattus courtship','PROTEGE','Peter Midford','peteremidford@yahoo.com','http://www.mesquiteproject.org/ontology/Habronattus/index.html','http://www.mesquiteproject.org/ontology/',NULL,NULL,0),(22,3041,'Human developmental anatomy, abstract version','OBO','Jonathan Bard','J.Bard@ed.ac.uk','http://genex.hgu.mrc.ac.uk/',NULL,NULL,'urn:lsid:bioontology.org:human-dev-anat-abstract|UNASSIGNED',0),(23,3049,'Human developmental anatomy, timed version','OBO','Jonathan Bard','J.Bard@ed.ac.uk','http://genex.hgu.mrc.ac.uk/',NULL,NULL,'urn:lsid:bioontology.org:human-dev-anat-staged|UNASSIGNED',0),(24,3057,'Biological imaging methods','OBO','Kathy Matthews','matthewk@indiana.edu','http://www.flybase.org/',NULL,NULL,'urn:lsid:bioontology.org:image|UNASSIGNED',0),(25,3066,'Loggerhead nesting','OBO','Peter Midford','peteremidford@yahoo.com','http://www.mesquiteproject.org/ontology/Loggerhead/index.html','http://www.mesquiteproject.org/ontology/',NULL,NULL,0),(26,3074,'Mammalian phenotype','OBO','JAX phenotype list','pheno@informatics.jax.org','http://www.informatics.jax.org/searches/MP_form.shtml',NULL,NULL,'urn:lsid:bioontology.org:MPheno.ontology|UNASSIGNED',0),(27,3083,'Multiple alignment','OBO','Julie Thompson','julie.thompson@igbmc.u-strasbg.fr','http://www-igbmc.u-strasbg.fr/BioInfo/MAO/mao.html',NULL,NULL,'urn:lsid:bioontology.org:ro.obo|UNASSIGNED',0),(28,3093,'Medaka fish anatomy and development','OBO','Thorsten Henrich','Thorsten.Henrich@embl-heidelberg.de',NULL,NULL,NULL,'urn:lsid:bioontology.org:medaka_ontology|UNASSIGNED',0),(29,3110,'Microarray experimental conditions','OWL-FULL','MGED','mged-ontologies@lists.sourceforge.net','http://mged.sourceforge.net/ontologies/MGEDontology.php','http://mged.sourceforge.net/software/downloads.php',NULL,NULL,0),(30,3116,'Molecule role (INOH Protein name/family name ontology)','OBO','INOH curators','curator@inoh.org','http://www.inoh.org','http://www.inoh.org/info/ontologies/',NULL,'urn:lsid:bioontology.org:molecule_role|UNASSIGNED',0),(31,3125,'Mosquito gross anatomy','OBO','C. Louis','louis@imbb.forth.gr','http://www.anobase.org',NULL,NULL,'urn:lsid:bioontology.org:default_namespace|UNASSIGNED',0),(32,3134,'Mouse pathology','OBO','Paul Schofield','PS@mole.bio.cam.ac.uk','http://www.pathbase.net',NULL,NULL,'urn:lsid:bioontology.org:mouse_pathology.ontology|UNASSIGNED',0),(33,3145,'NCI Thesaurus','OWL-FULL','NCICB Support','ncicb@pop.nci.nih.gov','http://ncicb.nci.nih.gov/core/EVS','http://nciterms.nci.nih.gov/NCIBrowser/Dictionary.do',NULL,'urn:oid:2.16.840.1.113883.3.26.1.1|07.06d',0),(34,3155,'NMR-instrument specific component of metabolomics investigations','OWL-FULL','Daniel Schober via MSI OWG mailing list','msi-workgroups-ontology@lists.sourceforge.net','http://msi-ontology.sourceforge.net/','http://msi-ontology.sourceforge.net/ontology/NMR.owlDocument.doc',NULL,NULL,0),(35,3164,'Ontology for Biomedical Investigations','OWL-DL','OBI Development mailing list','obi-devel@lists.sourceforge.net','http://obi.sourceforge.net/index.php','http://obi.sourceforge.net/ontologyInformation/',NULL,NULL,1),(36,3171,'Pathway ontology','OBO','Victoria Petri','vpetri@mcw.edu','http://rgd.mcw.edu/tools/ontology/ont_search.cgi','ftp://rgd.mcw.edu/pub/data_release/PW_Introduction.doc',NULL,'urn:lsid:bioontology.org:pathway|UNASSIGNED',0),(37,3180,'Plant environmental conditions','OBO','Pankaj Jaiswal','pj37@cornell.edu','http://www.gramene.org','http://www.gramene.org/plant_ontology/index.html#eo',NULL,'urn:lsid:bioontology.org:environment_ontology|UNASSIGNED',0),(38,3186,'Cereal plant trait','OBO','Gramene curators','gramene@gramene.org','http://www.gramene.org/plant_ontology/','http://www.gramene.org/plant_ontology/index.html#to',NULL,'urn:lsid:bioontology.org:plant_trait_ontology|$Revision: 1.46 $',0),(39,3198,'Plant growth and developmental stage','OBO','Plant Ontology Consortium developers','po-dev@plantontology.org','http://www.plantontology.org','http://www.plantontology.org/docs/docs.html',NULL,'urn:lsid:bioontology.org:plant_ontology|$Revision: 1.32 $',0),(40,3205,'Proteomics data and process provenance','OWL-FULL','Satya S. Sahoo','satya30@uga.edu','http://lsdis.cs.uga.edu/projects/glycomics/propreo/','http://lsdis.cs.uga.edu/projects/glycomics/propreo/',NULL,'http://lsdis.cs.uga.edu/projects/glycomics/propreo#|??',0),(41,3215,'Protein-protein interaction','OBO','Henning Hermjakob','Henning.Hermjakob@ebi.ac.uk','http://psidev.sf.net','http://psidev.sourceforge.net/mi/xml/doc/user/index.html',NULL,'urn:lsid:bioontology.org:PSI-MI|UNASSIGNED',0),(42,3222,'Protein modification','OBO','Luisa Montecchi','luisa@ebi.ac.uk','http://psidev.sourceforge.net/mod/','http://psidev.sourceforge.net/mod/',NULL,'urn:lsid:bioontology.org:PSI-MOD|UNASSIGNED',0),(43,3231,'OBO relationship types','OBO','Chris Mungall','cjm@fruitfly.org','http://obo.sourceforge.net/relationship',NULL,NULL,'urn:lsid:bioontology.org:relationship|UNASSIGNED',1),(44,3238,'Physico-chemical process','OBO','Kirill Degtyarenko','kirill@ebi.ac.uk','http://www.ebi.ac.uk/~kirill/REX/',NULL,NULL,'urn:lsid:bioontology.org:rex.obo|UNASSIGNED',0),(45,3247,'Sample processing and separation techniques','OBO','Frank Gibson (PSI)','psidev-gps-dev@lists.sourceforge.net','http://psidev.sourceforge.net/gps/CV/','http://psidev.sourceforge.net/gps/CV/docs.html',NULL,NULL,0),(46,3254,'Sequence Ontology','OBO','SONG developers','song-devel@lists.sourceforge.net','http://song.sourceforge.net/',NULL,NULL,'urn:lsid:bioontology.org:BS|UNASSIGNED',1),(47,3263,'Systems Biology','OBO','Nicolas Le Nov&egrave;re','lenov@ebi.ac.uk','http://www.ebi.ac.uk/sbo/',NULL,NULL,NULL,0),(48,3269,'Cereal plant development','OBO','Gramene curators','gramene@gramene.org','http://www.gramene.org/plant_ontology/','http://www.gramene.org/plant_ontology/index.html#po',NULL,'urn:lsid:bioontology.org:cereal_plant_growth_stage|$Revision: 1.6 $',0),(49,3278,'C. elegans gross anatomy','OBO','Raymond Lee','raymond@caltech.edu','http://www.wormbase.org/',NULL,NULL,NULL,0),(50,3285,'C. elegans development','OBO','Wen J. Chen','wchen@its.caltech.edu','http://www.wormbase.org/',NULL,NULL,'urn:lsid:bioontology.org:worm_development|UNASSIGNED',0),(51,3294,'Maize gross anatomy','OBO','Leszek Vincent','Leszek@missouri.edu','http://www.maizemap.org/',NULL,NULL,'urn:lsid:bioontology.org:zea_mays_anatomy|UNASSIGNED',0),(52,3303,'Zebrafish anatomy and development','OBO','ZFIN administrators','zfinadmin@zfin.org','http://zfin.org/zf_info/anatomy/dict/sum.html',NULL,NULL,'urn:lsid:bioontology.org:zebrafish_anatomical_ontology|UNASSIGNED',0),(53,3576,'Gene Ontology','OBO','Gene Ontology','go@geneontology.org','http://www.geneontology.org','http://www.geneontology.org/GO.doc.shtml',NULL,'urn:lsid:bioontology.org:gene_ontology|UNASSIGNED',1),(54,3579,'BRENDA tissue / enzyme source','OBO','BRENDA tissue ontology curators','marion.gremse@uni-koeln.de','http://www.brenda.uni-koeln.de','http://www.brenda.uni-koeln.de',NULL,'urn:lsid:bioontology.org:BrendaTissue510|UNASSIGNED',0),(55,3582,'Mammalian phenotype','OBO','JAX phenotype list','pheno@informatics.jax.org','http://www.informatics.jax.org/searches/MP_form.shtml',NULL,NULL,'urn:lsid:bioontology.org:MPheno.ontology|UNASSIGNED',0),(56,3586,'Protein-protein interaction','OBO','Henning Hermjakob','Henning.Hermjakob@ebi.ac.uk','http://psidev.sf.net','http://psidev.sourceforge.net/mi/xml/doc/user/index.html',NULL,'urn:lsid:bioontology.org:PSI-MI|UNASSIGNED',0),(57,3589,'Protein modification','OBO','Luisa Montecchi','luisa@ebi.ac.uk','http://psidev.sourceforge.net/mod/','http://psidev.sourceforge.net/mod/',NULL,'urn:lsid:bioontology.org:PSI-MOD|UNASSIGNED',0),(58,3593,'Sequence Ontology','OBO','SONG developers','song-devel@lists.sourceforge.net','http://song.sourceforge.net/',NULL,NULL,'urn:lsid:bioontology.org:BS|UNASSIGNED',1),(59,3905,'Protein Ontology','OWL-FULL','Amandeep S. Sidhu','asidhu@biomap.org','http://www.proteinontology.info/','http://proteinontology.info/documentation.htm','http://amandeep.org/bibliography.htm',NULL,0),(60,4513,'FMA','PROTEGE',NULL,NULL,NULL,NULL,NULL,'urn:iso:2.16.84.01.113883.6.119|1.1.0',0),(61,4519,'Amino Acid','OWL-FULL',NULL,NULL,NULL,NULL,NULL,'http://www.co-ode.org/ontologies/amino-acid/2006/05/18/amino-acid.owl#|version 1.2, copyright The University of Mancheste',0),(62,4525,'Galen','OWL-FULL',NULL,NULL,NULL,NULL,NULL,'http://example.org/factkb#|??',0),(63,4537,'RadLex','PROTEGE',NULL,NULL,NULL,NULL,NULL,'urn:iso:2.16.84.01.113883.6.150|1.0',0),(64,4545,'PATO','OBO','OBO phenotype group','obo-phenotype@lists.sourceforge.net','http://www.bioontology.org/wiki/index.php/PATO:Main_Page',NULL,NULL,'urn:lsid:bioontology.org:quality|UNASSIGNED',1),(65,4548,'Gene Ontology','OBO','Gene Ontology','go@geneontology.org','http://www.geneontology.org','http://www.geneontology.org/GO.doc.shtml',NULL,'urn:lsid:bioontology.org:gene_ontology|UNASSIGNED',1),(66,4551,'BRENDA tissue / enzyme source','OBO','BRENDA tissue ontology curators','marion.gremse@uni-koeln.de','http://www.brenda.uni-koeln.de','http://www.brenda.uni-koeln.de',NULL,'urn:lsid:bioontology.org:BrendaTissue510|UNASSIGNED',0),(67,4554,'Chemical entities of biological interest','OBO','ChEBI help','chebi-help@ebi.ac.uk','http://www.ebi.ac.uk/chebi','http://www.ebi.ac.uk/chebi/init.do?toolBarForward=userManual',NULL,'urn:lsid:bioontology.org:chebi_ontology|UNASSIGNED',1),(68,4558,'Dictyostelium discoideum anatomy','OBO','Rex Chisholm','r-chisholm@northwestern.edu','http://dictybase.org/',NULL,NULL,'urn:lsid:bioontology.org:Dictyostelium_discoideum_anatomy|UNASSIGNED',0),(69,4561,'FlyBase Controlled Vocabulary','OBO','Michael Ashburner','ma11@gen.cam.ac.uk','http://www.flybase.org/','http://flybase.bio.indiana.edu/.data/docs/refman/refman-G.html#G.2',NULL,'urn:lsid:bioontology.org:FlyBase miscellaneous CV|UNASSIGNED',0),(70,4564,'Mammalian phenotype','OBO','JAX phenotype list','pheno@informatics.jax.org','http://www.informatics.jax.org/searches/MP_form.shtml',NULL,NULL,'urn:lsid:bioontology.org:MPheno.ontology|UNASSIGNED',0),(71,4568,'Pathway ontology','OBO','Victoria Petri','vpetri@mcw.edu','http://rgd.mcw.edu/tools/ontology/ont_search.cgi','ftp://rgd.mcw.edu/pub/data_release/PW_Introduction.doc',NULL,'urn:lsid:bioontology.org:pathway|UNASSIGNED',0),(72,4571,'Protein-protein interaction','OBO','Henning Hermjakob','Henning.Hermjakob@ebi.ac.uk','http://psidev.sf.net','http://psidev.sourceforge.net/mi/xml/doc/user/index.html',NULL,'urn:lsid:bioontology.org:PSI-MI|UNASSIGNED',0),(73,4574,'Protein modification','OBO','Luisa Montecchi','luisa@ebi.ac.uk','http://psidev.sourceforge.net/mod/','http://psidev.sourceforge.net/mod/',NULL,'urn:lsid:bioontology.org:PSI-MOD|UNASSIGNED',0),(74,4578,'Physico-chemical process','OBO','Kirill Degtyarenko','kirill@ebi.ac.uk','http://www.ebi.ac.uk/~kirill/REX/',NULL,NULL,'urn:lsid:bioontology.org:rex.obo|UNASSIGNED',0),(75,4581,'Sequence Ontology','OBO','SONG developers','song-devel@lists.sourceforge.net','http://song.sourceforge.net/',NULL,NULL,'urn:lsid:bioontology.org:BS|UNASSIGNED',1),(76,4584,'Zebrafish anatomy and development','OBO','ZFIN administrators','zfinadmin@zfin.org','http://zfin.org/zf_info/anatomy/dict/sum.html',NULL,NULL,'urn:lsid:bioontology.org:zebrafish_anatomical_ontology|UNASSIGNED',0),(77,4877,'SNP-Ontology','OWL-DL','Adrien Coulet','adrien dot coulet at loria dot fr','http://www.loria.fr/~coulet/snpontology_description.html',NULL,'http://ismb2006.cbi.cnptia.embrapa.br/poster_abstract.php?id=B-54',NULL,0),(78,4886,'NCI Thesaurus','OWL-FULL','NCICB Support','ncicb@pop.nci.nih.gov','http://ncicb.nci.nih.gov/core/EVS','http://nciterms.nci.nih.gov/NCIBrowser/Dictionary.do',NULL,'urn:oid:2.16.840.1.113883.3.26.1.1|07.06d',0),(79,4949,'Problem-Oriented Medical Record Ontology','OWL-DL','Chimezie Ogbuji','chimezie@gmail.com','http://metacognition.info','http://esw.w3.org/topic/HCLS/POMROntology','http://esw.w3.org/topic/HCLS/POMROntology',NULL,0),(80,5249,'ICD9','RRF',NULL,NULL,NULL,NULL,NULL,'urn:oid:2.16.840.1.113883.6.2|2005',0),(81,5958,'Mouse adult gross anatomy','OBO','Anatomy at JAX','anatomy@informatics.jax.org','http://www.informatics.jax.org/searches/AMA_form.shtml',NULL,NULL,'urn:lsid:bioontology.org:adult_mouse_anatomy.gxd|UNASSIGNED',0),(82,5961,'Cereal plant gross anatomy','OBO','Gramene curators','gramene@gramene.org','http://www.gramene.org/plant_ontology/','http://www.gramene.org/plant_ontology/index.html#po',NULL,'urn:lsid:bioontology.org:plant_structure|$Revision: 1.50 $',0),(83,5964,'PATO','OBO','OBO phenotype group','obo-phenotype@lists.sourceforge.net','http://www.bioontology.org/wiki/index.php/PATO:Main_Page',NULL,NULL,'urn:lsid:bioontology.org:quality|UNASSIGNED',1),(84,5967,'Gene Ontology','OBO','Gene Ontology','go@geneontology.org','http://www.geneontology.org','http://www.geneontology.org/GO.doc.shtml',NULL,'urn:lsid:bioontology.org:gene_ontology|UNASSIGNED',1),(85,5971,'BRENDA tissue / enzyme source','OBO','BRENDA tissue ontology curators','marion.gremse@uni-koeln.de','http://www.brenda.uni-koeln.de','http://www.brenda.uni-koeln.de',NULL,'urn:lsid:bioontology.org:BrendaTissue510|UNASSIGNED',0),(86,5974,'FlyBase Controlled Vocabulary','OBO','Michael Ashburner','ma11@gen.cam.ac.uk','http://www.flybase.org/','http://flybase.bio.indiana.edu/.data/docs/refman/refman-G.html#G.2',NULL,'urn:lsid:bioontology.org:FlyBase miscellaneous CV|UNASSIGNED',0),(87,5978,'Mammalian phenotype','OBO','JAX phenotype list','pheno@informatics.jax.org','http://www.informatics.jax.org/searches/MP_form.shtml',NULL,NULL,'urn:lsid:bioontology.org:MPheno.ontology|UNASSIGNED',0),(88,6676,'SNP-Ontology','OWL-DL','Adrien Coulet','adrien dot coulet at loria dot fr','http://www.loria.fr/~coulet/snpontology_description.html',NULL,'http://ismb2006.cbi.cnptia.embrapa.br/poster_abstract.php?id=B-54',NULL,0),(89,6723,'SNP-Ontology','OWL-DL','Adrien Coulet','adrien dot coulet at loria dot fr','http://www.loria.fr/~coulet/snpontology_description.html',NULL,'http://ismb2006.cbi.cnptia.embrapa.br/poster_abstract.php?id=B-54',NULL,0),(90,8056,'Epoch Clinical Trial Ontologies','OWL-FULL','Ravi Shankar, Stanford Medical Informatics','rshankar@stanford.edu',NULL,NULL,'http://smi.stanford.edu/smi-web/research/projectDetail.jsp?projectId=9',NULL,0),(91,8102,'SO-Pharm','OWL-DL','Adrien Coulet','adrien.coulet@loria.fr','http://www.loria.fr/~coulet/sopharm1.3_description.html',NULL,'http://hal.inria.fr/inria-00089824/en/',NULL,0),(92,12547,'SNP-Ontology','OWL-DL','Adrien Coulet','adrien dot coulet at loria dot fr','http://www.loria.fr/~coulet/snpontology_description.html',NULL,'http://ismb2006.cbi.cnptia.embrapa.br/poster_abstract.php?id=B-54',NULL,0),(93,12848,'Proteomics data and process provenance','OWL-FULL','Satya S. Sahoo','satya30@uga.edu','http://lsdis.cs.uga.edu/projects/glycomics/propreo/','http://lsdis.cs.uga.edu/projects/glycomics/propreo/',NULL,'http://lsdis.cs.uga.edu/projects/glycomics/propreo#|??',0),(94,12909,'PRotein Ontology (PRO)','OBO','Protein Information Resource','zh9@georgetown.edu','http://pir.georgetown.edu/pro/','http://pir.georgetown.edu/pirwww/about/doc/PRObrochure.pdf','http://pir.georgetown.edu/pro/propublications.shtml',NULL,0),(95,13209,'SO-Pharm','OWL-DL','Adrien Coulet','adrien.coulet@loria.fr','http://www.loria.fr/~coulet/sopharm1.3_description.html',NULL,'http://hal.inria.fr/inria-00089824/en/',NULL,0),(96,13287,'Mouse adult gross anatomy','OBO','Anatomy at JAX','anatomy@informatics.jax.org','http://www.informatics.jax.org/searches/AMA_form.shtml',NULL,NULL,'urn:lsid:bioontology.org:adult_mouse_anatomy.gxd|UNASSIGNED',0),(97,13290,'Cereal plant gross anatomy','OBO','Gramene curators','gramene@gramene.org','http://www.gramene.org/plant_ontology/','http://www.gramene.org/plant_ontology/index.html#po',NULL,'urn:lsid:bioontology.org:plant_structure|$Revision: 1.50 $',0),(98,13293,'PATO','OBO','OBO phenotype group','obo-phenotype@lists.sourceforge.net','http://www.bioontology.org/wiki/index.php/PATO:Main_Page',NULL,NULL,'urn:lsid:bioontology.org:quality|UNASSIGNED',1),(99,13296,'Gene Ontology','OBO','Gene Ontology','go@geneontology.org','http://www.geneontology.org','http://www.geneontology.org/GO.doc.shtml',NULL,'urn:lsid:bioontology.org:gene_ontology|UNASSIGNED',1),(100,13300,'BRENDA tissue / enzyme source','OBO','BRENDA tissue ontology curators','marion.gremse@uni-koeln.de','http://www.brenda.uni-koeln.de','http://www.brenda.uni-koeln.de',NULL,'urn:lsid:bioontology.org:BrendaTissue510|UNASSIGNED',0),(101,13305,'Common Anatomy Reference Ontology','OBO','Melissa Haendel','mhaendel@uoneuro.uoregon.edu','http://www.bioontology.org/wiki/index.php/CARO:Main_Page',NULL,NULL,'urn:lsid:bioontology.org:caro|UNASSIGNED',1),(102,13312,'Cell type','OBO','Oliver Hofmann','oliver@sanbi.ac.za','http://lists.sourceforge.net/lists/listinfo/obo-cell-type',NULL,NULL,'urn:lsid:bioontology.org:cell|UNASSIGNED',1),(103,13315,'Chemical entities of biological interest','OBO','ChEBI help','chebi-help@ebi.ac.uk','http://www.ebi.ac.uk/chebi','http://www.ebi.ac.uk/chebi/init.do?toolBarForward=userManual',NULL,'urn:lsid:bioontology.org:chebi_ontology|UNASSIGNED',1),(104,13320,'Dictyostelium discoideum anatomy','OBO','Rex Chisholm','r-chisholm@northwestern.edu','http://dictybase.org/',NULL,NULL,'urn:lsid:bioontology.org:Dictyostelium_discoideum_anatomy|UNASSIGNED',0),(105,13323,'Mouse gross anatomy and development','OBO','Jonathan Bard','J.Bard@ed.ac.uk','http://genex.hgu.mrc.ac.uk/',NULL,NULL,'urn:lsid:bioontology.org:mouse_anatomy_stages|UNASSIGNED',0),(106,13327,'Event (INOH pathway ontology)','OBO','INOH curators','curator@inoh.org','http://www.inoh.org','http://www.inoh.org/info/ontologies/',NULL,NULL,0),(107,13330,'Evidence codes','OBO','Michael Ashburner','ma11@gen.cam.ac.uk',NULL,NULL,NULL,'urn:lsid:bioontology.org:evidence_code2.obo|UNASSIGNED',0),(108,13334,'Drosophila gross anatomy','OBO','Michael Ashburner','ma11@gen.cam.ac.uk','http://www.flybase.org/',NULL,NULL,'urn:lsid:bioontology.org:fly_anatomy.ontology|UNASSIGNED',0),(109,13338,'Drosophila development','OBO','Michael Ashburner','ma11@gen.cam.ac.uk','http://www.flybase.org/',NULL,NULL,'urn:lsid:bioontology.org:fly_development.ontology|UNASSIGNED',0),(110,13342,'Fly taxonomy','OBO','Michael Ashburner','ma11@gen.cam.ac.uk','http://www.flybase.org/',NULL,NULL,NULL,0),(111,13348,'FlyBase Controlled Vocabulary','OBO','Michael Ashburner','ma11@gen.cam.ac.uk','http://www.flybase.org/','http://flybase.bio.indiana.edu/.data/docs/refman/refman-G.html#G.2',NULL,'urn:lsid:bioontology.org:FlyBase miscellaneous CV|UNASSIGNED',0),(112,13352,'Human developmental anatomy, abstract version','OBO','Jonathan Bard','J.Bard@ed.ac.uk','http://genex.hgu.mrc.ac.uk/',NULL,NULL,'urn:lsid:bioontology.org:human-dev-anat-abstract|UNASSIGNED',0),(113,13356,'Human developmental anatomy, timed version','OBO','Jonathan Bard','J.Bard@ed.ac.uk','http://genex.hgu.mrc.ac.uk/',NULL,NULL,'urn:lsid:bioontology.org:human-dev-anat-staged|UNASSIGNED',0),(114,13361,'Mammalian phenotype','OBO','JAX phenotype list','pheno@informatics.jax.org','http://www.informatics.jax.org/searches/MP_form.shtml',NULL,NULL,'urn:lsid:bioontology.org:MPheno.ontology|UNASSIGNED',0),(115,13364,'Molecule role (INOH Protein name/family name ontology)','OBO','INOH curators','curator@inoh.org','http://www.inoh.org','http://www.inoh.org/info/ontologies/',NULL,'urn:lsid:bioontology.org:molecule_role|UNASSIGNED',0),(116,13369,'Pathway ontology','OBO','Victoria Petri','vpetri@mcw.edu','http://rgd.mcw.edu/tools/ontology/ont_search.cgi','ftp://rgd.mcw.edu/pub/data_release/PW_Introduction.doc',NULL,'urn:lsid:bioontology.org:pathway|UNASSIGNED',0),(117,13374,'Cereal plant trait','OBO','Gramene curators','gramene@gramene.org','http://www.gramene.org/plant_ontology/','http://www.gramene.org/plant_ontology/index.html#to',NULL,'urn:lsid:bioontology.org:plant_trait_ontology|$Revision: 1.46 $',0),(118,13379,'Plant growth and developmental stage','OBO','Plant Ontology Consortium developers','po-dev@plantontology.org','http://www.plantontology.org','http://www.plantontology.org/docs/docs.html',NULL,'urn:lsid:bioontology.org:plant_ontology|$Revision: 1.32 $',0),(119,13386,'Proteomics data and process provenance','OWL-FULL','Satya S. Sahoo','satya30@uga.edu','http://lsdis.cs.uga.edu/projects/glycomics/propreo/','http://lsdis.cs.uga.edu/projects/glycomics/propreo/',NULL,'http://lsdis.cs.uga.edu/projects/glycomics/propreo#|??',0),(120,13389,'Protein-protein interaction','OBO','Henning Hermjakob','Henning.Hermjakob@ebi.ac.uk','http://psidev.sf.net','http://psidev.sourceforge.net/mi/xml/doc/user/index.html',NULL,'urn:lsid:bioontology.org:PSI-MI|UNASSIGNED',0),(121,13394,'Protein modification','OBO','Luisa Montecchi','luisa@ebi.ac.uk','http://psidev.sourceforge.net/mod/','http://psidev.sourceforge.net/mod/',NULL,'urn:lsid:bioontology.org:PSI-MOD|UNASSIGNED',0),(122,13397,'Physico-chemical process','OBO','Kirill Degtyarenko','kirill@ebi.ac.uk','http://www.ebi.ac.uk/~kirill/REX/',NULL,NULL,'urn:lsid:bioontology.org:rex.obo|UNASSIGNED',0),(123,13400,'Sequence Ontology','OBO','SONG developers','song-devel@lists.sourceforge.net','http://song.sourceforge.net/',NULL,NULL,'urn:lsid:bioontology.org:BS|UNASSIGNED',1),(124,13404,'Cereal plant development','OBO','Gramene curators','gramene@gramene.org','http://www.gramene.org/plant_ontology/','http://www.gramene.org/plant_ontology/index.html#po',NULL,'urn:lsid:bioontology.org:cereal_plant_growth_stage|$Revision: 1.6 $',0),(125,13410,'Tick gross anatomy','OBO','Daniel Sonenshine','dsonensh@odu.edu','http://www.anobase.org',NULL,NULL,NULL,0),(126,13418,'Unit','OBO','OBO Unit list','obo-unit@lists.sourceforge.net','http://www.bioontology.org/wiki/index.php/PATO:Main_Page',NULL,NULL,NULL,1),(127,13426,'C. elegans phenotype','OBO','Gary Schindelman','garys@caltech.edu','http://www.wormbase.org/',NULL,NULL,NULL,0),(128,13435,'Xenopus anatomy and development','OBO','Erik Segerdell','esegerde@ucalgary.ca','http://www.xenbase.org/atlas/atlas.html',NULL,NULL,'urn:lsid:bioontology.org:xenopus_developmental_stage|UNASSIGNED',0),(129,13578,'NCI Thesaurus','OWL-FULL','NCICB Support','ncicb@pop.nci.nih.gov','http://ncicb.nci.nih.gov/core/EVS','http://nciterms.nci.nih.gov/NCIBrowser/Dictionary.do',NULL,'urn:oid:2.16.840.1.113883.3.26.1.1|07.06d',0),(130,14016,'Gene Ontology','OBO','Gene Ontology','go@geneontology.org','http://www.geneontology.org','http://www.geneontology.org/GO.doc.shtml',NULL,'urn:lsid:bioontology.org:gene_ontology|UNASSIGNED',1),(131,14021,'Mammalian phenotype','OBO','JAX phenotype list','pheno@informatics.jax.org','http://www.informatics.jax.org/searches/MP_form.shtml',NULL,NULL,'urn:lsid:bioontology.org:MPheno.ontology|UNASSIGNED',0),(132,14026,'Pathway ontology','OBO','Victoria Petri','vpetri@mcw.edu','http://rgd.mcw.edu/tools/ontology/ont_search.cgi','ftp://rgd.mcw.edu/pub/data_release/PW_Introduction.doc',NULL,'urn:lsid:bioontology.org:pathway|UNASSIGNED',0),(133,14031,'Protein-protein interaction','OBO','Henning Hermjakob','Henning.Hermjakob@ebi.ac.uk','http://psidev.sf.net','http://psidev.sourceforge.net/mi/xml/doc/user/index.html',NULL,'urn:lsid:bioontology.org:PSI-MI|UNASSIGNED',0),(134,14035,'Sequence Ontology','OBO','SONG developers','song-devel@lists.sourceforge.net','http://song.sourceforge.net/',NULL,NULL,'urn:lsid:bioontology.org:BS|UNASSIGNED',1),(135,14038,'Xenopus anatomy and development','OBO','Erik Segerdell','esegerde@ucalgary.ca','http://www.xenbase.org/atlas/atlas.html',NULL,NULL,'urn:lsid:bioontology.org:xenopus_developmental_stage|UNASSIGNED',0),(136,14174,'Problem-Oriented Medical Record Ontology','OWL-DL','Chimezie Ogbuji','chimezie@gmail.com','http://metacognition.info','http://esw.w3.org/topic/HCLS/POMROntology','http://esw.w3.org/topic/HCLS/POMROntology',NULL,0),(137,14391,'Subcellular Anatomy Ontology (SAO)','OWL-DL','Maryann Martone','mmartone@ucsd.edu','http://ccdb.ucsd.edu/SAO','http://ccdb.ucsd.edu/SAO','http://ccdb.ucsd.edu/SAO','http://ccdb.ucsd.edu/SAO/1.2#|Version 1.2',0),(138,15455,'Mouse adult gross anatomy','OBO','Anatomy at JAX','anatomy@informatics.jax.org','http://www.informatics.jax.org/searches/AMA_form.shtml',NULL,NULL,'urn:lsid:bioontology.org:adult_mouse_anatomy.gxd|UNASSIGNED',0),(139,15458,'PATO','OBO','OBO phenotype group','obo-phenotype@lists.sourceforge.net','http://www.bioontology.org/wiki/index.php/PATO:Main_Page',NULL,NULL,'urn:lsid:bioontology.org:quality|UNASSIGNED',1),(140,15461,'BRENDA tissue / enzyme source','OBO','BRENDA tissue ontology curators','marion.gremse@uni-koeln.de','http://www.brenda.uni-koeln.de','http://www.brenda.uni-koeln.de',NULL,'urn:lsid:bioontology.org:BrendaTissue510|UNASSIGNED',0),(141,15464,'Chemical entities of biological interest','OBO','ChEBI help','chebi-help@ebi.ac.uk','http://www.ebi.ac.uk/chebi','http://www.ebi.ac.uk/chebi/init.do?toolBarForward=userManual',NULL,'urn:lsid:bioontology.org:chebi_ontology|UNASSIGNED',1),(142,15469,'Dictyostelium discoideum anatomy','OBO','Rex Chisholm','r-chisholm@northwestern.edu','http://dictybase.org/',NULL,NULL,'urn:lsid:bioontology.org:Dictyostelium_discoideum_anatomy|UNASSIGNED',0),(143,15474,'Environment Ontology','OBO','Norman Morrison','morrison@cs.man.ac.uk',NULL,'http://www.envoc.org',NULL,'urn:lsid:bioontology.org:ENVO|UNASSIGNED',1),(144,15482,'Evidence codes','OBO','Michael Ashburner','ma11@gen.cam.ac.uk',NULL,NULL,NULL,'urn:lsid:bioontology.org:evidence_code2.obo|UNASSIGNED',0),(145,15486,'Mammalian phenotype','OBO','JAX phenotype list','pheno@informatics.jax.org','http://www.informatics.jax.org/searches/MP_form.shtml',NULL,NULL,'urn:lsid:bioontology.org:MPheno.ontology|UNASSIGNED',0),(146,15490,'Mosquito gross anatomy','OBO','C. Louis','louis@imbb.forth.gr','http://www.anobase.org',NULL,NULL,'urn:lsid:bioontology.org:default_namespace|UNASSIGNED',0),(147,15495,'Pathway ontology','OBO','Victoria Petri','vpetri@mcw.edu','http://rgd.mcw.edu/tools/ontology/ont_search.cgi','ftp://rgd.mcw.edu/pub/data_release/PW_Introduction.doc',NULL,'urn:lsid:bioontology.org:pathway|UNASSIGNED',0),(148,15501,'Protein-protein interaction','OBO','Henning Hermjakob','Henning.Hermjakob@ebi.ac.uk','http://psidev.sf.net','http://psidev.sourceforge.net/mi/xml/doc/user/index.html',NULL,'urn:lsid:bioontology.org:PSI-MI|UNASSIGNED',0),(149,15504,'Sequence Ontology','OBO','SONG developers','song-devel@lists.sourceforge.net','http://song.sourceforge.net/',NULL,NULL,'urn:lsid:bioontology.org:BS|UNASSIGNED',1),(150,15507,'teleost anatomy and development','OBO','PhenoMap','peteremidford@yahoo.com',NULL,NULL,NULL,NULL,0),(151,15514,'Zebrafish anatomy and development','OBO','ZFIN administrators','zfinadmin@zfin.org','http://zfin.org/zf_info/anatomy/dict/sum.html',NULL,NULL,'urn:lsid:bioontology.org:zebrafish_anatomical_ontology|UNASSIGNED',0),(152,15576,'Mammalian phenotype','OBO','JAX phenotype list','pheno@informatics.jax.org','http://www.informatics.jax.org/searches/MP_form.shtml',NULL,NULL,'urn:lsid:bioontology.org:MPheno.ontology|UNASSIGNED',0),(153,15583,'Protein-protein interaction','OBO','Henning Hermjakob','Henning.Hermjakob@ebi.ac.uk','http://psidev.sf.net','http://psidev.sourceforge.net/mi/xml/doc/user/index.html',NULL,'urn:lsid:bioontology.org:PSI-MI|UNASSIGNED',0),(154,15586,'Sequence Ontology','OBO','SONG developers','song-devel@lists.sourceforge.net','http://song.sourceforge.net/',NULL,NULL,'urn:lsid:bioontology.org:BS|UNASSIGNED',1),(155,15613,'Mosquito gross anatomy','OBO','C. Louis','louis@imbb.forth.gr','http://www.anobase.org',NULL,NULL,'urn:lsid:bioontology.org:default_namespace|UNASSIGNED',0),(156,15623,'Mosquito gross anatomy','OBO','C. Louis','louis@imbb.forth.gr','http://www.anobase.org',NULL,NULL,'urn:lsid:bioontology.org:default_namespace|UNASSIGNED',0),(157,15630,'Protein-protein interaction','OBO','Henning Hermjakob','Henning.Hermjakob@ebi.ac.uk','http://psidev.sf.net','http://psidev.sourceforge.net/mi/xml/doc/user/index.html',NULL,'urn:lsid:bioontology.org:PSI-MI|UNASSIGNED',0),(158,15659,'Mosquito gross anatomy','OBO','C. Louis','louis@imbb.forth.gr','http://www.anobase.org',NULL,NULL,'urn:lsid:bioontology.org:default_namespace|UNASSIGNED',0),(159,15666,'Protein-protein interaction','OBO','Henning Hermjakob','Henning.Hermjakob@ebi.ac.uk','http://psidev.sf.net','http://psidev.sourceforge.net/mi/xml/doc/user/index.html',NULL,'urn:lsid:bioontology.org:PSI-MI|UNASSIGNED',0),(160,15682,'Basic Test Ontology','OWL-FULL',NULL,NULL,NULL,NULL,NULL,'http://www.co-ode.org/ontologies/basic-bio/basic-vertebrate-gross-anatomy.owl#|??',0),(161,15698,'Mammalian phenotype','OBO','JAX phenotype list','pheno@informatics.jax.org','http://www.informatics.jax.org/searches/MP_form.shtml',NULL,NULL,'urn:lsid:bioontology.org:MPheno.ontology|UNASSIGNED',0),(162,15705,'Protein-protein interaction','OBO','Henning Hermjakob','Henning.Hermjakob@ebi.ac.uk','http://psidev.sf.net','http://psidev.sourceforge.net/mi/xml/doc/user/index.html',NULL,'urn:lsid:bioontology.org:PSI-MI|UNASSIGNED',0),(163,15708,'Sequence Ontology','OBO','SONG developers','song-devel@lists.sourceforge.net','http://song.sourceforge.net/',NULL,NULL,'urn:lsid:bioontology.org:BS|UNASSIGNED',1),(164,15732,'Protein-protein interaction','OBO','Henning Hermjakob','Henning.Hermjakob@ebi.ac.uk','http://psidev.sf.net','http://psidev.sourceforge.net/mi/xml/doc/user/index.html',NULL,'urn:lsid:bioontology.org:PSI-MI|UNASSIGNED',0),(165,15746,'Protein-protein interaction','OBO','Henning Hermjakob','Henning.Hermjakob@ebi.ac.uk','http://psidev.sf.net','http://psidev.sourceforge.net/mi/xml/doc/user/index.html',NULL,'urn:lsid:bioontology.org:PSI-MI|UNASSIGNED',0),(166,15755,'Event (INOH pathway ontology)','OBO','INOH curators','curator@inoh.org','http://www.inoh.org','http://www.inoh.org/info/ontologies/',NULL,NULL,0),(167,15759,'Molecule role (INOH Protein name/family name ontology)','OBO','INOH curators','curator@inoh.org','http://www.inoh.org','http://www.inoh.org/info/ontologies/',NULL,'urn:lsid:bioontology.org:molecule_role|UNASSIGNED',0),(168,15766,'Protein-protein interaction','OBO','Henning Hermjakob','Henning.Hermjakob@ebi.ac.uk','http://psidev.sf.net','http://psidev.sourceforge.net/mi/xml/doc/user/index.html',NULL,'urn:lsid:bioontology.org:PSI-MI|UNASSIGNED',0),(169,15794,'OMV','OWL-DL',NULL,NULL,NULL,NULL,NULL,'http://omv.ontoware.org/2005/05/ontology#|??',0),(170,15805,'Galen 2','OWL-FULL',NULL,NULL,NULL,NULL,NULL,'http://www.co-ode.org/ontologies/galen#|??',0),(171,15816,'FMA DL','OWL-DL',NULL,NULL,NULL,NULL,NULL,NULL,0);

/*Data for the table `ncbo_ontology_version` */

insert  into `ncbo_ontology_version`(`id`,`ontology_id`,`parent_id`,`user_id`,`internal_version_number`,`version_number`,`version_status`,`file_path`,`is_current`,`is_remote`,`is_reviewed`,`date_released`,`date_created`,`status_id`) values (2854,1044,0,2852,0,'1.183','production','/2854',0,0,1,'2006-12-07 00:00:00','2006-12-08 15:45:15',0),(2861,1011,0,2859,0,'1.50','retired','/2861',0,0,1,'2006-12-07 00:00:00','2006-12-08 15:45:22',0),(2868,1002,0,2866,0,'See Remote Site','production','http://animaldiversity.ummz.umich.edu/site/about/technology/ADW_ontology_protege.zip/view.html',1,1,1,'2006-12-08 00:00:00','2006-12-08 15:45:28',0),(2882,1054,0,2880,0,'1.84','production','/2882',0,0,1,'2006-12-07 00:00:00','2006-12-08 15:45:41',0),(2890,1031,0,2888,0,'1.444','production','/2890',0,0,1,'2006-12-07 00:00:00','2006-12-08 15:45:47',0),(2899,1005,0,2897,0,'1.295','production','/2899',0,0,1,'2006-12-07 00:00:00','2006-12-08 15:45:54',0),(2908,1009,0,2906,0,'1.26','pre_production','/2908',0,0,1,'2006-12-07 00:00:00','2006-12-08 15:46:00',0),(2916,1013,0,2914,0,'1.32','retired','/2916',0,0,1,'2006-12-07 00:00:00','2006-12-08 15:46:07',0),(2927,1015,0,2925,0,'1.6','pre_production','/2927',0,0,1,'2006-12-07 00:00:00','2006-12-08 15:46:13',0),(2935,1035,0,2933,0,'1.2','production','/2935',1,0,1,'2006-12-07 00:00:00','2006-12-08 15:46:19',0),(2944,1045,0,2942,0,'1.2','production','/2944',0,0,1,'2006-12-07 00:00:00','2006-12-08 15:46:25',0),(2952,1020,0,2950,0,'1.6','production','/2952',0,0,1,'2006-12-07 00:00:00','2006-12-08 15:46:32',0),(2961,1021,0,2959,0,'1.6','retired','/2961',0,0,1,'2006-12-07 00:00:00','2006-12-08 15:46:38',0),(2970,1022,0,2968,0,'1.1','production','/2970',1,0,1,'2006-12-07 00:00:00','2006-12-08 15:46:44',0),(2991,1055,0,2989,0,'1.2','pre_production','/2991',1,0,1,'2006-12-07 00:00:00','2006-12-08 15:46:50',0),(2996,1017,0,2959,0,'1.21','production','/2996',0,0,1,'2006-12-07 00:00:00','2006-12-08 15:46:56',0),(3004,1016,0,2959,0,'1.9','production','/3004',0,0,1,'2006-12-07 00:00:00','2006-12-08 15:47:03',0),(3011,1024,0,2959,0,'1.12','production','/3011',0,0,1,'2006-12-07 00:00:00','2006-12-08 15:47:09',0),(3020,1027,0,3018,0,'See Remote Site','production','http://obo.svn.sourceforge.net/viewvc/*checkout*/obo/fma-conversion/trunk/fma_obo.obo',1,1,1,'2006-12-08 00:00:00','2006-12-08 15:47:15',0),(3026,1028,0,3024,0,'1.1','production','/3026',1,0,1,'2006-12-07 00:00:00','2006-12-08 15:47:21',0),(3036,1032,0,3034,0,'See Remote Site','production','http://www.mesquiteproject.org/ontology/Habronattus/Protege_source/',1,1,1,'2006-12-08 00:00:00','2006-12-08 15:47:28',0),(3041,1033,0,2942,0,'1.3','production','/3041',0,0,1,'2006-12-07 00:00:00','2006-12-08 15:47:34',0),(3049,1034,0,2942,0,'1.3','production','/3049',0,0,1,'2006-12-07 00:00:00','2006-12-08 15:47:40',0),(3057,1004,0,3055,0,'1.1','production','/3057',1,0,1,'2006-12-07 00:00:00','2006-12-08 15:47:47',0),(3066,1037,0,3034,0,'See Remote Site','production','http://www.mesquiteproject.org/ontology/OBO/B8467OBO',1,1,1,'2006-12-08 00:00:00','2006-12-08 15:47:53',0),(3074,1039,0,3072,0,'1.126','pre_production','/3074',0,0,1,'2006-12-07 15:45:14','2006-12-08 15:47:59',0),(3083,1047,0,3081,0,'1.1','production','/3083',1,0,1,'2006-12-07 00:00:00','2006-12-08 15:48:05',0),(3093,1040,0,3091,0,'1.1','pre_production','/3093',1,0,1,'2006-12-07 00:00:00','2006-12-08 15:48:12',0),(3110,1041,0,3108,0,'See Remote Site','pre_production','http://mged.sourceforge.net/ontologies/MGEDOntology.owl',1,1,1,'2006-12-08 00:00:00','2006-12-08 15:48:24',0),(3116,1042,0,2950,0,'1.7','production','/3116',0,0,1,'2006-12-07 00:00:00','2006-12-08 15:48:31',0),(3125,1043,0,3123,0,'1.5','production','/3125',0,0,1,'2006-12-07 00:00:00','2006-12-08 15:48:37',0),(3134,1046,0,3132,0,'1.1','production','/3134',1,0,1,'2006-12-07 00:00:00','2006-12-08 15:48:43',0),(3145,1048,0,3143,0,'7.06D','production','/3145',0,0,1,'2006-12-08 00:00:00','2006-12-08 15:48:50',0),(3155,1049,0,3153,0,'See Remote Site','pre_production','https://svn.sourceforge.net/svnroot/msi-workgroups/ontology/NMR.owl',1,1,1,'2006-12-08 00:00:00','2006-12-08 15:48:56',0),(3164,1052,0,3162,0,'See Remote Site','pre_production','http://obi.svn.sourceforge.net/viewvc/*checkout*/obi/ontology/trunk/OBI.owl',1,1,1,'2006-12-08 00:00:00','2006-12-08 15:49:02',0),(3171,1053,0,3169,0,'1.36','pre_production','/3171',0,0,1,'2006-12-07 00:00:00','2006-12-08 15:49:08',0),(3180,1057,0,3178,0,'1.4','production','/3180',1,0,1,'2006-12-07 00:00:00','2006-12-08 15:49:14',0),(3186,1012,0,2859,0,'1.46','production','/3186',0,0,1,'2006-12-07 00:00:00','2006-12-08 15:49:20',0),(3198,1058,0,3196,0,'1.32','production','/3198',0,0,1,'2006-12-07 00:00:00','2006-12-08 15:49:27',0),(3205,1064,0,3203,0,'1.1','production','/3205',0,0,1,'2006-12-07 00:00:00','2006-12-08 15:49:33',0),(3215,1063,0,3213,0,'1.321','retired','/3215',0,0,1,'2006-12-07 15:45:14','2006-12-08 15:49:39',0),(3222,1060,0,3220,0,'1.316','retired','/3222',0,0,1,'2006-12-07 00:00:00','2006-12-08 15:49:45',0),(3231,1050,0,3229,0,'1.16','production','/3231',1,0,1,'2006-12-07 00:00:00','2006-12-08 15:49:51',0),(3238,1056,0,2989,0,'1.13','pre_production','/3238',0,0,1,'2006-12-07 00:00:00','2006-12-08 15:49:57',0),(3247,1066,0,3245,0,'See Remote Site','production','http://psidev.sourceforge.net/gps/CV/sep.obo',1,1,1,'2006-12-08 00:00:00','2006-12-08 15:50:04',0),(3254,1067,0,3252,0,'1.62','pre_production','/3254',0,0,1,'2006-12-07 00:00:00','2006-12-08 15:50:10',0),(3263,1071,0,3261,0,'See Remote Site','production','http://www.ebi.ac.uk/compneur-srv/sbo-main/download.do',1,1,1,'2006-12-08 00:00:00','2006-12-08 15:50:16',0),(3269,1010,0,2859,0,'1.6','production','/3269',0,0,1,'2006-12-07 00:00:00','2006-12-08 15:50:22',0),(3278,1007,0,3276,0,'See Remote Site','pre_production','http://brebiou.cshl.edu/viewcvs/*checkout*/Wao/WBbt.obo',1,1,1,'2006-12-08 00:00:00','2006-12-08 15:50:28',0),(3285,1006,0,3283,0,'1.1','production','/3285',1,0,1,'2006-12-07 00:00:00','2006-12-08 15:50:35',0),(3294,1038,0,3292,0,'1.1','pre_production','/3294',1,0,1,'2006-12-07 00:00:00','2006-12-08 15:50:41',0),(3303,1076,0,3301,0,'1.13','production','/3303',0,0,1,'2006-12-07 00:00:00','2006-12-08 15:50:48',0),(3576,1031,2890,2888,2,'1.444','production','/3576',0,0,1,'2006-12-12 15:22:14','2006-12-12 15:22:16',0),(3579,1005,2899,2897,2,'1.295','production','/3579',0,0,1,'2006-12-12 15:22:14','2006-12-12 15:22:22',0),(3582,1039,3074,3072,2,'1.126','pre_production','/3582',0,0,1,'2006-12-12 15:22:14','2006-12-12 15:22:30',0),(3586,1063,3215,3213,2,'1.321','retired','/3586',0,0,1,'2006-12-12 15:22:14','2006-12-12 15:22:38',0),(3589,1060,3222,3220,2,'1.316','retired','/3589',0,0,1,'2006-12-12 15:22:14','2006-12-12 15:22:44',0),(3593,1067,3254,3252,2,'1.62','pre_production','/3593',0,0,1,'2006-12-12 15:22:14','2006-12-12 15:22:51',0),(3905,1061,0,3830,0,'2.0','production','/3905',1,0,1,'2006-12-22 00:00:00','2006-12-21 15:26:25',0),(4513,1025,0,2850,0,'1.4','production','/4513',1,0,1,'2007-01-03 00:00:00','2007-01-16 11:14:19',0),(4519,1001,0,2850,0,'1.2','production','/4519',1,0,1,'2007-01-10 00:00:00','2007-01-16 13:51:11',0),(4525,1029,0,2850,0,'1.1','production','/4525',1,0,1,'2007-01-09 00:00:00','2007-01-16 13:51:57',0),(4537,1065,0,2850,0,'1.0','production','/4537',1,0,1,'2007-01-04 00:00:00','2007-01-16 13:53:39',0),(4545,1054,2882,2880,2,'1.84','production','/4545',0,0,1,'2007-01-16 15:24:36','2007-01-16 15:24:38',0),(4548,1031,3576,2888,3,'1.444','production','/4548',0,0,1,'2007-01-16 15:24:36','2007-01-16 15:24:44',0),(4551,1005,3579,2897,3,'1.295','production','/4551',0,0,1,'2007-01-16 15:24:36','2007-01-16 15:24:50',0),(4554,1013,2916,2914,2,'1.32','retired','/4554',0,0,1,'2007-01-16 15:24:36','2007-01-16 15:24:57',0),(4558,1015,2927,2925,2,'1.6','pre_production','/4558',0,0,1,'2007-01-16 15:24:36','2007-01-16 15:25:03',0),(4561,1024,3011,2959,2,'1.12','production','/4561',0,0,1,'2007-01-16 15:24:36','2007-01-16 15:25:09',0),(4564,1039,3582,3072,3,'1.126','pre_production','/4564',0,0,1,'2007-01-16 15:24:36','2007-01-16 15:25:16',0),(4568,1053,3171,3169,2,'1.36','pre_production','/4568',0,0,1,'2007-01-16 15:24:36','2007-01-16 15:25:23',0),(4571,1063,3586,3213,3,'1.321','retired','/4571',0,0,1,'2007-01-16 15:24:36','2007-01-16 15:25:29',0),(4574,1060,3589,3220,3,'1.316','retired','/4574',0,0,1,'2007-01-16 15:24:36','2007-01-16 15:25:35',0),(4578,1056,3238,2989,2,'1.13','pre_production','/4578',0,0,1,'2007-01-16 15:24:36','2007-01-16 15:25:42',0),(4581,1067,3593,3252,3,'1.62','pre_production','/4581',0,0,1,'2007-01-16 00:00:00','2007-01-16 15:25:48',0),(4584,1076,3303,3301,2,'1.13','production','/4584',0,0,1,'2007-01-16 15:24:36','2007-01-16 15:25:54',0),(4877,1068,0,4875,0,'1.4','production','/4877',0,0,1,'2006-10-19 00:00:00','2007-01-17 02:29:17',0),(4886,1048,3145,2850,2,'7.06D','production','/4886',0,0,1,'2007-01-16 00:00:00','2007-01-17 07:03:59',0),(4949,1059,0,4943,0,'0.75','pre_production','/4949',0,0,1,'2007-01-18 00:00:00','2007-01-17 20:29:55',0),(5249,1036,0,2850,0,'9','production','/5249',1,0,1,'2007-01-17 00:00:00','2007-01-24 13:12:59',0),(5958,1044,2854,2852,2,'1.183','production','/5958',0,0,1,'2007-01-29 21:35:55','2007-01-29 21:35:57',0),(5961,1011,2861,2859,2,'1.50','retired','/5961',0,0,1,'2007-01-29 21:35:55','2007-01-29 21:36:03',0),(5964,1054,4545,2880,3,'1.84','production','/5964',0,0,1,'2007-01-29 21:35:55','2007-01-29 21:36:09',0),(5967,1031,4548,2888,4,'1.444','production','/5967',0,0,1,'2007-01-29 21:35:55','2007-01-29 21:36:15',0),(5971,1005,4551,2897,4,'1.295','production','/5971',0,0,1,'2007-01-29 21:35:55','2007-01-29 21:36:22',0),(5974,1024,4561,2959,3,'1.12','production','/5974',0,0,1,'2007-01-29 21:35:55','2007-01-29 21:36:28',0),(5978,1039,4564,3072,4,'1.126','pre_production','/5978',0,0,1,'2007-01-29 21:35:55','2007-01-29 21:36:35',0),(6676,1068,4877,4875,2,'1.4','production','/6676',0,0,1,'2007-02-13 00:00:00','2007-02-13 06:45:14',0),(6723,1068,6676,4875,3,'1.4','production','/6723',0,0,1,'2007-02-14 00:00:00','2007-02-14 02:18:02',0),(8056,1019,0,8048,0,'0.9','production','/8056',1,0,0,'2007-03-20 00:00:00','2007-03-20 11:47:37',0),(8102,1069,0,4875,0,'2.0 alpha','pre_production','/8102',0,0,0,'2007-03-21 00:00:00','2007-03-21 03:56:00',0),(12547,1068,6723,4875,4,'1.4','production','/12547',1,0,1,'2007-07-18 00:00:00','2007-07-18 07:57:37',0),(12848,1064,3205,3203,2,'1.1','production','/12848',0,0,1,'2007-08-07 00:00:00','2007-08-08 07:17:45',0),(12909,1062,0,11586,0,'1.0','pre_production','ftp://ftp.pir.georgetown.edu/databases/ontology/pro_obo/',1,1,1,'2007-08-10 00:00:00','2007-08-10 14:07:33',0),(13209,1069,8102,4875,2,'2.0 alpha','pre_production','/13209',1,0,1,'2007-08-21 00:00:00','2007-08-22 02:29:02',0),(13287,1044,5958,2852,3,'1.183','production','/13287',0,0,1,'2007-08-24 09:16:40','2007-08-24 09:16:40',0),(13290,1011,5961,2859,3,'1.50','retired','/13290',1,0,1,'2007-08-24 09:16:40','2007-08-24 09:16:46',0),(13293,1054,5964,2880,4,'1.84','production','/13293',0,0,1,'2007-08-24 09:16:40','2007-08-24 09:16:53',0),(13296,1031,5967,2888,5,'1.444','production','/13296',0,0,1,'2007-08-24 09:16:40','2007-08-24 09:16:59',0),(13300,1005,5971,2897,5,'1.295','production','/13300',1,0,1,'2007-08-24 09:16:40','2007-08-24 09:17:05',0),(13305,1014,0,13303,0,'1.3','pre_production','/13305',1,0,1,'2007-08-24 09:16:40','2007-08-24 09:17:11',0),(13312,1009,2908,2906,2,'1.26','pre_production','/13312',1,0,1,'2007-08-24 09:16:40','2007-08-24 09:17:18',0),(13315,1013,4554,2914,3,'1.32','retired','/13315',0,0,1,'2007-08-24 09:16:40','2007-08-24 09:17:24',0),(13320,1015,4558,2925,3,'1.6','pre_production','/13320',0,0,1,'2007-08-24 09:16:40','2007-08-24 09:17:32',0),(13323,1045,2944,2942,2,'1.2','production','/13323',1,0,1,'2007-08-24 09:16:40','2007-08-24 09:17:38',0),(13327,1020,2952,2950,2,'1.6','production','/13327',0,0,1,'2007-08-24 09:16:40','2007-08-24 09:17:44',0),(13330,1021,2961,2959,2,'1.6','retired','/13330',0,0,1,'2007-08-24 09:16:40','2007-08-24 09:17:50',0),(13334,1017,2996,2959,2,'1.21','production','/13334',1,0,1,'2007-08-24 09:16:40','2007-08-24 09:17:56',0),(13338,1016,3004,2959,2,'1.9','production','/13338',1,0,1,'2007-08-24 09:16:40','2007-08-24 09:18:03',0),(13342,1023,0,2959,0,'1.1','production','/13342',1,0,1,'2007-08-24 09:16:40','2007-08-24 09:18:09',0),(13348,1024,5974,2959,4,'1.12','production','/13348',1,0,1,'2007-08-24 09:16:40','2007-08-24 09:18:15',0),(13352,1033,3041,2942,2,'1.3','production','/13352',1,0,1,'2007-08-24 09:16:40','2007-08-24 09:18:21',0),(13356,1034,3049,2942,2,'1.3','production','/13356',1,0,1,'2007-08-24 09:16:40','2007-08-24 09:18:28',0),(13361,1039,5978,3072,5,'1.126','pre_production','/13361',0,0,1,'2007-08-24 09:16:40','2007-08-24 09:18:34',0),(13364,1042,3116,2950,2,'1.7','production','/13364',0,0,1,'2007-08-24 09:16:40','2007-08-24 09:18:40',0),(13369,1053,4568,3169,3,'1.36','pre_production','/13369',0,0,1,'2007-08-24 09:16:40','2007-08-24 09:18:47',0),(13374,1012,3186,2859,2,'1.46','production','/13374',1,0,1,'2007-08-24 09:16:40','2007-08-24 09:18:53',0),(13379,1058,3198,3196,2,'1.32','production','/13379',1,0,1,'2007-08-24 09:16:40','2007-08-24 09:19:00',0),(13386,1064,12848,13384,3,'1.1','production','/13386',1,0,1,'2007-08-24 09:16:40','2007-08-24 09:19:06',0),(13389,1063,4571,3213,4,'1.321','retired','/13389',0,0,1,'2007-08-24 09:16:40','2007-08-24 09:19:12',0),(13394,1060,4574,3220,4,'1.316','retired','/13394',1,0,1,'2007-08-24 09:16:40','2007-08-24 09:19:18',0),(13397,1056,4578,2989,3,'1.13','pre_production','/13397',1,0,1,'2007-08-24 09:16:40','2007-08-24 09:19:24',0),(13400,1067,4581,3252,4,'1.62','pre_production','/13400',0,0,1,'2007-08-24 09:16:40','2007-08-24 09:19:31',0),(13404,1010,3269,2859,2,'1.6','production','/13404',1,0,1,'2007-08-24 09:16:40','2007-08-24 09:19:37',0),(13410,1073,0,13408,0,'See Remote Site','production','http://www.anobase.org',1,1,1,'2007-08-24 00:00:00','2007-08-24 09:19:43',0),(13418,1074,0,13416,0,'1.14','production','/13418',1,0,1,'2007-08-24 09:16:40','2007-08-24 09:19:49',0),(13426,1008,0,13424,0,'See Remote Site','pre_production','http://www.wormbase.org/',1,1,1,'2007-08-24 00:00:00','2007-08-24 09:19:55',0),(13435,1075,0,13433,0,'1.3','pre_production','/13435',0,0,1,'2007-08-24 09:16:40','2007-08-24 09:20:02',0),(13578,1048,4886,7296,3,'7.06D','production','/13578',1,0,1,'2007-08-22 00:00:00','2007-08-24 10:24:22',0),(14016,1031,13296,2888,6,'1.444','production','/14016',1,0,1,'2007-08-27 11:44:14','2007-08-27 11:44:14',0),(14021,1039,13361,3072,6,'1.126','pre_production','/14021',0,0,1,'2007-08-27 11:44:14','2007-08-27 11:44:22',0),(14026,1053,13369,3169,4,'1.36','pre_production','/14026',0,0,1,'2007-08-27 11:44:14','2007-08-27 11:44:28',0),(14031,1063,13389,3213,5,'1.321','retired','/14031',0,0,1,'2007-08-27 11:44:14','2007-08-27 11:44:35',0),(14035,1067,13400,3252,5,'1.62','pre_production','/14035',0,0,1,'2007-08-27 11:44:14','2007-08-27 11:44:41',0),(14038,1075,13435,13433,2,'1.3','pre_production','/14038',1,0,1,'2007-08-27 11:44:14','2007-08-27 11:44:47',0),(14174,1059,4949,4943,2,'0.75','pre_production','/14174',1,0,1,'2007-08-30 00:00:00','2007-08-31 11:56:56',0),(14391,1070,0,7296,0,'1.2.5','production','/14391',1,0,1,'2007-08-21 00:00:00','2007-09-17 11:00:41',0),(15455,1044,13287,2852,4,'1.183','production','/15455',1,0,1,'2007-10-03 15:07:14','2007-10-03 15:07:15',0),(15458,1054,13293,2880,5,'1.84','production','/15458',1,0,1,'2007-10-03 15:07:14','2007-10-03 15:07:22',0),(15461,1005,13300,2897,6,'1.295','production','/15461',0,0,1,'2007-10-03 15:07:14','2007-10-03 15:07:28',0),(15464,1013,13315,2914,4,'1.32','retired','/15464',1,0,1,'2007-10-03 15:07:14','2007-10-03 15:07:34',0),(15469,1015,13320,2925,4,'1.6','pre_production','/15469',1,0,1,'2007-10-03 15:07:14','2007-10-03 15:07:41',0),(15474,1018,0,15472,0,'1.1','retired','/15474',1,0,1,'2007-10-03 15:07:14','2007-10-03 15:07:47',0),(15482,1021,13330,15480,3,'1.6','retired','/15482',1,0,1,'2007-10-03 15:07:14','2007-10-03 15:07:54',0),(15486,1039,14021,3072,7,'1.126','pre_production','/15486',0,0,1,'2007-10-03 15:07:14','2007-10-03 15:08:01',0),(15490,1043,3125,3123,2,'1.5','production','/15490',0,0,1,'2007-10-03 15:07:14','2007-10-03 15:08:07',0),(15495,1053,14026,3169,5,'1.36','pre_production','/15495',1,0,1,'2007-10-03 15:07:14','2007-10-03 15:08:14',0),(15501,1063,14031,3213,6,'1.321','retired','/15501',0,0,1,'2007-10-03 15:07:14','2007-10-03 15:08:20',0),(15504,1067,14035,3252,6,'1.62','pre_production','/15504',0,0,1,'2007-10-03 15:07:14','2007-10-03 15:08:26',0),(15507,1072,0,3034,0,'1.2','production','/15507',1,0,1,'2007-10-03 15:07:14','2007-10-03 15:08:33',0),(15514,1076,4584,3301,3,'1.13','production','/15514',1,0,1,'2007-10-03 15:07:14','2007-10-03 15:08:40',0),(15576,1039,15486,3072,8,'1.126','pre_production','/15576',0,0,1,'2007-10-03 15:56:21','2007-10-03 15:56:25',0),(15583,1063,15501,3213,7,'1.321','retired','/15583',0,0,1,'2007-10-03 15:56:21','2007-10-03 15:56:32',0),(15586,1067,15504,3252,7,'1.62','pre_production','/15586',0,0,1,'2007-10-03 15:56:21','2007-10-03 15:56:39',0),(15613,1043,15490,7296,3,'1.5','production','/15613',0,0,1,'2007-10-11 00:00:00','2007-10-04 14:29:20',0),(15623,1043,15613,3123,4,'1.5','production','/15623',0,0,1,'2007-10-04 15:58:03','2007-10-04 15:58:04',0),(15630,1063,15583,3213,8,'1.321','retired','/15630',0,0,1,'2007-10-04 15:58:03','2007-10-04 15:58:11',0),(15659,1043,15613,3123,5,'1.5','production','/15659',1,0,1,'2007-10-05 16:03:01','2007-10-05 16:03:02',0),(15666,1063,15630,3213,9,'1.321','retired','/15666',0,0,1,'2007-10-05 16:03:01','2007-10-05 16:03:08',0),(15682,1003,0,7296,0,'hello world','pre_production','/15682',1,0,1,'2007-10-12 00:00:00','2007-10-05 16:38:09',0),(15698,1039,15576,3072,9,'1.126','pre_production','/15698',1,0,1,'2007-10-06 15:59:05','2007-10-06 15:59:07',0),(15705,1063,15666,3213,10,'1.321','retired','/15705',0,0,1,'2007-10-06 15:59:05','2007-10-06 15:59:15',0),(15708,1067,15586,3252,8,'1.62','pre_production','/15708',1,0,1,'2007-10-06 15:59:05','2007-10-06 15:59:21',0),(15732,1063,15705,3213,11,'1.321','retired','/15732',0,0,1,'2007-10-07 15:56:04','2007-10-07 15:56:07',0),(15746,1063,15732,3213,12,'1.321','retired','/15746',0,0,1,'2007-10-08 15:56:46','2007-10-08 15:56:49',0),(15755,1020,13327,2950,3,'1.6','production','/15755',1,0,1,'2007-10-09 15:57:46','2007-10-09 15:57:54',0),(15759,1042,13364,2950,3,'1.7','production','/15759',1,0,1,'2007-10-09 15:57:46','2007-10-09 15:58:04',0),(15766,1063,15746,3213,13,'1.321','retired','/15766',1,0,1,'2007-10-09 15:57:46','2007-10-09 15:58:17',0),(15794,1051,0,7296,0,'2','pre_production','/15794',1,0,1,'2007-10-16 00:00:00','2007-10-17 11:02:07',0),(15805,1030,0,7296,0,'5','production','/15805',1,0,1,'2007-10-16 00:00:00','2007-10-17 11:06:17',0),(15816,1026,0,7296,0,'1','pre_production','/15816',1,0,1,'2007-10-15 00:00:00','2007-10-17 11:13:59',0);

/*Data for the table `ncbo_seq_ontology_id` */

insert  into `ncbo_seq_ontology_id`(`id`) values (1076);

/*Data for the table `ncbo_user` */

insert  into `ncbo_user`(`id`,`username`,`password`,`email`,`firstname`,`lastname`,`phone`,`date_created`) values (2850,'vembakam','2pBf5nzmJVaELtv/Gxv7uw==','vembakam@stanford.edu','Archana','Vembakam',NULL,'2007-10-31 14:53:08'),(2852,'anatomy@informatics.jax.org','2pBf5nzmJVaELtv/Gxv7uw==','anatomy@informatics.jax.org','Adult_mouse_anatomy','Administrators',NULL,'2007-10-31 14:53:08'),(2859,'gramene@gramene.org','2pBf5nzmJVaELtv/Gxv7uw==','gramene@gramene.org','Po_anatomy','Administrators',NULL,'2007-10-31 14:53:08'),(2866,'adw_geeks@umich.edu','2pBf5nzmJVaELtv/Gxv7uw==','adw_geeks@umich.edu','Http://animaldiversity','Administrators',NULL,'2007-10-31 14:53:08'),(2872,'curator@arabidopsis.org','2pBf5nzmJVaELtv/Gxv7uw==','curator@arabidopsis.org','Po_anatomy','Administrators',NULL,'2007-10-31 14:53:08'),(2880,'obo-phenotype@lists.sourceforge.net','2pBf5nzmJVaELtv/Gxv7uw==','obo-phenotype@lists.sourceforge.net','Quality','Administrators',NULL,'2007-10-31 14:53:08'),(2888,'go@geneontology.org','2pBf5nzmJVaELtv/Gxv7uw==','go@geneontology.org','Gene_ontology','Administrators',NULL,'2007-10-31 14:53:08'),(2897,'marion.gremse@uni-koeln.de','2pBf5nzmJVaELtv/Gxv7uw==','marion.gremse@uni-koeln.de','BrendaTissue','Administrators',NULL,'2007-10-31 14:53:08'),(2906,'oliver@sanbi.ac.za','2pBf5nzmJVaELtv/Gxv7uw==','oliver@sanbi.ac.za','Cell','Administrators',NULL,'2007-10-31 14:53:08'),(2914,'chebi-help@ebi.ac.uk','2pBf5nzmJVaELtv/Gxv7uw==','chebi-help@ebi.ac.uk','Chebi','Administrators',NULL,'2007-10-31 14:53:08'),(2923,'john.garavelli@ebi.ac.uk','2pBf5nzmJVaELtv/Gxv7uw==','john.garavelli@ebi.ac.uk','','Administrators',NULL,'2007-10-31 14:53:08'),(2925,'r-chisholm@northwestern.edu','2pBf5nzmJVaELtv/Gxv7uw==','r-chisholm@northwestern.edu','Dictyostelium_anatomy','Administrators',NULL,'2007-10-31 14:53:08'),(2933,'diseaseontology-discussion@lists.sourceforge.net','2pBf5nzmJVaELtv/Gxv7uw==','diseaseontology-discussion@lists.sourceforge.net','Human_disease','Administrators',NULL,'2007-10-31 14:53:08'),(2942,'J.Bard@ed.ac.uk','2pBf5nzmJVaELtv/Gxv7uw==','J.Bard@ed.ac.uk','EMAP','Administrators',NULL,'2007-10-31 14:53:08'),(2950,'curator@inoh.org','2pBf5nzmJVaELtv/Gxv7uw==','curator@inoh.org','Event','Administrators',NULL,'2007-10-31 14:53:08'),(2959,'ma11@gen.cam.ac.uk','2pBf5nzmJVaELtv/Gxv7uw==','ma11@gen.cam.ac.uk','Evidence_code','Administrators',NULL,'2007-10-31 14:53:08'),(2968,'evoc@sanbi.ac.za','2pBf5nzmJVaELtv/Gxv7uw==','evoc@sanbi.ac.za','Evoc','Administrators',NULL,'2007-10-31 14:53:08'),(2989,'kirill@ebi.ac.uk','2pBf5nzmJVaELtv/Gxv7uw==','kirill@ebi.ac.uk','Fix','Administrators',NULL,'2007-10-31 14:53:08'),(3018,'obo-anatomy@lists.sourceforge.net','2pBf5nzmJVaELtv/Gxv7uw==','obo-anatomy@lists.sourceforge.net','Http://obo','Administrators',NULL,'2007-10-31 14:53:08'),(3024,'maria@genome.stanford.edu','2pBf5nzmJVaELtv/Gxv7uw==','maria@genome.stanford.edu','Fungal_anatomy','Administrators',NULL,'2007-10-31 14:53:08'),(3034,'peteremidford@yahoo.com','2pBf5nzmJVaELtv/Gxv7uw==','peteremidford@yahoo.com','Http://www','Administrators',NULL,'2007-10-31 14:53:08'),(3055,'matthewk@indiana.edu','2pBf5nzmJVaELtv/Gxv7uw==','matthewk@indiana.edu','Image','Administrators',NULL,'2007-10-31 14:53:08'),(3064,'interhelp@ebi.ac.uk','2pBf5nzmJVaELtv/Gxv7uw==','interhelp@ebi.ac.uk','Ftp://ftp','Administrators',NULL,'2007-10-31 14:53:08'),(3072,'pheno@informatics.jax.org','2pBf5nzmJVaELtv/Gxv7uw==','pheno@informatics.jax.org','Mammalian_phenotype','Administrators',NULL,'2007-10-31 14:53:08'),(3081,'julie.thompson@igbmc.u-strasbg.fr','2pBf5nzmJVaELtv/Gxv7uw==','julie.thompson@igbmc.u-strasbg.fr','Mao','Administrators',NULL,'2007-10-31 14:53:08'),(3091,'Thorsten.Henrich@embl-heidelberg.de','2pBf5nzmJVaELtv/Gxv7uw==','Thorsten.Henrich@embl-heidelberg.de','Medaka_ontology','Administrators',NULL,'2007-10-31 14:53:08'),(3100,'dstates@bioinformatics.med.umich.edu','2pBf5nzmJVaELtv/Gxv7uw==','dstates@bioinformatics.med.umich.edu','Mesh','Administrators',NULL,'2007-10-31 14:53:08'),(3108,'mged-ontologies@lists.sourceforge.net','2pBf5nzmJVaELtv/Gxv7uw==','mged-ontologies@lists.sourceforge.net','Http://mged','Administrators',NULL,'2007-10-31 14:53:08'),(3123,'louis@imbb.forth.gr','2pBf5nzmJVaELtv/Gxv7uw==','louis@imbb.forth.gr','Mosquito_anatomy','Administrators',NULL,'2007-10-31 14:53:08'),(3132,'PS@mole.bio.cam.ac.uk','2pBf5nzmJVaELtv/Gxv7uw==','PS@mole.bio.cam.ac.uk','Mouse_pathology','Administrators',NULL,'2007-10-31 14:53:08'),(3141,'info@ncbi.nlm.nih.gov','2pBf5nzmJVaELtv/Gxv7uw==','info@ncbi.nlm.nih.gov','Ftp://ftp','Administrators',NULL,'2007-10-31 14:53:08'),(3143,'ncicb@pop.nci.nih.gov','2pBf5nzmJVaELtv/Gxv7uw==','ncicb@pop.nci.nih.gov','Ftp://ftp1','Administrators',NULL,'2007-10-31 14:53:08'),(3151,'sandrine.pilbout@isb-sib.ch','2pBf5nzmJVaELtv/Gxv7uw==','sandrine.pilbout@isb-sib.ch','Ftp://ftp','Administrators',NULL,'2007-10-31 14:53:08'),(3153,'msi-workgroups-ontology@lists.sourceforge.net','2pBf5nzmJVaELtv/Gxv7uw==','msi-workgroups-ontology@lists.sourceforge.net','Https://svn','Administrators',NULL,'2007-10-31 14:53:08'),(3162,'obi-devel@lists.sourceforge.net','2pBf5nzmJVaELtv/Gxv7uw==','obi-devel@lists.sourceforge.net','Http://fugo','Administrators',NULL,'2007-10-31 14:53:08'),(3169,'vpetri@mcw.edu','2pBf5nzmJVaELtv/Gxv7uw==','vpetri@mcw.edu','Pathway','Administrators',NULL,'2007-10-31 14:53:08'),(3178,'pj37@cornell.edu','2pBf5nzmJVaELtv/Gxv7uw==','pj37@cornell.edu','Environment_ontology','Administrators',NULL,'2007-10-31 14:53:08'),(3194,'mb4@sanger.ac.uk','2pBf5nzmJVaELtv/Gxv7uw==','mb4@sanger.ac.uk','PLO','Administrators',NULL,'2007-10-31 14:53:08'),(3196,'po-dev@plantontology.org','2pBf5nzmJVaELtv/Gxv7uw==','po-dev@plantontology.org','Po_anatomy','Administrators',NULL,'2007-10-31 14:53:08'),(3203,'satya','4w8LvkzUTrQAgqhr5qqJJg==','satya_sanket@hotmail.com','ProPreO','Administrators',NULL,'2007-10-31 14:53:08'),(3213,'Henning.Hermjakob@ebi.ac.uk','2pBf5nzmJVaELtv/Gxv7uw==','Henning.Hermjakob@ebi.ac.uk','Psi-mi','Administrators',NULL,'2007-10-31 14:53:08'),(3220,'luisa@ebi.ac.uk','2pBf5nzmJVaELtv/Gxv7uw==','luisa@ebi.ac.uk','Psi-mod','Administrators',NULL,'2007-10-31 14:53:08'),(3229,'cjm@fruitfly.org','2pBf5nzmJVaELtv/Gxv7uw==','cjm@fruitfly.org','Relationship','Administrators',NULL,'2007-10-31 14:53:08'),(3245,'psidev-gps-dev@lists.sourceforge.net','2pBf5nzmJVaELtv/Gxv7uw==','psidev-gps-dev@lists.sourceforge.net','Http://psidev','Administrators',NULL,'2007-10-31 14:53:08'),(3252,'song-devel@lists.sourceforge.net','2pBf5nzmJVaELtv/Gxv7uw==','song-devel@lists.sourceforge.net','So','Administrators',NULL,'2007-10-31 14:53:08'),(3261,'lenov@ebi.ac.uk','2pBf5nzmJVaELtv/Gxv7uw==','lenov@ebi.ac.uk','Http://www','Administrators',NULL,'2007-10-31 14:53:08'),(3276,'raymond@caltech.edu','2pBf5nzmJVaELtv/Gxv7uw==','raymond@caltech.edu','Http://brebiou','Administrators',NULL,'2007-10-31 14:53:08'),(3283,'wchen@its.caltech.edu','2pBf5nzmJVaELtv/Gxv7uw==','wchen@its.caltech.edu','Worm_development','Administrators',NULL,'2007-10-31 14:53:08'),(3292,'Leszek@missouri.edu','2pBf5nzmJVaELtv/Gxv7uw==','Leszek@missouri.edu','Zea_mays_anatomy','Administrators',NULL,'2007-10-31 14:53:08'),(3301,'zfinadmin@zfin.org','2pBf5nzmJVaELtv/Gxv7uw==','zfinadmin@zfin.org','Zebrafish_anatomy','Administrators',NULL,'2007-10-31 14:53:08'),(3518,'avembakam','2t544Md1jQyizGOwmpAuLQ==','avembakam@yahoo.com','ugugug','gfcf',NULL,'2007-10-31 14:53:08'),(3574,'rchakra','s4vm5HS2jx1SgHnb9bYGVQ==','raghuramcs@yahoo.com','Raghuram','Chakravarthi',NULL,'2007-10-31 14:53:08'),(3690,'dlrubin','PeByyE+yC3y+OZGvpXNoJQ==','dlrubin@yahoo.com','Daniel','Rubin',NULL,'2007-10-31 14:53:08'),(3755,'IgorToujilov','50cd8nEzTwqYwr7rqoiW3A==','i.toujilov@medsch.ucl.ac.uk','Igor','Toujilov','+44 (0)20 7830 2297','2007-10-31 14:53:08'),(3761,'lmmurphy','EmoNt2YQolrQMy1cE+eXDw==','lmmurphy@stanford.edu','Lynn ','Murphy',NULL,'2007-10-31 14:53:08'),(3763,'LFAGAN','xDU7YMJN4p9PkZFY8NIyOg==','lfagan@stanford.edu','Larry','Fagan','650-725-3386','2007-10-31 14:53:08'),(3765,'lfagan','spuTd+yK0VZCcXX3DwVezA==','lfagan@stanford.edu','Lawrence','fagan','650-725-3386','2007-10-31 14:53:08'),(3803,'nwashing','yMI6Vhm+ZP8KCAijs0WUhg==','NLWashington@lbl.gov','Nicole','W',NULL,'2007-10-31 14:53:08'),(3830,'asidhu','TO+7Zo+eUzZ6Lus7p4hPWQ==','asidhu@mac.com','Amandeep','Sidhu','+61 448897900','2007-10-31 14:53:08'),(3956,'m029206','RXAiXHKO5nLOh6LslKkY0g==','bauer.scott@mayo.edu','Scott','Bauer',NULL,'2007-10-31 14:53:08'),(4080,'nicole4','5+fSFeHX07/5RJ9tZift9w==','NLWashington@lbl.gov','N','L',NULL,'2007-10-31 14:53:08'),(4082,'nicole5','5+fSFeHX07/5RJ9tZift9w==','NLWashington@lbl.gov','N','L',NULL,'2007-10-31 14:53:08'),(4096,'aditya','fAtrdPr39cABgwTmJmF/yw==','vembakam@stanford.edu','Aditya','Chakravarthi',NULL,'2007-10-31 14:53:08'),(4149,'mmabery','0p9a54geoUueZXIRmbJK+Q==','zvt9@cdc.gov','M','Mabery',NULL,'2007-10-31 14:53:08'),(4208,'bchruszc','zyFKSFy0NmqJ5MXzngp8aA==','bchruszc@uoguelph.ca','Bradley','Chruszcz',NULL,'2007-10-31 14:53:08'),(4245,'alanr','GfYEeW2LhC+VVWaPNJQd/g==','alanruttenberg@gmail.com','Alan','Ruttenberg','781-248-1480','2007-10-31 14:53:08'),(4247,'helenagfa','Gv8D6X5xgmBqYJDu+Vdmrg==','helen.chen@agfa.com','Helen','Chen','5197462900','2007-10-31 14:53:08'),(4269,'josd','DhMtLjjOKlyyzWJgKgNmYA==','jos.deroo@agfa.com','Jos','De Roo',NULL,'2007-10-31 14:53:08'),(4276,'whetzel','RNZYqy03392STm2UdH68Yw==','whetzel@pcbi.upenn.edu','Trish','Whetzel',NULL,'2007-10-31 14:53:08'),(4291,'tedslater','1riUv2IVDqd8RUDzeAgytg==','ted.slater@pfizer.com','Ted','Slater','+1-734-622-2958','2007-10-31 14:53:08'),(4384,'mhaendel','kWeU2tbcWgEHjtt+YoRo/w==','mhaendel@uoneuro.uoregon.edu','Melissa','Haendel',NULL,'2007-10-31 14:53:08'),(4466,'jaslam','T7bjDhrDrrRhN7brD9qHEw==','jaslam@kpmg.com','javaid','aslam','650-404-3751','2007-10-31 14:53:08'),(4470,'mitchellkj','SmALdmdernjnj9I689NROw==','mitchellkj@upmc.edu','Kevin','Mitchell','4126476601','2007-10-31 14:53:08'),(4511,'Isaac','Q98vxEGb3xemCGqZjNQV8w==','isaackunz@gmail.com','Isaac','Kunz','801-641-4498','2007-10-31 14:53:08'),(4875,'coulet','aT+htMqy5xBwxVTB5ql34g==','adrien.coulet@loria.fr','adrien','coulet','+33383592055','2007-10-31 14:53:08'),(4913,'clynch','gbvDHgxADLd/bsBKra+5qQ==','colynch@ucdavis.edu','Cecil','Lynch','916-412-5504','2007-10-31 14:53:08'),(4943,'chimezie','ZyyONjqCQvHTH86n5H2YXw==','chimezie@gmail.com','Chimezie','Ogbuji',NULL,'2007-10-31 14:53:08'),(4955,'Ustun','1sgm91t3itprhs38xW/FsQ==','ustunb@who.int','Bedirhan','Ustun','+41227913609','2007-10-31 14:53:08'),(5019,'ananya','Hx7fCKwLEMXlNs9fHo+gAw==','vembakam@stanford.edu','Ananya','Chakravarthi',NULL,'2007-10-31 14:53:08'),(5048,'seannos','z3UjoInBnT/tuN6P0s0sWQ==','seannos.style@gmail.com','Sean','Nos',NULL,'2007-10-31 14:53:08'),(5088,'terry','mOlGysjcvzEfpSAsH7apmg==','lynn.murphy@stanford.edu','Terry','Jue',NULL,'2007-10-31 14:53:08'),(5114,'stconnolly','rVbioktEXa/ZjrPhf0tVzQ==','steven.connolly@waycraftbio.com','Steve','Connolly','720-887-0252','2007-10-31 14:53:08'),(5135,'nigam','Ifj4d8jK7IKu3C0x+m9kfw==','drnigam@gmail.com','Nigam','Shah',NULL,'2007-10-31 14:53:08'),(5137,'nigam2','bvb0y9Y4V30sMxzWOIGWvw==','nigam@stanford.edu','Nigam','Shah',NULL,'2007-10-31 14:53:08'),(5244,'newnicole2','Hf7AIa65gJym5t79VtavVg==','notreal@somedomain.com','Wahoo!','Washington',NULL,'2007-10-31 14:53:08'),(5246,'rubin','Rg0CTNrJxjZ90DOQyuvrUw==','rubin@med.stanford.edu','Daniel','Rubin',NULL,'2007-10-31 14:53:08'),(5500,'nicolewashington','5+fSFeHX07/5RJ9tZift9w==','oops@doesnt.exist','Cherry','Pie',NULL,'2007-10-31 14:53:08'),(5902,'NLWashington','5+fSFeHX07/5RJ9tZift9w==','NLWashington@lbl.gov','N','L',NULL,'2007-10-31 14:53:08'),(5913,'easr','L2KYPt1FDb/pXoZ1DD07Pw==','erant@psb.ugent.be','Erick','Antezana','+32 (0) 9 3313824','2007-10-31 14:53:08'),(6152,'helenp','2p/7Vjw/lfIRZNUVE+pv1Q==','parkinson@ebi.ac.uk','Helen','Parkinson','+44 1223 494672','2007-10-31 14:53:08'),(6204,'rdi2007','sTwkOtJBGC16rFV3tJ87yQ==','raphael.isokpehi@jsums.edu','Raphael','Isokpehi','601-979-1678','2007-10-31 14:53:08'),(6413,'penwilcx','YIYZGCgeWMMd5KnNyv1AJQ==','charles.penwill@postgrad.manchester.ac.uk','Charles','Penwill',NULL,'2007-10-31 14:53:08'),(6926,'SvenVanPoucke','sUwsODIqccc4q7oLhQIYhA==','svanpoucke@zeelandnet.nl','Sven','Van Poucke',NULL,'2007-10-31 14:53:08'),(6943,'balajis','Jt/dnPSj7xldDx6cQjekbQ==','balajis@stanford.edu','Balaji','Srinivasan','6503800695','2007-10-31 14:53:08'),(6946,'bkirschn','e7FzvNlOTvSQzDH05SBoKg==','bkirschn@umich.edu','Beth','Kirschner',NULL,'2007-10-31 14:53:08'),(7031,'amarnathgupta','TUQzM7hT9q53VjmXoEQi4g==','gupta@sdsc.edu','Amarnath','Gupta','(858)822-0994','2007-10-31 14:53:08'),(7296,'admin','2pBf5nzmJVaELtv/Gxv7uw==','admin@bioontology.org','admin','admin',NULL,'2007-10-31 14:53:08'),(7435,'taltman','kyk/jAM/7RMi9PinERMqvg==','taltman@llnl.gov','Tomer','Altman',NULL,'2007-10-31 14:53:08'),(7772,'cs01js','xrjMYcELv2g04K8Ukep/xQ==','cs01js@csd.abdn.ac.uk','Jacques-Yves','Silvia',NULL,'2007-10-31 14:53:08'),(7824,'rwynne','WiMBZpoWwmz8lK14dofB2A==','wynner@mail.nih.gov','Rob','Wynne','301-402-3782','2007-10-31 14:53:08'),(8048,'rshankar','S2smHpuo0HbV06kfNnKb4A==','rshankar@stanford.edu','Ravi','Shankar','(650) 724-9933','2007-10-31 14:53:08'),(8123,'Xenbase','CRST0XDih5OxcQjFqhQsuw==','esegerde@ucalgary.ca','Erik','Segerdell',NULL,'2007-10-31 14:53:08'),(8373,'scynar','qcngpiEmsD5hIVh3AX182w==','scynar@ncmir.ucsd.edu','Skip','Cynar','858 822 0738','2007-10-31 14:53:08'),(8976,'rector@cs.man.ac.uk','WXxRpJ6Zt4utic7N10VMWw==','rector@cs.man.ac.uk','Alan','Rector','+44 161 275 6149','2007-10-31 14:53:08'),(10111,'amarch','O5tjYi3T9045O8DDO8d5ig==','amarch@infosalud.org.ar','Alan','March','+5411-47062321','2007-10-31 14:53:08'),(10307,'eduardom','tmo3znjszSZnHebPFrHDeA==','mendoza@lmu.de','Eduardo ','Mendoza',NULL,'2007-10-31 14:53:08'),(10678,'pavlidis','iZdZiJCK66g8VNOV57edsw==','paul@bioinformatics.ubc.ca','Paul','Pavlidis','604-827-4157','2007-10-31 14:53:08'),(10964,'mcummens','gPoT4eiWPgadCuBkyRYNuw==','mcummens@gmail.com','Mike','Cummens','262-352-8292','2007-10-31 14:53:08'),(11083,'dnatale','4aIzqdJKkX8zH9qKBdggtQ==','dan5@georgetown.edu','Darren','Natale','202-687-1790','2007-10-31 14:53:08'),(11275,'dobson_sp','XQT3W6HUZPfG6U1mwUgHug==','stephen.dobson@pfizer.com','stephen','dobson','8607153128','2007-10-31 14:53:08'),(11356,'mt','pFJNGImLMUwLI8l0LBKcVw==','mt@alum.mit.edu','Mike','Travers',NULL,'2007-10-31 14:53:08'),(11548,'nsklyar','cyS+MIzSmGgYj9BCM5Semw==','nsklyar@ebi.ac.uk','Nataliya','Sklyar',NULL,'2007-10-31 14:53:08'),(11586,'huzz','N18RnKDDVCdInRJHk3g9Rw==','zh9@georgetown.edu','Zhang-Zhi','Hu','202-687-1255','2007-10-31 14:53:08'),(11652,'gorlitsky','a2JQgz9wUDhOYTjd06iHYA==','robert.gorlitsky@gmail.com','Robert','Gorlitsky',NULL,'2007-10-31 14:53:08'),(11668,'dlmcshan','4epBXgbFkwjtF15356X6vA==','dlmcshan@umich.edu','Daniel','McShan','734-936-4290','2007-10-31 14:53:08'),(12379,'khazanov','1zRmT8fb3rL2d4DhxDwbIQ==','nkhazanov@rockefeller.edu','Nickolay','Khazanov','212-327-7633','2007-10-31 14:53:08'),(12384,'skiadeli','Rg0CTNrJxjZhvVAvZaVvEg==','maria_2sk@yahoo.gr','maria','skaideli',NULL,'2007-10-31 14:53:08'),(12544,'sajjad','Z7fMLF/BtqxhzFHdXt3+iQ==','sajjadhk@yahoo.com','sajjad','moravveji',NULL,'2007-10-31 14:53:08'),(12564,'mdorf','mdorf','mdorf@stanford.edu','Michael','Dorf',NULL,'2007-10-31 14:53:08'),(12885,'ewagubb','tER6vQLaWQ+JAV4UgJVSRg==','egubb@cicbiogune.es','Ewa','Gubb','0034944061300','2007-10-31 14:53:08'),(12889,'hlewen','qt/fFi3nCl/CfiMnbbgq3w==','holger@lewen.net','Holger','LEwen',NULL,'2007-10-31 14:53:08'),(13269,'alexskr','KJB7McbYborSWzfGu6nuwQ==','alexskr@stanford.edu','alex','skrenchuk',NULL,'2007-10-31 14:53:08'),(13303,'mhaendel@uoneuro.uoregon.edu','2pBf5nzmJVaELtv/Gxv7uw==','mhaendel@uoneuro.uoregon.edu','Caro','Administrators',NULL,'2007-10-31 14:53:08'),(13384,'satya30@uga.edu','2pBf5nzmJVaELtv/Gxv7uw==','satya30@uga.edu','ProPreO','Administrators',NULL,'2007-10-31 14:53:08'),(13408,'dsonensh@odu.edu','2pBf5nzmJVaELtv/Gxv7uw==','dsonensh@odu.edu','Http://www','Administrators',NULL,'2007-10-31 14:53:08'),(13416,'obo-unit@lists.sourceforge.net','2pBf5nzmJVaELtv/Gxv7uw==','obo-unit@lists.sourceforge.net','Unit','Administrators',NULL,'2007-10-31 14:53:08'),(13424,'garys@caltech.edu','2pBf5nzmJVaELtv/Gxv7uw==','garys@caltech.edu','Http://tazendra','Administrators',NULL,'2007-10-31 14:53:08'),(13433,'esegerde@ucalgary.ca','2pBf5nzmJVaELtv/Gxv7uw==','esegerde@ucalgary.ca','Xenopus_anatomy','Administrators',NULL,'2007-10-31 14:53:08'),(14091,'machi','vhU3nEmavS7Ep0yWyCIHug==','machihk@naver.com','hokyung ','Lee','82-31-277-0476','2007-10-31 14:53:08'),(14229,'hqyone','X8S0/FZGSEnZZuhoyJoJJg==','hqyone@163.com','QuanYuan','He',NULL,'2007-10-31 14:53:08'),(14233,'jonquet','jtXeDf18LIxdCUxx69Fsuw==','jonquet@lirmm.fr','Clement','Jonquet',NULL,'2007-10-31 14:53:08'),(14309,'beisswanger','dqsV1HFckA0K/ztXb2H3ig==','elena.beisswanger@uni-jena.de','Elena','Beisswanger',NULL,'2007-10-31 14:53:08'),(14311,'jrlpartners','1vK1nIW+Rl0rHhjLpBTU1w==','jrlpartners@comcast.net','Jeffrey','Lapides','410-303-3363','2007-10-31 14:53:08'),(14336,'primoto','DIu/ZFrm9mCh8xHtvAMbAg==','primoto@gmail.com','primoto','primoto',NULL,'2007-10-31 14:53:08'),(15079,'jammigum','RaEQZnYOPeUQlWoJPJ3bFQ==','jammigum@scs.fsu.edu','Neelima','Jammigumpula','850-644-6217','2007-10-31 14:53:08'),(15151,'wei-nchih.lee','l1pV63CR8EGl63h1jWxCPg==','wei-nchih.lee@stanford.edu','Wei-Nchih','Lee','650 498-8062','2007-10-31 14:53:08'),(15195,'pmabee','wbuivZjunQBS4E99br1hkA==','pmabee@usd.edu','Paula','Mabee',NULL,'2007-10-31 14:53:08'),(15418,'albert','Fh+ysZV4kvuHsmHQJcRbGQ==','avsmith@gmail.com','Albert Vernon','Smith',NULL,'2007-10-31 14:53:08'),(15472,'morrison@cs.man.ac.uk','2pBf5nzmJVaELtv/Gxv7uw==','morrison@cs.man.ac.uk','Envo','Administrators',NULL,'2007-10-31 14:53:08'),(15480,'rhee@acoma.stanford.edu','2pBf5nzmJVaELtv/Gxv7uw==','rhee@acoma.stanford.edu','Evidence_code','Administrators',NULL,'2007-10-31 14:53:08');

/*Data for the table `ncbo_user_role` */

insert  into `ncbo_user_role`(`id`,`user_id`,`role_id`) values (2851,2850,2822),(3506,2850,2824),(2853,2852,2822),(2860,2859,2822),(2867,2866,2822),(2873,2872,2822),(2881,2880,2822),(2889,2888,2822),(2898,2897,2822),(2907,2906,2822),(2915,2914,2822),(2924,2923,2822),(2926,2925,2822),(2934,2933,2822),(2943,2942,2822),(2951,2950,2822),(2960,2959,2822),(2969,2968,2822),(2990,2989,2822),(3019,3018,2822),(3025,3024,2822),(3035,3034,2822),(3056,3055,2822),(3065,3064,2822),(3073,3072,2822),(3082,3081,2822),(3092,3091,2822),(3101,3100,2822),(3109,3108,2822),(3124,3123,2822),(3133,3132,2822),(3142,3141,2822),(3144,3143,2822),(3152,3151,2822),(3154,3153,2822),(3163,3162,2822),(3170,3169,2822),(3179,3178,2822),(3195,3194,2822),(3197,3196,2822),(3204,3203,2822),(3214,3213,2822),(3221,3220,2822),(3230,3229,2822),(3246,3245,2822),(3253,3252,2822),(3262,3261,2822),(3277,3276,2822),(3284,3283,2822),(3293,3292,2822),(3302,3301,2822),(3519,3518,2822),(3575,3574,2822),(3691,3690,2822),(3756,3755,2822),(3762,3761,2822),(3764,3763,2822),(3766,3765,2822),(3804,3803,2822),(3831,3830,2822),(3957,3956,2822),(4081,4080,2822),(4083,4082,2822),(4097,4096,2822),(4150,4149,2822),(4209,4208,2822),(4246,4245,2822),(4248,4247,2822),(4270,4269,2822),(4277,4276,2822),(4292,4291,2822),(4385,4384,2822),(4467,4466,2822),(4471,4470,2822),(4512,4511,2822),(4876,4875,2822),(4914,4913,2822),(4944,4943,2822),(4956,4955,2822),(5020,5019,2822),(5049,5048,2822),(5089,5088,2822),(5115,5114,2822),(5136,5135,2822),(5138,5137,2822),(5245,5244,2822),(5247,5246,2822),(5248,5246,2824),(5501,5500,2822),(5903,5902,2822),(5914,5913,2822),(6153,6152,2822),(6205,6204,2822),(6414,6413,2822),(6927,6926,2822),(6944,6943,2822),(6947,6946,2822),(7032,7031,2822),(7297,7296,2822),(7298,7296,2824),(7436,7435,2822),(7773,7772,2822),(7825,7824,2822),(8049,8048,2822),(8124,8123,2822),(8374,8373,2822),(8977,8976,2822),(10112,10111,2822),(10308,10307,2822),(10679,10678,2822),(10965,10964,2822),(11084,11083,2822),(11276,11275,2822),(11357,11356,2822),(11549,11548,2822),(11587,11586,2822),(11653,11652,2822),(11669,11668,2822),(12380,12379,2822),(12385,12384,2822),(12545,12544,2822),(12565,12564,2822),(12886,12885,2822),(12890,12889,2822),(13270,13269,2822),(13917,13269,2823),(13916,13269,2824),(13304,13303,2822),(13385,13384,2822),(13409,13408,2822),(13417,13416,2822),(13425,13424,2822),(13434,13433,2822),(14092,14091,2822),(14230,14229,2822),(14234,14233,2822),(14310,14309,2822),(14312,14311,2822),(14337,14336,2822),(15080,15079,2822),(15152,15151,2822),(15196,15195,2822),(15419,15418,2822),(15473,15472,2822),(15481,15480,2822);

/*!40101 SET SQL_MODE=@OLD_SQL_MODE */;
/*!40014 SET FOREIGN_KEY_CHECKS=@OLD_FOREIGN_KEY_CHECKS */;
